,Name,W,W,SO,SO,SVHLD,SVHLD,WHIP,WHIP,ERA,ERA,ER,ER,BB,BB,H,H,IP,IP,W_sharpe,W,W,SO_sharpe,SO,SO,WHIP_sharpe,WHIP,WHIP,ERA_sharpe,ERA,ERA,SVHLD_sharpe,SVHLD,SVHLD,Total_sharpe
,,mean,std,mean,std,mean,std,mean,std,mean,std,mean,std,mean,std,mean,std,mean,std,,low,high,,low,high,,low,high,,low,high,,low,high,
1,Edwin Diaz,4.75,1.3887301496588271,89.875,3.1367635732209274,38.875,0.35355339059327484,1.08,0.023904572186687893,3.1225,0.3012711166280061,22.25,2.314550249431379,23.25,1.2817398889233114,46.75,2.7124053637210737,64.65,2.6527613645299586,0.2520288049380883,4.75,4.75,7.252698352601559,89.875,89.875,7.757033674580211,1.0082862834399364,1.1517137165600637,2.637436147967823,2.218686650115982,4.026313349884019,77.42819253992671,38.875,38.875,405.0401596797213
2,Carlos Estevez,3.5,0.5345224838248488,53.875,3.1367635732209274,30.875,0.35355339059327334,1.29125,0.036030740843261785,4.35125,0.22093551095285696,29.625,2.065879266282796,22.25,0.8864052604279182,57.125,3.5632048174962643,61.4125,1.7836058981736977,-1.683745824048261,3.5,3.5,-4.224099040526183,53.875,53.875,-0.7166499485468498,1.1831577774702147,1.3993422225297854,-1.965128488372832,3.6884434671414295,5.014056532858572,54.8007755419575,30.875,30.875,265.41425440829335
3,Pete Fairbanks,3.625,1.407885953173359,62.25,3.327375628243462,29.875,0.35355339059327334,1.2037499999999999,0.023867192066576573,3.49625,0.2240495799721889,23.25,1.7525491637693278,21.375,1.0606601717798214,51.125,2.748376143938713,60.1,2.416609194718913,-0.5504707240335427,3.625,3.625,-1.4651186234039757,62.25,62.25,2.584240796174171,1.1321484238002701,1.2753515761997296,1.8783044957529984,2.824101260083433,4.168398739916567,51.97234841721131,29.875,29.875,262.3086980305463
4,David Bednar,4.375,1.1877349391654208,76.75,3.5757117173668065,34.625,0.5175491695067661,1.115,0.015118578920369025,3.26625,0.12105931249952288,22.875,0.6408699444616557,21.25,1.7525491637693285,49.25,1.669045920792561,63.2,1.9420166249104454,-0.021048467276343543,4.375,4.375,2.691771809581997,76.75,76.75,9.94991475196796,1.069644263238893,1.160355736761107,5.376152564354753,2.9030720625014315,3.6294279374985683,44.681744967417394,34.625,34.625,241.40551549571535
5,Devin Williams,4.625,1.407885953173359,83.25,2.866057521105553,34.625,0.5175491695067661,1.1175,0.04200340122282613,3.0525,0.1454795027290295,21.25,1.164964745021435,26.5,1.1952286093343938,43.75,3.1959796173138706,62.875,2.03100960115899,0.1598140811710347,4.625,4.625,5.626195525126775,83.25,83.25,3.5218236409908164,0.9914897963315216,1.2435102036684782,5.942990710819986,2.616061491812912,3.4889385081870885,44.681744967417394,34.625,34.625,238.65954879519558
6,Jeff Hoffman,4.25,1.2817398889233114,73.75,2.5495097567963936,30.25,0.4629100498862753,1.15875,0.024164614034339005,3.555,0.27469463565410773,24.625,1.5979898086569355,22.75,0.7071067811865478,49.25,1.3887301496588276,62.0125,1.0561892417013699,-0.11702842464081883,4.25,4.25,2.598538790580937,73.75,73.75,4.4146606801572155,1.086256157896983,1.231243842103017,1.3181303394263009,2.730916093037677,4.3790839069623235,40.50462936504916,30.25,30.25,210.73744821076946
7,Emilio Pagan,3.125,0.3535533905932738,69.75,4.621378891320519,30.625,0.5175491695067657,1.1837499999999999,0.03159452936370926,4.08,0.1652703413026236,29.0,1.6903085094570331,21.875,1.8077215335491092,54.375,3.3779748793788094,64.1,3.31403939971406,-3.606244584051373,3.125,3.125,0.5680122884817023,69.75,69.75,2.5852124742326748,1.088966411908872,1.2785335880911277,-0.9857586387405892,3.584188976092129,4.575811023907871,36.95301070278307,30.625,30.625,183.32627505383775
8,Dennis Santana,3.875,0.8345229603962802,61.375,2.065879266282796,29.625,0.5175491695067657,1.2525,0.06341473465550874,3.85875,0.3396820992802369,28.375,2.386719206657661,23.0,1.8516401995451037,59.625,3.292307050426146,66.075,2.058952576988044,-0.6291019239910339,3.875,3.875,-2.783318509385189,61.375,61.375,0.20387330324417807,1.0622557960334738,1.4427442039665261,0.1717291946114837,2.8397037021592895,4.87779629784071,35.020827136624476,29.625,29.625,172.06731774760178
9,Raisel Iglesias,3.875,1.4577379737113252,67.125,4.120939559996344,30.0,0.0,1.14375,0.03814914340921879,3.66375,0.16517847490344661,25.75,1.7525491637693285,16.75,2.052872551885702,55.875,3.5228843701879136,63.4125,3.230850175595094,-0.3601470287992639,3.875,3.875,0.0,67.125,67.125,3.1895492416002122,1.0293025697723437,1.2581974302276564,1.53369458993623,3.16821457528966,4.1592854247103395,30.0,30.0,30.0,154.36309680273718
10,Mason Miller,3.5,0.7559289460184544,102.25,4.862392121462145,34.75,1.0350983390135313,0.96625,0.037392703642746744,2.38,0.15748015748023603,17.125,1.2464234547582247,24.5,1.195228609334394,38.375,2.1339098923270954,64.675,1.7235760168075809,-1.1905880899790569,3.5,3.5,7.223810651749275,102.25,102.25,8.000987954413526,0.8540718890717598,1.0784281109282403,9.760488927160486,1.9075595275592918,2.852440472440708,22.46163395659363,34.75,34.75,136.10286922631238
11,Cade Smith,5.25,1.9820624179302295,89.5,1.8516401995451053,33.75,1.0350983390135313,1.065,0.027255405754769944,2.8737500000000002,0.17328238720160136,22.0,1.3093073414159542,21.5,0.7559289460184547,52.25,1.5811388300841889,69.1875,0.9402697181432363,0.4288462322430895,5.25,5.25,12.083881093906307,89.5,89.5,7.353718129604245,0.9832337827356901,1.1467662172643098,6.021000461630824,2.353902838395196,3.3935971616048044,21.495542173514334,33.75,33.75,133.36515678495616
12,Daniel Palencia,4.125,1.246423454758225,73.75,4.891683905218266,34.25,1.0350983390135313,1.225,0.021380899352993976,3.56,0.18516401995451043,25.375,1.6850180160122068,26.875,1.356202681860537,52.125,3.440826312717008,64.3,3.4912134607570793,-0.2206312781985769,4.125,4.125,1.3543393498775946,73.75,73.75,1.8908732865304028,1.1608573019410182,1.289142698058982,1.9284704092137257,3.0045079401364685,4.115492059863532,21.97858806505398,34.25,34.25,114.84599209269305
13,Aroldis Chapman,4.25,1.164964745021435,81.375,7.0089228844380935,32.25,1.0350983390135309,1.17,0.028284271247461933,2.99,0.18845234335047617,19.375,1.5979898086569357,26.875,2.5319388392523003,41.125,3.758324094593226,57.95,4.652188425123936,-0.128759261291837,4.25,4.25,2.0331226687683017,81.375,81.375,3.3739094988043874,1.085147186257614,1.2548528137423858,4.9194577093115806,2.4246429699485716,3.555357030051429,20.0464044988954,32.25,32.25,110.42975311006944
14,Shawn Armstrong,3.0,0.7559289460184545,65.5,3.545621041711674,19.0,0.0,1.22375,0.019955307206712927,3.7975,0.20686434478386354,27.875,2.232071427428536,21.0,1.7728105208558367,59.5,3.4226138716316967,65.7,3.405877273185281,-1.8520259177452043,3.0,3.0,-0.458311810789435,65.5,65.5,2.0885958305142545,1.1638840783798612,1.2836159216201386,0.5780760984125936,3.176906965648409,4.418093034351591,19.0,19.0,19.0,95.3563342003922
15,Grant Taylor,4.375,1.407885953173359,96.0,16.886173549471092,20.375,0.5175491695067657,1.19375,0.053435541944076244,3.27375,0.2848025631907128,30.125,4.764076885549663,30.375,5.604526232048012,68.25,10.687108388815272,82.55,12.43991272362586,-0.01775712013010964,4.375,4.375,1.7099788720875975,96.0,96.0,1.3414025351064607,1.0334433741677713,1.3540566258322289,2.258874801286591,2.4193423104278615,4.128157689572139,17.148129149657503,20.375,20.375,91.03314483663806
16,Graham Ashcraft,3.875,1.3562026818605375,58.375,6.162965427222749,18.0,0.0,1.275,0.04566962103755939,3.8200000000000003,0.3650440286556443,27.125,2.850438562747845,21.5,1.4142135623730951,59.75,3.770183777256185,63.6625,2.148712238926905,-0.38711028006504167,3.875,3.875,-1.4197710669201433,58.375,58.375,-0.20957976777509615,1.1379911368873217,1.4120088631126781,0.26594965459608777,2.7248679140330676,4.915132085966933,18.0,18.0,18.0,88.2494885398358
17,Hogan Harris,3.0,0.7559289460184545,66.5,10.056980518170311,21.375,0.5175491695067657,1.3912499999999999,0.02295181287579942,4.33,0.2667797379326781,32.375,4.172614801981401,32.375,5.23552426082759,62.0,8.228869042236955,67.825,9.947540973957905,-1.8520259177452043,3.0,3.0,-0.0621458895014055,66.5,66.5,-5.48198215331807,1.3223945613726016,1.4601054386273982,-1.547781214069812,3.5296607862019655,5.130339213798035,19.080312715816095,21.375,21.375,86.45762840444597
18,Clayton Beeter,2.875,0.6408699444616557,74.5,3.6645015252516204,24.25,0.7071067811865475,1.34125,0.011259916264596036,3.88375,0.16526493881038423,27.375,1.767766952966368,33.5,1.6903085094570331,51.875,2.474873734152917,63.75,2.121320343559643,-2.379577967696746,2.875,2.875,2.0125520344799424,74.5,74.5,-6.733747106968266,1.307470251206212,1.3750297487937881,0.20169634027201633,3.3879551835688475,4.379544816431153,18.031222920256962,24.25,24.25,83.25703790137176
19,Kody Funderburk,3.5,0.5345224838248489,60.125,3.681517544243329,17.875,0.35355339059327334,1.34375,0.01597989808656938,3.82625,0.08140507179706762,26.875,0.8345229603962802,26.0,1.1952286093343947,59.0,2.5071326821120374,63.1,2.416609194718912,-1.6837458240482606,3.5,3.5,-1.9013898252218506,60.125,60.125,-4.90124706347503,1.2958103057402919,1.3916896942597081,1.1158190924487992,3.582034784608797,4.070465215391203,18.031222920256983,17.875,17.875,82.78555098098857
20,Robert Garcia,4.375,1.5059406173077154,67.625,3.461523198989552,25.5,0.9258200997725518,1.21125,0.03270539492412321,3.63625,0.1909328603013562,25.0,1.1952286093343931,21.5,1.4142135623730951,53.75,2.3145502494313788,62.175,2.1841964851437425,-0.01660092019078923,4.375,4.375,0.14444508132892311,67.625,67.625,1.6565637429013278,1.1131338152276302,1.3093661847723697,1.4708486160532237,3.0634514190959314,4.209048580904069,15.121728296285003,25.5,25.5,78.8638980015177
21,Riley O'Brien,2.875,0.6408699444616559,64.125,2.7483761439387138,24.5,0.7559289460184548,1.3375000000000001,0.012817398889233117,3.79125,0.18535198176134263,26.125,1.4577379737113259,28.75,1.48804761828569,53.875,2.5877458475338293,61.6875,2.6589135805007693,-2.3795779676967452,2.875,2.875,-1.0915536458196302,64.125,64.125,-5.622937164885308,1.2990478033323007,1.3759521966676995,0.6788885240803911,3.235194054715972,4.3473059452840275,17.19738352191983,24.5,24.5,77.57173735527785
22,Ryan Helsley,4.0,1.0690449676496976,71.25,4.62137889132052,29.875,1.3562026818605364,1.19125,0.02100170061141302,3.43,0.20283702113484403,24.0,1.7728105208558367,22.875,1.8850918886280927,51.875,2.295181287579947,62.575,2.052002506264133,-0.3741657386773878,4.0,4.0,0.8925907390426748,71.25,71.25,3.5320268963486012,1.128244898165761,1.254255101834239,2.4013532175150853,2.8214889365954683,4.038511063404532,13.548859802276644,29.875,29.875,74.19610412561218
23,Juan Mejia,2.875,0.6408699444616559,68.0,1.9999999999999998,17.0,0.0,1.4224999999999999,0.039910614413425645,4.5625,0.12139075041251807,33.0,0.7559289460184543,30.5,0.7559289460184546,62.25,2.5495097567963922,65.05,1.0155927192672205,-2.3795779676967452,2.875,2.875,0.43750000000000006,68.0,68.0,-3.9355803181669535,1.302768156759723,1.5422318432402768,-5.316852103421136,4.198327748762446,4.926672251237554,17.0,17.0,17.0,73.80548961071516
24,Seranthony Dominguez,3.25,0.8864052604279183,67.75,3.8821937833431983,26.75,1.0350983390135313,1.28875,0.024748737341529152,3.89125,0.1722487818741917,26.25,1.2817398889233114,28.25,1.4880476182856899,50.0,2.672612419124244,60.675,2.672478785162354,-1.2973749720808547,3.25,3.25,0.1609914483613885,67.75,67.75,-0.9423280165608453,1.2145037879754126,1.3629962120245875,0.14997687096679563,3.374503654377425,4.407996345622575,14.732899691959263,26.75,26.75,71.73576379048279
25,Mason Montgomery,3.125,0.6408699444616557,68.625,8.8952234373286,14.0,0.0,1.28375,0.045650066499716896,3.7375,0.2795787647770941,26.0,4.0708019567928595,25.625,3.0676887530703443,54.5,8.280786712108252,62.425,7.962366841227909,-1.9894832188939993,3.125,3.125,0.16862982819580277,68.625,68.625,-0.4013450576581745,1.1467998005008493,1.4207001994991506,0.6423353843648096,2.8987637056687174,4.576236294331282,14.0,14.0,14.0,68.42013693600845
26,Zach Eflin,9.5,0.5773502691896257,120.75,0.9574271077563381,1.0,0.0,1.24,0.02449489742783177,4.315,0.15588457268119899,74.5,3.415650255319867,30.0,2.7080128015453204,162.25,4.645786621588786,155.25,2.217355782608345,8.833459118601287,9.5,9.5,56.00948580374578,120.75,120.75,1.0381170814652583,1.1665153077165047,1.3134846922834953,-2.5526366068337647,3.8473462819564035,4.782653718043598,1.0,1.0,1.0,68.32842539697857
27,Jhoan Duran,5.875,2.6423744732991303,79.75,6.341473465550866,33.375,1.9226098333849688,1.10375,0.0324862608321909,2.775,0.36327872022928714,21.0,2.5071326821120357,20.875,1.6420805617960923,54.0,2.138089935299396,67.7,2.472708174105003,0.5582100549731692,5.875,5.875,1.9908622291938112,79.75,79.75,4.976829197540732,1.0062912175034273,1.2012087824965727,3.1438211756870746,1.6851638393121384,3.8648361606878616,11.377763506746778,33.375,33.375,67.55854019112867
28,Kenley Jansen,3.375,1.0606601717798212,56.625,5.44944295973713,26.375,1.060660171779821,1.2137499999999999,0.03420004177106892,4.03625,0.09164177151121777,25.5,1.927248223318863,20.5,1.9272482233188626,48.875,4.120939559996343,56.9,4.390899680020029,-0.9663792676216086,3.375,3.375,-1.9268024415667062,56.625,56.625,1.5110674944347144,1.1111498746867932,1.3163501253132066,-1.3003531544791185,3.7613246854663465,4.311175314533653,14.024284493533196,26.375,26.375,67.43895509843327
29,Cole Winn,3.125,0.3535533905932738,56.375,3.0676887530703447,16.0,0.0,1.3912499999999999,0.034820970692960154,4.42875,0.22459089792013295,31.75,3.2403703492039306,30.875,3.3567628964311944,59.25,4.590362575159895,64.4375,3.944956092458896,-3.606244584051373,3.125,3.125,-3.5042668488583444,56.375,56.375,-3.613380846871852,1.2867870879211194,1.4957129120788804,-2.278216398816933,3.754977306239601,5.102522693760399,16.0,16.0,16.0,66.9978913214015
30,Keegan Akin,3.625,0.5175491695067657,65.375,2.6692695630078296,18.625,0.5175491695067657,1.25625,0.024458419526091364,4.0225,0.1067373277858182,29.25,0.7071067811865474,22.625,1.9955307206712847,59.25,1.3887301496588274,64.975,1.1436158196077642,-1.4974422637728957,3.625,3.625,-0.6556100681071854,65.375,65.375,0.37527246675853726,1.182874741421726,1.3296252585782742,-0.9876269984779688,3.7022880166425454,4.342711983357455,13.766807908879967,18.625,18.625,66.06863268080032
31,Jose A. Ferrer,3.875,0.6408699444616557,65.75,5.970163912561961,19.25,0.7071067811865475,1.16625,0.026152028055746825,3.25,0.2544461773005386,24.5,2.0,20.125,2.356601669474803,59.625,2.3867192066576597,67.85,3.0232432915661906,-0.8191989724857582,3.875,3.875,-0.23031193450264076,65.75,65.75,3.792385478371242,1.0877939158327594,1.2447060841672406,2.6217070360833485,2.4866614680983843,4.013338531901615,10.960155108391488,19.25,19.25,60.16535714942364
32,Angel Zerpa,3.375,0.5175491695067655,56.5,4.1747540560578456,12.0,0.0,1.22625,0.03020761493398647,3.5775,0.16289786458303954,24.125,1.807721533549109,19.625,1.5059406173077154,54.625,2.973093626895345,60.225,2.955745011232967,-1.980488155312544,3.375,3.375,-2.5450601058959195,56.5,56.5,1.296976656852569,1.1356271551980406,1.3168728448019595,2.0846395635851054,3.0888064062508818,4.0661935937491185,12.0,12.0,12.0,58.856067959229215
33,Edwin Uceta,4.0,1.0690449676496976,71.375,6.88554386273984,21.0,0.9258200997725514,1.1875,0.028157719063467177,3.71875,0.23338732368563386,24.625,2.6152028055746874,22.375,2.4458419526091335,47.75,4.026696625558687,59.275,4.837871432768755,-0.3741657386773878,4.0,4.0,0.6172351937220649,71.375,71.375,2.7675740088506977,1.1030268428095984,1.2719731571904016,0.8498033663579889,3.0185880289430984,4.418911971056902,10.261172772479112,21.0,21.0,55.16631069264892
34,Ryan Walker,4.25,1.9820624179302297,66.0,3.5456210417116734,32.5,2.0701966780270626,1.21,0.056061191058138955,3.43875,0.29921027006820095,23.75,1.4880476182856885,20.25,1.035098339013531,55.5,1.6035674514745466,62.4,1.228239157725982,-0.07567874686642355,4.25,4.25,-0.3172927920849935,66.0,66.0,0.9887155513889941,1.0418164268255832,1.3781835731744168,1.5986527909764041,2.5411191897953973,4.336380810204603,10.143963722332607,32.5,32.5,52.91421541507702
35,Tyler Holton,4.0,0.7559289460184544,59.25,3.654742515847437,15.125,0.35355339059327373,1.14625,0.05680480361981468,3.635,0.13669569958749356,28.75,1.908627030841056,18.125,1.6420805617960923,63.625,4.138236339311713,70.85,3.496528891016668,-0.5291502622129093,4.0,4.0,-2.1547345581400004,59.25,59.25,2.0980368531192255,0.9758355891405559,1.316664410859444,2.063586010273739,3.224912901237519,4.0450870987624805,10.25304832720494,15.125,15.125,52.74297967906475
36,Hoby Milner,3.125,0.3535533905932738,49.5,1.6903085094570327,13.0,0.0,1.2575,0.03240370349203932,3.9225,0.10687108388815253,25.875,0.8345229603962806,17.125,1.6420805617960927,57.875,1.8077215335491084,59.5375,1.4302222604496542,-3.606244584051373,3.125,3.125,-10.427090617713077,49.5,49.5,0.2446810263684623,1.160288889523882,1.354711110476118,-0.050684118375139864,3.6018867483355423,4.243113251664457,13.0,13.0,13.0,51.16066170622887
37,Andres Munoz,4.125,0.8345229603962804,80.0,2.9760952365713798,33.125,2.9489707647632857,1.105,0.03505098327538651,2.88125,0.1914185764981327,20.25,1.3887301496588271,24.875,1.2464234547582247,45.0,2.1380899352993947,63.05,1.015592719267212,-0.32952957923339476,4.125,4.125,4.32613843864509,80.0,80.0,4.577006304448745,0.9998470501738405,1.2101529498261596,5.41135219101077,2.306994270505602,3.4555057294943983,7.333066932501734,33.125,33.125,50.65030201737988
38,Dylan Lee,3.0,0.5345224838248488,72.0,1.7728105208558365,17.5,0.7559289460184548,1.14875,0.03642506985972314,3.56,0.11451762185046332,25.375,1.0606601717798219,18.25,1.5811388300841895,55.375,2.1339098923270936,64.1375,1.3233480267866045,-2.619160170741746,3.0,3.0,2.749870864736611,72.0,72.0,3.2032490775697444,1.0394747904208306,1.2580252095791693,3.118151840418161,3.21644713444861,3.90355286555139,7.937253933193768,17.5,17.5,46.13838127795161
39,Danny Coulombe,2.5,0.5345224838248488,48.0,5.656854249492381,10.0,0.0,1.27625,0.028252686345094487,3.8274999999999997,0.35386639932526576,21.375,2.924648941081891,18.625,2.1998376563477846,46.125,5.617256574927962,50.5,5.477225575051661,-3.5545745174352317,2.5,2.5,-3.38085429754818,48.0,48.0,-0.3830229960878556,1.1914919409647167,1.3610080590352835,0.25315580542302535,2.7659008020242024,4.889099197975797,10.0,10.0,10.0,42.93470399435176
40,Erik Miller,3.375,1.0606601717798212,63.25,6.7347711807560975,17.125,0.6408699444616557,1.36625,0.025035688811888376,3.55875,0.13206464867091203,23.375,1.5059406173077161,31.5,1.927248223318863,49.5,3.2071349029490928,59.0625,4.067971590011766,-0.9663792676216086,3.375,3.375,-0.5753721835527844,63.25,63.25,-4.027108234527688,1.2911429335643347,1.4413570664356652,2.7133175830138585,3.162556053987264,3.954943946012736,8.777131848061808,17.125,17.125,41.03011713762081
41,Josh Hader,4.125,1.8077215335491092,77.125,8.871100753087443,29.625,3.2923070504261474,1.06875,0.03399054490379855,3.19125,0.12944248584934223,19.5,2.070196678027062,21.0,2.6726124191242446,38.375,5.0124844139408555,55.3125,6.39965121817476,-0.15212520009101418,4.125,4.125,1.1272558252164662,77.125,77.125,5.786272976359141,0.9667783652886044,1.1707216347113958,5.607380981373678,2.8029225424519737,3.5795774575480266,5.505258082673045,29.625,29.625,39.8950749962235
42,Landen Roupp,7.75,0.5,120.0,1.632993161855452,1.0,0.0,1.3450000000000002,0.02081665999466135,3.97,0.12110601416389967,56.25,3.304037933599835,50.5,1.2909944487358056,121.0,5.354126134736337,127.5,3.415650255319867,6.7000000000000135,7.75,7.75,32.379192537415136,120.0,120.0,-3.822487785832864,1.282550020016016,1.4074499799839844,-0.43694499428452666,3.606681957508301,4.333318042491699,1.0,1.0,1.0,39.81975975729777
43,Joel Payamps,2.625,0.5175491695067657,49.5,2.507132682112035,10.0,0.0,1.2625,0.024348657927227634,4.04875,0.2194432891269567,24.0,1.0690449676496974,16.5,1.3093073414159544,50.75,1.9820624179302289,53.2125,1.9334923990393245,-3.4296258299314872,2.625,2.625,-7.029943060353915,49.5,49.5,0.12027650301402316,1.189454026218317,1.3355459737816828,-0.6000031588593825,3.3904201326191297,4.7070798673808705,10.0,10.0,10.0,39.06070445386924
44,Taylor Rogers,3.375,0.5175491695067657,60.375,5.9985117201805025,24.25,1.3887301496588271,1.3487500000000001,0.03181980515339466,4.2,0.23646201748755705,26.875,2.3566016694748027,24.75,2.604940361258638,53.125,4.764076885549662,57.55,5.388082086552559,-1.9804881553125435,3.375,3.375,-1.125279121701355,60.375,60.375,-2.6185398738225616,1.2532905845398161,1.444209415460184,-1.1964571294480915,3.4906139475373292,4.909386052462671,9.18104932274447,24.25,24.25,38.984482333437796
45,Abner Uribe,3.625,0.7440238091428449,81.875,5.962681563572837,26.625,2.6152028055746874,1.20125,0.030443155458751564,3.04625,0.13351698661326095,23.375,1.1877349391654208,32.0,1.6035674514745477,51.25,3.19597961731387,69.2875,2.9657268441793057,-1.0416333327999738,3.625,3.625,2.4737192222557334,81.875,81.875,2.108144522519333,1.1099205336237452,1.2925794663762546,6.52226623310297,2.6456990401602174,3.446800959839783,5.783490277602505,26.625,26.625,38.97994803309059
46,Jose Butto,3.0,0.7559289460184544,57.5,1.6903085094570343,14.875,0.35355339059327373,1.3375,0.05203021100421233,4.005,0.28620671849955914,28.25,1.6690459207925608,26.75,1.7525491637693282,58.375,1.9226098333849673,63.475,2.359025222417086,-1.8520259177452045,3.0,3.0,-5.694226791233377,57.5,57.5,-1.3851842454683392,1.1814093669873629,1.493590633012637,-0.3071789059584989,3.1463798445013227,4.863620155498677,9.545941546018392,14.875,14.875,38.49109186968654
47,Alex Vesia,3.875,0.8345229603962802,76.0,1.195228609334396,19.875,1.7268882005337967,1.1512499999999999,0.04323936698360474,3.505,0.10295630140986999,23.75,0.7071067811865475,24.625,1.1877349391654208,45.875,1.642080561796093,60.6,0.42761798705987647,-0.6291019239910339,3.875,3.875,7.425357735489905,76.0,76.0,2.6406161651687747,1.0215318990491857,1.280968100950814,4.002507157797227,3.19613109577039,3.8138689042296097,4.849763868564978,19.875,19.875,37.68819847728976
48,Dustin May,9.25,0.5,144.75,2.9860788111948193,1.0,0.0,1.3,0.052281290471193724,4.19,0.10614455552060445,75.75,1.7078251276599319,59.75,2.4999999999999996,152.0,4.546060565661952,162.775,1.212091855705116,9.700000000000014,9.25,9.25,25.99563002456051,144.75,144.75,-0.6612581338342607,1.143156128586419,1.4568438714135812,-2.5711791370560633,3.871566333438187,4.508433666561814,1.0,1.0,1.0,37.4631927536702
49,Carlos Vargas,2.875,0.6408699444616557,43.5,3.664501525251616,10.0,0.0,1.3362500000000002,0.023260942125619688,4.0675,0.20176011215585427,25.375,2.559994419636775,20.125,1.8077215335491092,54.875,4.356850107261306,56.0875,3.8963123591416475,-2.379577967696746,2.875,2.875,-6.446988720622196,43.5,43.5,-3.0446500485217065,1.2664671736231412,1.4060328263768591,-0.7455223188539557,3.462219663532437,4.672780336467563,10.0,10.0,10.0,37.38326094430539
50,Aaron Ashby,4.125,0.8345229603962804,78.875,3.7583240945932292,13.875,0.35355339059327373,1.35375,0.05012484413940854,3.6262499999999998,0.23969847129854033,30.375,3.0676887530703447,37.25,3.807886552931954,65.5,4.566962103755937,75.4625,3.364069601793974,-0.32952957923339476,4.125,4.125,3.126393494617373,78.875,78.875,-1.7620289915672664,1.2033754675817745,1.5041245324182255,1.2133299464021428,2.9071545861043786,4.345345413895621,6.717514421272202,13.875,13.875,35.83573697657987
51,Kris Bubic,9.75,0.957427107756338,140.25,2.8722813232690165,1.0,0.0,1.2875,0.0221735578260835,3.8125,0.2364141845716257,62.0,4.96655480858378,49.5,1.9148542155126762,138.75,6.020797289396149,146.025,2.978114616106417,5.587892756177908,9.75,9.75,25.458857183520788,140.25,140.25,-0.9953940970837417,1.2209793265217497,1.3540206734782505,0.4423733437265392,3.103257446285123,4.521742553714877,1.0,1.0,1.0,35.4937291863415
52,Mark Leiter Jr.,4.125,1.1259916264596033,65.125,4.703721930556693,19.625,1.060660171779821,1.3162500000000001,0.019226098333849733,4.19125,0.3546200179669176,28.375,3.1594529363709256,24.0,2.0,56.25,5.092010548749035,61.0125,5.037129993501118,-0.24422916968278122,4.125,4.125,-0.42519520276218725,65.125,65.125,-2.643356321649082,1.258571704998451,1.3739282950015492,-0.7731280039928367,3.1273899460992474,5.2551100539007525,7.660323462854267,19.625,19.625,34.21570861618444
53,Cole Henry,2.0,0.7559289460184544,58.875,4.703721930556695,22.75,1.2817398889233114,1.4224999999999999,0.06341473465550868,4.75875,0.33288511531758214,32.5,2.9277002188455996,32.5,3.0237157840738176,55.125,5.817154434453818,61.3125,5.381034818163296,-3.1749015732775,2.0,2.0,-1.7539302113940218,58.875,58.875,-2.476891678640556,1.232255796033474,1.6127442039665258,-2.5283998230551465,3.7600946540472537,5.757405345952747,8.777131848061808,22.75,22.75,33.951535953941814
54,Griffin Jax,4.5,1.1952286093343936,84.25,4.832922806867789,26.625,3.6228441865473595,1.06,0.03585685828003195,2.9075,0.2954294694653386,21.25,1.4880476182856894,18.5,2.0,51.375,1.8468119248354136,65.775,2.4852421554908024,0.0836660026534132,4.5,4.5,3.5434044126805926,84.25,84.25,5.729129134076174,0.9524294251599043,1.167570574840096,3.4173413206219867,2.0212115916039846,3.793788408396016,4.174896634021243,26.625,26.625,33.64802404013838
55,Bryan King,3.625,0.5175491695067657,64.125,2.8504385627478452,18.375,1.0606601717798212,1.20125,0.029970223317724656,3.7375,0.12475690647930356,26.875,1.3562026818605377,19.875,1.8850918886280925,57.875,3.136763573220927,64.6625,2.6970552724883374,-1.4974422637728957,3.625,3.625,-1.052469623168435,64.125,64.125,2.1414111849682436,1.111339330046826,1.291160669953174,1.4394660656572569,3.363229280562089,4.11177071943791,6.481812160876686,18.375,18.375,33.4400261680676
56,Cole Sands,3.875,0.8345229603962802,64.875,2.9489707647632892,17.625,0.9161253813129038,1.24,0.029760952365713807,4.035,0.24494897427831763,30.375,1.5979898086569355,21.0,0.5345224838248488,62.375,1.1877349391654204,67.275,1.05796300232367,-0.6291019239910339,3.875,3.875,-0.76297806234122,64.875,64.875,0.8544273421124332,1.1507171429028586,1.3292828570971413,-0.48139277583863976,3.300153077165047,4.769846922834953,6.685766080645242,17.625,17.625,32.40978498316774
57,Drew Pomeranz,2.625,0.7440238091428449,58.375,4.172614801981401,14.125,0.35355339059327373,1.25875,0.05026714348643377,4.10875,0.38937449839454047,24.875,2.5319388392523,19.875,2.295181287579947,49.0,2.5071326821120348,54.6375,2.687504152820711,-2.385676342864468,2.625,2.625,-2.0970064133034736,58.375,58.375,0.13286156652951572,1.1079485695406988,1.4095514304593013,-0.49224247467911175,2.940626504816378,5.276873495183621,7.4246212024587495,14.125,14.125,32.281042347976204
58,Paul Sewald,2.5,0.5345224838248488,55.0,8.451542547285166,22.875,1.5526475085202969,1.24125,0.027483761439387137,4.2475000000000005,0.26756841581707136,26.25,4.399675312695569,18.5,3.4226138716316967,50.5,8.24621125123532,55.5,8.70139561876632,-3.5545745174352317,2.5,2.5,-1.4346493474016568,55.0,55.0,0.8797402597855895,1.1587987156818385,1.3237012843181615,-1.2348866575215043,3.4447947525487863,5.050205247451214,7.3261960216846616,22.875,22.875,31.286609845850503
59,Tim Hill,3.375,0.5175491695067657,35.875,5.792544469278714,15.25,0.4629100498862759,1.3487500000000001,0.044219420426517754,4.1537500000000005,0.3270184573209463,29.0,2.7774602993176547,18.125,2.7998724460742337,66.75,5.5484875674109855,62.8,4.734674524942855,-1.9804881553125435,3.375,3.375,-5.394865790972726,35.875,35.875,-1.8842722895902515,1.2160917387204468,1.4814082612795534,-0.7237104248045396,3.1726946280371617,5.134805371962839,8.100925873009823,15.25,15.25,30.521292704369056
60,Adrian Morejon,5.25,1.9820624179302295,67.5,4.375255094603873,16.0,0.9258200997725514,1.17875,0.031367635732209256,3.3375,0.22011360703055133,24.625,1.5979898086569355,21.25,2.314550249431379,57.25,2.1213203435596424,66.225,1.9255796900822206,0.4288462322430895,5.25,5.25,0.08570928823384451,67.5,67.5,2.7633122294762997,1.0846470928033722,1.2728529071966277,2.63310997058391,2.677159178908346,3.997840821091654,4.860555523805895,16.0,16.0,30.213755339566617
61,Matt Svanson,3.125,0.3535533905932738,61.5,2.5071326821120348,20.125,1.2464234547582236,1.2650000000000001,0.04898979485566358,3.69625,0.154544260881563,26.75,1.832250762625808,23.375,1.5059406173077157,59.375,3.4200041771068896,65.1,2.6207959532499734,-3.606244584051373,3.125,3.125,-2.243598849049122,61.5,61.5,0.008748177652797394,1.1180306154330093,1.411969384566991,1.4289326052849785,3.232617217355311,4.159882782644689,6.9197991798646346,20.125,20.125,30.18683324916045
62,Matt Strahm,3.625,0.5175491695067657,67.625,3.2486260832190936,18.75,1.3887301496588271,1.1475,0.02815771906346713,3.67375,0.26917532788659737,26.125,2.2320714274285347,19.125,1.5526475085202969,54.25,2.915475947422651,63.7,2.6726124191242424,-1.4974422637728957,3.625,3.625,0.15391121883271508,67.625,67.625,4.188143619259861,1.0630268428095986,1.2319731571904013,0.9039956791130896,2.866224016340208,4.481275983659792,5.220596673717443,18.75,18.75,29.85159162201999
63,Jose Alvarado,3.75,1.3887301496588271,67.125,9.078034714943223,15.5,0.7559289460184548,1.23875,0.030443155458751477,3.45375,0.21064102842785115,22.5,2.3299294900428698,23.375,2.924648941081891,49.25,5.28474894659826,58.675,6.73577866959079,-0.4680534948850073,3.75,3.75,0.0,67.125,67.125,0.8763405444195594,1.1474205336237455,1.3300794663762545,2.199634785262333,2.8218269147164463,4.085673085283553,5.291502622129179,15.5,15.5,29.065434945442778
64,Tanner Scott,4.0,0.7559289460184544,71.25,2.0528725518857036,19.875,1.7268882005337967,1.21875,0.04764076885549659,3.4925,0.22295098756709478,24.5,1.6903085094570331,25.125,1.726888200533798,51.375,2.065879266282796,62.8125,0.6534250421542526,-0.5291502622129093,4.0,4.0,2.0093794893457493,71.25,71.25,0.979803066784175,1.0758276934335103,1.3616723065664897,1.9043796933420587,2.823647037298716,4.161352962701285,4.849763868564978,19.875,19.875,28.613231330083966
65,Chris Bassitt,10.25,0.5000000000000001,157.75,3.6855573979159972,1.0,0.0,1.335,0.012909944487358096,4.2875,0.05057996968497813,83.75,2.217355782608345,60.25,0.4999999999999994,174.25,3.593976442141303,175.025,3.306937152915569,11.700000000000012,10.25,10.25,24.589224970758565,157.75,157.75,-5.388979684580004,1.2962701665379257,1.3737298334620742,-7.3233864902192165,4.135760090945065,4.439239909054934,1.0,1.0,1.0,28.576858795959357
66,Michael McGreevy,8.0,0.8164965809277259,93.5,1.2909944487358056,1.0,0.0,1.2825,0.03095695936834452,4.1,0.23280893453645654,61.25,3.774917217635374,31.5,2.0816659994661326,141.0,6.055300708194983,134.275,2.2588713996153027,4.40908153700973,8.0,8.0,20.429987151244124,93.5,93.5,-0.551456891108144,1.1896291218949664,1.3753708781050336,-0.7856943593289059,3.40157319639063,4.798426803609369,1.0,1.0,1.0,28.5019174378168
67,Chris Martin,3.375,1.0606601717798212,50.25,5.548487567410986,20.125,1.807721533549109,1.13375,0.022638462845343446,3.47875,0.16677080080157905,20.125,2.1671244937540095,10.875,2.4748737341529163,48.0,4.2761798705987895,51.6875,5.0269097295029495,-0.9663792676216086,3.375,3.375,-3.0413693452455814,50.25,50.25,5.8165862376851605,1.0658346114639696,1.2016653885360304,2.628357789412157,2.9784375975952626,3.979062402404737,4.771199457400108,20.125,20.125,28.29319270123067
68,A.J. Minter,3.375,1.1877349391654208,55.375,2.924648941081891,16.0,0.9258200997725514,1.165,0.026186146828318945,3.445,0.09724784242924289,19.125,1.1259916264596024,17.25,1.7525491637693282,41.0,2.6726124191242415,49.7,2.917924898671263,-0.8629871583303126,3.375,3.375,-4.017576207164686,55.375,55.375,3.8351794208975907,1.0864415595150432,1.243558440484957,4.854435034657136,3.153256472712271,3.7367435272877287,4.860555523805895,16.0,16.0,28.111828709089203
69,Shane Bieber,7.5,0.5773502691896257,110.75,3.685557397915997,1.0,0.0,1.1975,0.022173557826083483,3.7625,0.1291962331752233,50.75,2.4999999999999996,29.25,2.6299556396765835,116.5,4.203173404306163,121.75,2.8722813232690143,5.369357503463531,7.5,7.5,11.836744158337572,110.75,110.75,3.063494454131531,1.1309793265217496,1.2640206734782504,1.196500312231846,3.3749113004743303,4.15008869952567,1.0,1.0,1.0,26.466096428164484
70,Bryan Abreu,3.75,0.7071067811865475,89.375,2.1339098923270927,21.5,5.291502622129181,1.17125,0.019594095320493214,3.13375,0.3050497617485663,23.5,2.0701966780270613,29.125,0.9910312089651148,50.875,1.356202681860537,67.9375,1.016910587444712,-0.9192388155425023,3.75,3.75,10.426869513096314,89.375,89.375,4.8064771497805,1.1124677140385202,1.2300322859614796,2.5678870517492376,2.2186007147543014,4.048899285245699,1.889822365046136,21.5,21.5,26.331106724314232
71,Jacob Misiorowski,8.75,0.49999999999999983,159.0,7.348469228349536,1.0,0.0,1.275,0.053229064742237736,3.8425000000000002,0.30587306735528935,58.0,5.715476066494082,63.75,7.182153808805082,109.75,10.781929326423912,135.75,6.18465843842649,8.700000000000017,8.75,8.75,12.5026038954558,159.0,159.0,-0.17981583215444566,1.1153128057732866,1.4346871942267132,0.2438375303135144,2.924880797934132,4.7601192020658685,1.0,1.0,1.0,26.266625593614883
72,Bryan Baker,3.5,0.5345224838248489,69.625,2.503568881188839,16.0,0.9258200997725514,1.2137499999999999,0.02445841952609136,3.84125,0.2646527374288267,26.625,1.6850180160122075,22.625,0.9161253813129044,52.875,1.885091888628092,62.1625,1.3532368602724347,-1.6837458240482606,3.5,3.5,0.9985744825254642,69.625,69.625,2.1129154062241366,1.1403747414217258,1.287125258578274,0.2865390098363412,3.0472917877135197,4.63520821228648,4.860555523805895,16.0,16.0,26.01706069356716
73,Hunter Harvey,3.125,0.8345229603962803,55.75,2.3145502494313788,17.375,1.0606601717798212,1.12,0.05070925528371101,3.295,0.38633811986023714,18.75,2.5495097567963922,14.75,1.6690459207925603,42.875,2.587745847533829,51.1,1.6248076809271912,-1.527818958263951,3.125,3.125,-4.914561696292627,55.75,55.75,2.867890104378766,0.967872234148867,1.2721277658511332,1.6102043814842297,2.1359856404192885,4.454014359580711,5.539003119294623,17.375,17.375,25.730729427779536
74,Garrett Whitlock,4.5,1.1952286093343936,75.5,4.17475405605785,18.375,2.445841952609133,1.13625,0.0350255009141298,3.33,0.10239977678547096,25.125,1.125991626459603,18.875,2.100170061141308,58.375,3.2923070504261465,67.775,3.1267280936193615,0.0836660026534132,4.5,4.5,2.006106201117958,75.5,75.5,3.688129164669821,1.0311734972576105,1.2413265027423894,5.7332481745861745,3.022800669643587,3.637199330356413,2.810892990311989,18.375,18.375,25.565614494587308
75,Fernando Cruz,3.625,0.744023809142845,78.5,5.042675027063656,17.75,1.3887301496588271,1.23875,0.047339955941798594,3.5425,0.3062095454330021,23.0,2.2677868380553634,27.25,1.8322507626258087,45.0,3.338091841585121,58.375,4.0686080455816125,-1.0416333327999738,3.625,3.625,2.2557471855614795,78.5,78.5,0.5635529416497794,1.0967301321746041,1.380769867825396,1.2232908441950945,2.6238713637009936,4.461128636299007,4.500514373894347,17.75,17.75,25.503529508078113
76,Kyle Backhus,3.25,1.2817398889233114,45.375,6.968039281503183,7.0,0.0,1.32875,0.015526475085202971,4.20125,0.14126343172547198,21.75,3.4121631178560534,18.5,2.97609523657138,43.875,6.379375249303695,46.575,6.968039281503181,-0.8972179222463128,3.25,3.25,-3.1213945733250767,45.375,45.375,-4.07828745571331,1.2821705747443912,1.375329425255609,-2.0116081224680245,3.777459704823584,4.625040295176416,7.0,7.0,7.0,24.891491926247276
77,Yimi Garcia,2.625,0.7440238091428449,56.875,7.039429765866792,15.5,0.7559289460184548,1.18875,0.0451782185192314,3.78375,0.2360349550384434,21.75,2.1213203435596424,18.375,2.7222627143085005,43.625,4.808846015417836,52.025,5.742510650528091,-2.385676342864468,2.625,2.625,-1.456083850669384,56.875,56.875,1.6972464595063919,1.0532153444423058,1.3242846555576941,0.5648880832570629,3.07564513488467,4.4918548651153305,5.291502622129179,15.5,15.5,24.8778874598755
78,Garrett Cleavinger,4.125,1.1259916264596033,77.125,4.703721930556694,20.25,2.49284690951645,1.1524999999999999,0.05725881092523169,3.4050000000000002,0.29320884804423725,23.625,1.8468119248354136,23.875,2.1671244937540095,48.75,3.1959796173138697,62.475,3.1567388235329177,-0.24422916968278122,4.125,4.125,2.125976013810936,77.125,77.125,1.9722479318690944,0.9807235672243048,1.3242764327756948,1.7464798103775967,2.5253734558672885,4.284626544132712,3.510043062250173,20.25,20.25,23.15068989762571
79,Mike Burrows,7.25,1.707825127659933,137.0,4.08248290463863,1.0,0.0,1.2650000000000001,0.03316624790355406,4.0725,0.1357387196049822,62.25,5.377421934967226,48.25,2.362907813126305,126.0,10.801234497346433,137.525,6.993032246457898,1.6687891247419957,7.25,7.25,17.115809577697455,137.0,137.0,0.012921914767618906,1.1655012562893379,1.3644987437106624,-1.1449692992460057,3.6652838411850532,4.479716158814947,1.0,1.0,1.0,22.652551317961063
80,Simeon Woods Richardson,7.5,0.5773502691896257,129.0,3.8297084310253524,1.0,0.0,1.3425,0.03304037933599827,4.4375,0.21360009363293825,71.5,4.79583152331272,54.0,2.449489742783178,140.75,6.946221994724902,144.8,3.7629775444453557,5.369357503463531,7.5,7.5,16.156582443388206,129.0,129.0,-2.332643574931881,1.2433788619920052,1.4416211380079949,-2.4364065474661185,3.796699719101185,5.078300280898815,1.0,1.0,1.0,21.756889824453737
81,Cody Ponce,8.142857142857142,0.8997354108424375,151.71428571428572,6.921326600064609,1.0,0.0,1.237142857142857,0.014960264830861925,4.047142857142857,0.08077010290825137,66.28571428571429,4.990467102863407,46.0,1.732050807568877,137.0,13.988090172238188,147.68571428571428,11.34657489750815,4.159953134836217,8.142857142857142,8.142857142857142,12.221542285476906,151.71428571428572,151.71428571428572,1.8907228318153246,1.1922620626502713,1.2820236516354429,-1.6102433837092114,3.804832548418103,4.289453165867611,1.0,1.0,1.0,21.661974868419236
82,Kyle Finnegan,3.5,1.0690449676496974,58.125,4.764076885549661,17.875,1.2464234547582236,1.27875,0.01642080561796091,3.9850000000000003,0.1804755622554716,27.5,1.690308509457033,21.875,1.9594095320493148,57.375,3.2043497223082786,61.875,3.7201190457142244,-0.8418729120241306,3.5,3.5,-1.8891382771967193,58.125,58.125,-0.8112530457615088,1.2294875831461174,1.3280124168538827,-0.3763205711503913,3.4435733132335855,4.526426686766415,5.114634176421687,17.875,17.875,21.65458607597569
83,Tyler Rogers,4.375,1.0606601717798212,48.0,5.31843156256751,21.0,2.0701966780270635,1.2075,0.05035587637718453,3.76125,0.1379893888259943,29.25,2.49284690951645,15.25,1.98206241793023,69.625,6.162965427222746,69.9375,4.3529751730446264,-0.02357022603954522,4.375,4.375,-3.5959849769632592,48.0,48.0,1.150383542025258,1.0564323708684464,1.3585676291315536,1.1293138889820022,3.3472818335220174,4.175218166477983,4.588935969626654,21.0,21.0,21.604822076137722
84,Jared Koenig,4.0,0.9258200997725514,65.25,4.2342143815082665,16.75,1.3887301496588271,1.23375,0.017677669529663664,3.615,0.19026297590440444,25.875,1.6420805617960925,22.5,1.4142135623730954,57.375,3.7392703642746765,64.75,3.2841611235921864,-0.43204937989385006,4.0,4.0,-0.442821225157737,65.25,65.25,1.7920106140356378,1.180716991411009,1.2867830085889909,1.5877147505834845,3.044211072286787,4.185788927713213,3.780432074071252,16.75,16.75,21.407015129923796
85,Greg Weissert,3.875,0.8345229603962802,56.375,3.3779748793788094,17.625,1.0606601717798212,1.3225,0.02314550249431378,4.24,0.18213025166464947,29.5,1.4142135623730951,22.875,1.1259916264596033,60.625,2.973093626895345,62.95,2.2264642052237997,-0.6291019239910339,3.875,3.875,-3.1823800898060157,56.375,56.375,-2.465767532394224,1.2530634925170587,1.3919365074829413,-1.7729985200989178,3.693609245006052,4.786390754993949,5.774705379690139,17.625,17.625,20.823278832160504
86,Robert Suarez,4.125,1.2464234547582247,67.0,5.756983337031397,20.625,2.559994419636775,1.1937499999999999,0.031594529363709246,3.6675,0.26320822826912427,26.375,2.3867192066576597,20.375,1.7677669529663687,57.0,4.000000000000001,64.8125,3.9962258980907723,-0.22063127819857695,4.125,4.125,-0.021712760430614094,67.0,67.0,2.268701983290329,1.0989664119088722,1.2885335880911275,0.9482353001447209,2.877875315192627,4.457124684807373,3.5644608949165995,20.625,20.625,20.796897719388852
87,Bryce Elder,7.25,0.4999999999999999,95.75,1.4999999999999996,1.0,0.0,1.3525,0.04112987559751018,4.4125000000000005,0.07182153808805068,56.5,1.2909944487358056,38.25,0.5000000000000006,118.5,4.79583152331272,115.75,1.5,5.700000000000014,7.25,7.25,19.08333333333334,95.75,95.75,-2.1169874040829675,1.2291103732074695,1.4758896267925306,-6.897884393109263,4.197035385735848,4.627964614264153,1.0,1.0,1.0,20.768461536141125
88,Steven Okert,3.125,0.3535533905932738,70.375,2.825268634509444,14.125,0.6408699444616557,1.1875,0.03058944729337693,3.8850000000000002,0.16647608150808238,26.625,1.6850180160122064,22.875,1.7268882005337975,51.125,2.900123150094542,62.25,2.7124053637210754,-3.606244584051373,3.125,3.125,1.150333090560892,70.375,70.375,2.5475638929064357,1.0957316581198693,1.2792683418801307,0.19272037786266238,3.385571755475753,4.384428244524248,4.095994862428844,14.125,14.125,20.764347089422838
89,Jeremiah Estrada,4.25,0.8864052604279182,93.25,4.920801328471384,17.0,3.5050983275386556,1.1437499999999998,0.026692695630078204,3.22,0.22772163458297673,24.375,1.5059406173077154,28.125,1.1259916264596033,50.0,2.0,68.1375,2.023390012542602,-0.16922282244532227,4.25,4.25,5.309094648638368,93.25,93.25,4.558496942941212,1.0636719131097652,1.2238280868902345,3.0611203657039066,2.53683509625107,3.90316490374893,1.5691428559330034,17.0,17.0,20.605203414503183
90,Scott Barlow,3.0,0.7559289460184544,62.375,3.997767233987349,15.5,0.7559289460184548,1.365,0.039999999999999904,4.1925,0.28664313303179917,27.25,1.0350983390135315,29.5,1.6903085094570334,50.625,2.1339098923270936,58.625,2.199837656347784,-1.8520259177452045,3.0,3.0,-1.1881632226152343,62.375,62.375,-2.4892857142857165,1.2450000000000003,1.4849999999999997,-0.9608346927889352,3.332570600904602,5.052429399095398,5.291502622129179,15.5,15.5,19.967203563210802
91,Will Vest,3.875,1.246423454758225,66.875,3.044315545875155,18.5,2.2677868380553634,1.20125,0.025877458475338334,3.415,0.21863211109075437,25.25,1.164964745021435,21.0,1.3093073414159542,58.625,1.6850180160122066,66.1625,1.9863372609619276,-0.42120516747001535,3.875,3.875,-0.08212026520665158,66.875,66.875,2.4800956202764244,1.1236176245739848,1.278882375426015,2.296475713601457,2.7591036667277367,4.070896333272263,3.086709862908689,18.5,18.5,19.70679521574466
92,Brad Keller,3.5,1.0690449676496976,62.625,4.688511795564011,19.0,1.5118578920369101,1.34125,0.025877458475338382,4.085,0.24974272476176107,31.125,4.223657859520076,28.5,2.8284271247461903,63.375,6.566962768281852,68.2,5.50324579550235,-0.8418729120241305,3.5,3.5,-0.9597928289862959,62.625,62.625,-2.9300183649676215,1.263617624573985,1.4188823754260151,-0.6723585915339424,3.335771825714717,4.8342281742852835,4.960783708246104,19.0,19.0,19.39987584371853
93,Luke Weaver,3.75,0.46291004988627565,71.375,3.0676887530703447,19.0,2.0701966780270635,1.2149999999999999,0.036645015252516164,3.9475,0.1710263137648707,29.375,1.5979898086569353,22.25,1.2817398889233118,59.0,3.070597894314955,66.6,1.3773680906507377,-1.404160484655022,3.75,3.75,1.3854078239672523,71.375,71.375,1.376137274908328,1.1050649542424513,1.3249350457575484,-0.17784787613725792,3.4344210587053876,4.460578941294612,3.622844186547358,19.0,19.0,19.293757670820092
94,Trevor Megill,4.375,1.407885953173359,76.625,8.830749846821778,22.875,3.9798600118956102,1.165,0.03741657386773937,3.40875,0.4234361986010578,23.5,3.817254061682111,22.25,3.1052950170405937,50.0,5.879747322073336,62.0375,6.761432117955062,-0.01775712013010964,4.375,4.375,1.075786333526262,76.625,76.625,2.684066472349068,1.052750278396782,1.2772497216032181,1.200495694540895,2.1384414041968265,4.679058595803173,2.858140730076101,22.875,22.875,19.23329503066662
95,Caleb Thielbar,3.5,0.5345224838248488,61.75,8.345229603962801,16.875,1.7268882005337967,1.18625,0.02386719206657662,3.71,0.15080735109024743,25.0,2.6186146828319083,20.125,3.3139316313320126,52.5,6.023762469230862,60.8125,7.173251404648083,-1.683745824048261,3.5,3.5,-0.644080541228924,61.75,61.75,3.317464878470242,1.11464842380027,1.25785157619973,1.3731647153553457,3.2575779467292576,4.162422053270742,3.1125350201237922,16.875,16.875,17.925478329167362
96,Camilo Doval,3.875,0.8345229603962802,71.375,4.4057592178550005,17.375,1.9955307206712842,1.25875,0.032265638511757844,3.50875,0.15523599545760736,24.75,1.0350983390135318,29.625,1.5059406173077154,49.875,1.3562026818605384,62.975,1.4713938969562108,-0.6291019239910339,3.875,3.875,0.9646464524834306,71.375,71.375,0.20698711498109085,1.1619530844647266,1.3555469155352735,2.6304036775081783,3.043042013627178,3.974457986372822,2.9440789556092057,17.375,17.375,17.893330099027693
97,Jason Adam,3.5,1.0690449676496974,59.0,6.187545093630775,16.75,2.1213203435596424,1.16125,0.040510139824140576,3.48125,0.08675704993996577,21.875,2.3566016694748027,20.625,2.8753881725529062,44.875,5.19443383412888,56.2625,5.102642872641027,-0.8418729120241306,3.5,3.5,-1.3131217432845164,59.0,59.0,2.5716665477044383,1.039719580527578,1.2827804194724217,5.023607114752305,3.220978850180103,3.7415211498198975,2.4748737341529163,16.75,16.75,17.814647677912678
98,Gregory Soto,3.25,0.46291004988627565,65.25,5.230405611149373,18.0,1.5118578920369101,1.30875,0.018077215335491118,3.7125,0.22613207266045732,25.125,1.552647508520297,25.5,1.6035674514745462,54.25,2.866057521105555,60.925,3.6721928053957065,-2.4842839343896657,3.25,3.25,-0.3584808023307339,65.25,65.25,-2.396465814420834,1.2545183539935267,1.3629816460064734,0.9047072842273023,3.034103782018628,4.390896217981372,4.299345880479956,18.0,18.0,17.16220613548585
99,Eduard Bazardo,2.875,0.6408699444616557,67.25,3.370036032024415,14.625,1.0606601717798212,1.1975,0.023754698783308433,3.66875,0.2049695099276963,26.75,1.0350983390135313,22.375,1.407885953173359,56.5,2.672612419124244,65.575,2.8753881725529,-2.379577967696746,2.875,2.875,0.03709159154743851,67.25,67.25,2.859584625686877,1.1262359036500746,1.2687640963499254,1.211562311979638,3.053841470216911,4.283658529783089,2.946278254943948,14.625,14.625,16.460051836236946
100,Eduardo Rodriguez,7.75,0.4999999999999999,117.0,4.000000000000001,1.0,0.0,1.3575,0.014999999999999934,4.3225,0.23963513932643524,63.5,3.415650255319867,46.5,0.9999999999999993,132.5,1.2909944487358074,132.05,1.4640127503998472,6.700000000000015,7.75,7.75,12.468749999999996,117.0,117.0,-6.138095238095251,1.3125000000000002,1.4024999999999996,-1.6918080871036227,3.603594582020694,5.0414054179793055,1.0,1.0,1.0,16.338846674801136
101,Pierce Johnson,3.0,0.7559289460184545,63.0,5.099019513592785,13.125,0.35355339059327373,1.33375,0.029730936268953442,4.3325,0.23051185280959915,28.125,2.1001700611413083,23.5,2.070196678027063,54.125,3.6030740843261686,58.3,4.364139581373892,-1.8520259177452043,3.0,3.0,-0.8089790574450091,63.0,63.0,-2.297991154848801,1.2445571911931397,1.4229428088068603,-1.8021488335777553,3.640964441571202,5.024035558428797,4.59619407771256,13.125,13.125,16.219825424946027
102,Brooks Raley,3.0,0.5345224838248489,55.125,8.356990230596521,15.625,1.0606601717798216,1.2275,0.05147815070493503,3.89125,0.2818529251729905,24.25,3.5355339059327378,19.5,3.4641016151377544,49.375,7.5958165177569,56.0125,8.249751078495814,-2.6191601707417456,3.0,3.0,-1.4359236601792031,55.125,55.125,0.7367897041595834,1.073065547885195,1.3819344521148051,0.09165536712978185,3.045691224481028,4.736808775518972,3.88908729652601,15.625,15.625,16.218797722998467
103,JoJo Romero,4.375,1.5059406173077154,59.0,3.545621041711674,22.125,3.181980515339464,1.28,0.03207134902949093,3.58625,0.14754539253105423,24.75,1.4880476182856899,24.0,1.5118578920369086,55.5,3.070597894314952,62.1625,2.210971021325891,-0.01660092019078923,4.375,4.375,-2.291559053947175,59.0,59.0,-0.45434411125111784,1.1837859529115273,1.3762140470884727,2.2422478103726746,3.1436138224068375,4.028886177593163,3.339115355603141,22.125,22.125,16.1753205029993
104,Phil Maton,3.75,0.7071067811865476,68.0,5.1823877563477305,18.625,2.559994419636775,1.2037499999999999,0.041382363393117155,3.6825,0.17441739755949975,25.875,1.8850918886280925,24.0,1.4142135623730951,51.625,3.997767233987349,62.8125,3.0328852363950163,-0.9192388155425022,3.75,3.75,0.16884109046611617,68.0,68.0,1.4904555074017418,1.0796029098206483,1.3278970901793514,1.344953752410557,3.159247807321501,4.205752192678499,2.78320919192118,18.625,18.625,16.001057494341815
105,Kevin Kelly,2.625,0.744023809142845,39.875,7.567552916422662,4.0,0.0,1.1937499999999999,0.050124844139408646,3.8525,0.23891122080926094,19.125,2.900123150094541,11.125,1.9594095320493148,42.625,6.069537520625907,45.2875,7.732757316396637,-2.3856763428644676,2.625,2.625,-3.6008998286438985,39.875,39.875,1.4300008839771594,1.043375467581774,1.3441245324182258,0.2703235666980015,3.135766337572217,4.5692336624277825,4.0,4.0,4.0,15.713748279166795
106,Ben Joyce,2.142857142857143,0.3779644730092273,52.57142857142857,6.078847008469695,20.857142857142858,2.0354009783964306,1.2757142857142856,0.062144225491229374,3.705714285714286,0.32098064027067325,19.285714285714285,1.3801311186847087,20.714285714285715,1.1126972805283737,38.57142857142857,1.7182493859684487,46.614285714285714,1.8524115556291951,-5.971838673545771,2.142857142857143,2.142857142857143,-2.3941335270148847,52.57142857142857,52.57142857142857,-0.16551359686936104,1.0892816092405975,1.4621469621879737,0.658510268534595,2.742772364902266,4.668656206526306,4.597198761550555,20.857142857142858,20.857142857142858,15.11301827885735
107,Matt Brash,3.25,0.8864052604279183,72.625,2.6152028055746888,16.25,2.7645717829090897,1.22,0.032950178841916575,3.15125,0.17771867817263493,21.375,1.3024701806293193,25.5,1.4142135623730951,49.25,2.2519832529192065,61.1625,2.210971021325891,-1.2973749720808547,3.25,3.25,2.1030873736736373,72.625,72.625,1.3787048515433553,1.1211494634742503,1.3188505365257497,4.309245045078531,2.618093965482095,3.684406034517905,1.7181684445182661,16.25,16.25,15.084504520806
108,Ryne Nelson,8.8,1.0954451150103321,135.4,10.644247272588139,1.0,0.0,1.25,0.045276925690687135,4.058,0.18498648599289633,72.6,7.3688533707762165,44.6,4.39317652729776,157.2,14.601369798755186,160.66,12.347793325124938,4.016632088371225,8.8,8.8,6.414262864395013,135.4,135.4,0.3407601376023863,1.1141692229279385,1.3858307770720615,-0.761767357817035,3.503040542021311,4.612959457978689,1.0,1.0,1.0,15.009887732551588
109,Louis Varland,4.125,1.3562026818605373,70.75,13.635562747043904,16.125,1.807721533549109,1.2075,0.04200340122282619,3.69625,0.36311892975009885,29.125,6.379375249303694,20.625,3.9977672339873487,65.25,14.12950307487341,71.025,15.094156863785784,-0.20277205146263852,4.125,4.125,0.26584894714271146,70.75,70.75,1.379140015858788,1.0814897963315215,1.3335102036684785,0.6081570395829057,2.6068932107497034,4.785606789250297,2.558469274258029,16.125,16.125,14.84272032241191
110,Ryne Stanek,3.5,0.9258200997725513,57.125,4.940720016932176,16.25,1.0350983390135313,1.36,0.022677868380553558,4.195,0.2178466039605458,26.5,1.9999999999999991,26.875,1.807721533549109,50.5,3.3806170189140667,57.0125,4.1093751697447,-0.9721111047611719,3.5,3.5,-2.023996495597673,57.125,57.125,-4.170208018868486,1.2919663948583393,1.4280336051416609,-1.2757447745983705,3.541460188118363,4.848539811881638,4.588935969626656,16.25,16.25,14.502619454307576
111,Braxton Garrett,5.857142857142857,0.8997354108424375,95.28571428571429,5.7652489311473145,1.0,0.0,1.2314285714285713,0.010690449676496967,3.9699999999999998,0.11460075625114052,47.285714285714285,1.7994708216848765,26.142857142857142,2.1157009420498154,106.0,7.895146188218006,107.18571428571428,7.263935703512388,1.6195237395163942,5.857142857142857,5.857142857142857,4.884561728735305,95.28571428571429,95.28571428571429,3.1804087787578763,1.1993572223990805,1.2634999204580621,-0.4617479709357491,3.6261977312465783,4.313802268753421,1.0,1.0,1.0,14.222746276073826
112,Reynaldo Lopez,8.25,0.8864052604279183,135.0,14.784161409137432,1.0,0.0,1.26375,0.03814914340921887,3.92375,0.3722878110893703,58.25,9.19238815542512,47.375,5.730557190560593,120.75,15.182226450688974,133.1625,14.662969636858305,4.343385776096808,8.25,8.25,4.591061888572827,135.0,135.0,0.04400023902413514,1.1493025697723434,1.3781974302276565,-0.01790729233696679,2.8068865667318894,5.040613433268111,1.0,1.0,1.0,13.960540611356802
113,Braxton Ashcraft,7.875,0.9910312089651149,124.125,11.752659273543157,1.0,0.0,1.26875,0.03313931631332015,3.815,0.19798989873223324,58.0,6.8452277432633934,41.875,5.841660722773961,131.875,13.705447300773724,136.4375,13.125323125274182,3.5064486048111223,7.875,7.875,4.849966179851295,124.125,124.125,-0.10022622494759939,1.1693320510600396,1.3681679489399605,0.5155986946151909,3.2210303038033,4.408969696196699,1.0,1.0,1.0,13.77178725433001
114,Michael Kelly,3.125,0.8345229603962802,48.25,5.650537269018887,13.125,0.35355339059327373,1.41875,0.04673252156077792,4.6575,0.5377931094495623,29.0,5.264435935053794,24.25,3.0589447293376937,55.625,7.1701265181107,55.85,6.324329439327371,-1.527818958263951,3.125,3.125,-3.3403903206672063,48.25,48.25,-3.2808293550354732,1.2785524353176663,1.5589475646823336,-1.3767686005209177,3.0441206716513127,6.270879328348687,4.59619407771256,13.125,13.125,13.455163154075251
115,Justin Sterner,3.125,0.3535533905932738,65.75,2.492846909516447,19.0,2.0701966780270635,1.26125,0.026423744732991316,4.22875,0.1991006565247123,30.125,2.0310096011589898,23.75,0.8864052604279185,57.125,3.136763573220926,64.1875,2.4198214219825567,-3.606244584051373,3.125,3.125,-0.5515781954964564,65.75,65.75,0.15813698893913547,1.1819787658010261,1.3405212341989738,-1.565372370472232,3.631448030425863,4.826051969574136,3.622844186547358,19.0,19.0,12.549162771655867
116,Jordan Leasure,3.625,0.744023809142845,69.75,3.1052950170405955,17.25,2.121320343559643,1.27625,0.02722262714308503,4.09375,0.20907534527055074,28.25,1.6690459207925603,27.625,1.685018016012207,51.625,2.9246489410818914,61.95,2.7748873851023212,-1.0416333327999738,3.625,3.625,0.8453303101943835,69.75,69.75,-0.3975159529809506,1.194582118570745,1.3579178814292552,-0.8449904336546902,3.466523964188348,4.720976035811653,2.710575994548432,17.25,17.25,12.114070563500928
117,Trey Yesavage,6.5,1.9148542155126762,132.75,17.23127002477376,1.0,0.0,1.24,0.021602468994692887,3.7,0.2180214056769043,48.75,4.7871355387816905,50.0,3.9157800414902435,96.75,13.047988350699889,117.8,11.9230868486311,1.0966892325209,6.5,6.5,3.8084830604853592,132.75,132.75,1.1771141268536784,1.1751925930159213,1.3048074069840787,0.9956973383385969,3.0459357829692872,4.354064217030713,1.0,1.0,1.0,12.077983758198535
118,Sam Moll,2.5,0.5345224838248488,46.625,5.2355242608275905,5.0,0.0,1.35,0.02070196678027061,4.335,0.2620795953249976,22.5,2.5634797778466227,21.0,3.116774889895918,42.75,4.9208013284713825,47.0375,5.305236631318691,-3.5545745174352317,2.5,2.5,-3.9155582094006993,46.625,46.625,-4.085188111306738,1.2878940996591883,1.4121059003408118,-1.5946173380969242,3.5487612140250073,5.121238785974993,5.0,5.0,5.0,11.850061823760406
119,Nick Martinez,8.375,1.7677669529663689,109.75,6.670832032063166,1.0,0.0,1.29375,0.032923070504261485,4.345,0.42288127344276105,69.5,5.95219047314276,39.625,1.9226098333849666,146.75,5.1754916950676595,144.075,4.59557240333408,2.248599564173225,8.375,8.375,6.389757648689719,109.75,109.75,-0.8602304747900876,1.1949807884872155,1.3925192115127845,-1.0119073450165132,3.0763561796717167,5.613643820328283,1.0,1.0,1.0,11.766219393056343
120,Luis Garcia,2.875,0.6408699444616559,50.375,4.627171304989075,12.875,0.35355339059327373,1.32875,0.03758324094593225,3.93875,0.19171686713186478,25.125,1.6420805617960923,21.375,2.6692695630078282,54.375,3.5025500914129895,57.025,4.078427568140866,-2.3795779676967452,2.875,2.875,-3.6199221718763552,50.375,50.375,-1.6848315094093023,1.2160002771622034,1.4414997228377968,-0.11301387817778388,3.3635993986044057,4.513900601395594,3.8890872965260117,12.875,12.875,11.64809095546987
121,Mick Abel,6.714285714285714,0.7559289460184546,120.0,6.055300708194983,1.0,0.0,1.387142857142857,0.04423960733486284,4.481428571428571,0.21551709688008283,63.57142857142857,3.8668308667927223,55.714285714285715,4.750939756661683,122.0,8.831760866327846,127.64285714285714,5.974628898617092,3.061512231374749,6.714285714285714,6.714285714285714,8.732018862158448,120.0,120.0,-2.7512514926498683,1.2544240351382685,1.5198616791474455,-2.618563660447082,3.834877280788323,5.12797986206882,1.0,1.0,1.0,11.423715940436248
122,Calvin Faucher,3.375,1.0606601717798212,61.875,3.6030740843261677,16.75,1.3887301496588271,1.3825,0.026592157812837466,4.08375,0.2383237593814644,28.125,2.2951812875799464,27.25,1.58113883008419,58.625,3.292307050426148,62.375,3.4200041771068896,-0.9663792676216086,3.375,3.375,-1.4570891070039804,61.875,61.875,-4.402479460125338,1.3027235265614876,1.4622764734385125,-0.6993287916371691,3.368778721855607,4.798721278144393,3.780432074071252,16.75,16.75,11.376883743968163
123,Matt Festa,3.375,0.9161253813129042,57.875,1.885091888628092,13.25,0.4629100498862759,1.27875,0.024748737341529214,4.23125,0.21316911462163432,27.625,1.505940617307716,22.0,1.0690449676496976,53.0,2.1380899352993943,58.225,2.1365860619221477,-1.1188424869651141,3.375,3.375,-4.906922604569608,57.875,57.875,-0.5382669987399591,1.2045037879754124,1.3529962120245878,-1.4737907375761201,3.5917426561350974,4.870757343864903,3.7804320740712507,13.25,13.25,10.864337542505451
124,Jordan Romano,3.0,0.7559289460184544,60.25,6.627863262664025,19.25,2.4348657927227597,1.27,0.015118578920369115,4.26875,0.17422788853354404,26.75,2.866057521105554,20.75,3.24037034920393,51.0,5.50324579550235,56.55,6.405577926419175,-1.8520259177452045,3.0,3.0,-1.0372875431405082,60.25,60.25,-0.30237157840737316,1.2246442632388927,1.3153557367611073,-2.0184292516347653,3.7460663343993676,4.791433665600632,3.182926970005051,19.25,19.25,10.704520559097404
125,Joey Cantillo,6.875,1.1259916264596033,141.125,13.206464867091203,1.0,0.0,1.3125,0.020528725518857035,3.90625,0.1813392637335572,57.625,6.843923269169937,57.0,6.347102826149445,117.25,13.739931378493646,132.825,14.179638318982004,2.198062527145091,6.875,6.875,5.603316310968153,141.125,141.125,-2.2929542571062247,1.250913823443429,1.374086176556571,0.059740693274517365,3.3622322087993286,4.450267791200671,1.0,1.0,1.0,10.568165274281537
126,Kyle Harrison,5.142857142857143,0.6900655593423543,105.14285714285714,5.047394424471947,1.0,0.0,1.282857142857143,0.02429971585175826,4.215714285714285,0.12447987024108802,47.142857142857146,2.5448360411214077,38.714285714285715,3.5456210417116742,91.28571428571429,5.5291435658181785,101.01428571428572,5.354259541532819,1.076502272574083,5.142857142857143,5.142857142857143,7.53217481053792,105.14285714285714,105.14285714285714,-0.7172335485276987,1.2099579953018682,1.3557562904124176,-2.3990300745218858,3.842274674991021,4.58915389643755,1.0,1.0,1.0,10.49241346006242
127,Jared Jones,6.0,0.816496580927726,101.25,10.372238588334406,1.0,0.0,1.275,0.03415650255319872,3.9125,0.11954775893619543,44.25,0.9574271077563378,35.75,0.5000000000000006,93.75,2.362907813126305,101.75,4.112987559751022,1.9595917942265508,6.0,6.0,3.2900323020317117,101.25,101.25,-0.2802227352323573,1.1725304923404036,1.3774695076595962,0.03833893143726233,3.553856723191414,4.271143276808586,1.0,1.0,1.0,10.007740292463168
128,Grant Wolfram,2.75,0.8864052604279185,45.0,7.151423434733613,4.0,0.0,1.38375,0.03543101950067387,4.1675,0.13625081913253118,21.25,2.6592157812837534,20.25,3.2403703492039297,43.5,6.458659745975606,45.975,6.528563613624581,-1.8614510468986205,2.75,2.75,-3.093789677246841,45.0,45.0,-3.3394869873608375,1.2774569414979784,1.4900430585020217,-1.8379094398183902,3.758747542602407,4.576252457397594,4.0,4.0,4.0,9.867362848675313
129,Victor Vodnik,3.25,0.4629100498862757,59.125,3.522884370187913,25.125,2.748376143938713,1.4849999999999999,0.028784916685156994,4.42375,0.18212534929861585,30.625,1.7677669529663678,31.125,1.3562026818605373,62.0,2.927700218845599,62.4125,2.380538654530584,-2.484283934389665,3.25,3.25,-2.2708664717182514,59.125,59.125,-7.628002921566585,1.398645249944529,1.5713547500554708,-2.7819667532163654,3.8773739521041524,4.970126047895848,4.9574728080974895,25.125,25.125,9.622243959596581
130,Andrew Kittredge,3.75,0.7071067811865476,57.125,3.9074105418879577,16.375,2.445841952609133,1.19,0.04035556254807297,3.7025,0.17293681752924353,23.75,1.908627030841055,15.25,2.1213203435596424,53.5,3.585685828003181,57.65,3.356443696193082,-0.9192388155425022,3.75,3.75,-2.5592396531663817,57.125,57.125,1.8690997390686463,1.0689333123557812,1.3110666876442187,1.240819256414541,3.1836895474122695,4.221310452587731,1.993178665857592,16.375,16.375,9.597333856062264
131,Dean Kremer,6.571428571428571,0.5345224838248488,96.0,3.6968455021364752,1.0,0.0,1.3,0.015275252316519506,4.427142857142857,0.09159954252329053,55.57142857142857,1.511857892036909,35.42857142857143,1.6183471874253748,111.14285714285714,5.177791402666177,112.51428571428572,3.1002304061841173,4.0623708770688625,6.571428571428571,6.571428571428571,7.810713210306626,96.0,96.0,-2.2632312615904233,1.2541742430504415,1.3458257569495586,-5.568363222773014,4.152344229572986,4.701941484712728,1.0,1.0,1.0,9.041489603012051
132,Gabe Speier,3.5,0.5345224838248489,67.125,3.181980515339462,13.625,3.1139088893910447,1.10625,0.03622844186547343,3.285,0.21699242909768604,21.0,1.4142135623730951,17.125,1.1259916264596033,46.25,1.9086270308410553,57.25,2.121320343559643,-1.6837458240482606,3.5,3.5,0.0,67.125,67.125,4.393745997126986,0.9975646744035797,1.2149353255964201,2.9129280498942234,2.634022712706942,3.935977287293058,0.6824220218002475,13.625,13.625,9.035038331974187
133,Justin Topa,3.25,0.46291004988627565,49.625,4.565006649971686,15.625,1.0606601717798216,1.345,0.022038926600773553,4.18375,0.25522748956288255,27.75,2.815771906346718,19.375,2.0658792662827965,61.25,5.203021100421233,59.95,4.844732043305241,-2.4842839343896657,3.25,3.25,-3.8335102973198394,49.625,49.625,-3.610494740185554,1.2788832201976794,1.4111167798023205,-1.044819533833818,3.418067531311352,4.949432468688648,3.88908729652601,15.625,15.625,8.472327976901171
134,Erik Sabrowski,2.625,0.7440238091428449,72.25,7.47854072854935,15.125,1.8077215335491092,1.33625,0.06988510979764274,3.775,0.15090204959319986,24.5,2.82842712474619,33.5,3.9641248358604595,45.625,6.045954964153424,58.825,6.443989447539465,-2.385676342864468,2.625,2.625,0.6852941216774147,72.25,72.25,-1.0133979724221196,1.1265946706070717,1.5459053293929281,0.9415599968082612,3.3222938512204,4.2277061487796,2.005286728472509,15.125,15.125,8.254213445561634
135,Tyler Phillips,3.0,0.7559289460184545,53.25,7.741354624907156,17.25,1.3887301496588271,1.37375,0.016850180160121984,4.3,0.13907860059281985,33.75,5.418223219575108,24.625,4.34042460069124,72.875,11.544169833420552,70.675,11.173917333300286,-1.8520259177452043,3.0,3.0,-1.7923219736450722,53.25,53.25,-6.42850269505037,1.3231994595196341,1.424300540480366,-2.7532392836460224,3.8827641982215404,4.717235801778459,4.1404732239827995,17.25,17.25,7.876276249827326
136,Tyler Kinley,3.25,0.8864052604279183,66.125,3.796144660799203,13.75,1.0350983390135313,1.27375,0.029246489410818883,4.03625,0.09620476673667006,27.375,1.3024701806293193,25.5,2.2677868380553634,52.25,2.6049403612586386,60.7875,2.463120842694138,-1.2973749720808547,3.25,3.25,-0.26342515613972145,66.125,66.125,-0.28452743351651977,1.1860105317675433,1.3614894682324565,-1.2386773619320495,3.74763569978999,4.3248643002100104,2.173706511928416,13.75,13.75,7.784527635972934
137,PJ Poulin,3.125,0.8345229603962803,57.5,1.9272482233188641,13.375,0.5175491695067657,1.34,0.026186146828319146,4.03625,0.11400971136580548,26.375,0.9161253813129044,24.875,0.35355339059327373,53.875,1.9594095320493141,58.6375,0.528981501161835,-1.527818958263951,3.125,3.125,-4.994167271004167,57.5,57.5,-2.8477434675796918,1.2614415595150426,1.4185584404849576,-1.0452325967593659,3.6942208659025835,4.378279134097417,3.6228441865473595,13.375,13.375,7.699258639129626
138,Lucas Erceg,4.125,1.3562026818605375,58.75,4.334248987508019,17.5,2.7774602993176543,1.30875,0.026423744732991344,3.845,0.18267848415023755,26.625,1.846811924835413,24.75,1.3887301496588271,56.875,3.5228843701879113,62.1625,3.042995469692885,-0.2027720514626385,4.125,4.125,-1.9322840067882705,58.75,58.75,-1.639488611821911,1.229478765801026,1.3880212341989742,0.39459126053427634,3.2969645475492877,4.393035452450713,2.160246899469287,17.5,17.5,7.421281087807892
139,Steven Matz,5.875,1.5526475085202969,103.375,20.804789970443963,1.0,0.0,1.29,0.04503966505838408,4.2162500000000005,0.46583067125911165,56.75,12.256193769449215,33.75,6.96419413859206,122.0,23.718588249966075,120.6875,23.56598259598538,0.949990253361312,5.875,5.875,1.742387212343795,103.375,103.375,-0.5455508725381722,1.1548810048248477,1.4251189951751524,-0.6422219169425623,2.8187579862226655,5.613742013777335,1.0,1.0,1.0,6.504604676224373
140,Brandon Sproat,4.857142857142857,0.6900655593423543,79.42857142857143,3.9940431835899015,1.0,0.0,1.3071428571428572,0.04151878519188064,4.118571428571429,0.1352070722297928,41.857142857142854,3.0783421635988546,34.714285714285715,2.751622897751174,84.85714285714286,8.194074514114279,91.58571428571429,5.121988081278781,0.6624629369686692,4.857142857142857,4.857142857142857,3.0804803210747487,79.42857142857143,79.42857142857143,-1.0047087245327975,1.1825865015672152,1.431699212718499,-1.4902186099825787,3.7129502118820508,4.524192645260808,1.0,1.0,1.0,6.248015923528042
141,Brad Lord,5.0,0.6324555320336759,75.33333333333333,6.0553007081949835,18.166666666666668,4.490731195102493,1.3266666666666667,0.02943920288775944,4.336666666666667,0.27609177218212555,46.166666666666664,5.84522597225006,31.333333333333332,2.7325202042558927,95.83333333333333,9.45339445208263,95.73333333333333,8.572436448680543,0.9486832980505244,5.0,5.0,1.3555616358118308,75.33333333333333,75.33333333333333,-2.0801546655856415,1.2383490580033882,1.414984275329945,-1.5197241483044017,3.50839135012029,5.164941983213043,1.4845392380504114,18.166666666666668,18.166666666666668,6.127062310224369
142,Andrew Sears,0.0,0.0,5.0,0.0,1.0,0.0,1.3875,0.04787135538781683,4.6325,0.5243011221298944,3.0,0.0,2.25,0.5,6.0,0.0,6.0,0.0,0.0,0.0,0.0,5.0,5.0,5.0,-2.5499889773853224,1.2438859338365496,1.5311140661634504,-1.3645148493300843,3.059596633610317,6.2054033663896835,1.0,1.0,1.0,6.085496173284594
143,Roki Sasaki,6.375,0.7440238091428448,110.875,11.909629957067756,1.0,0.0,1.295,0.03251373336211726,4.1850000000000005,0.06117889458675375,51.125,4.85320218294802,41.5,5.014265364224069,101.125,10.749584709586292,109.7375,10.164495279437846,2.6544849448773853,6.375,6.375,3.6734978465083725,110.875,110.875,-0.9095057845889494,1.1974587999136481,1.3925412000863517,-4.379233532680986,4.0014633162397395,4.3685366837602615,1.0,1.0,1.0,6.039243474115822
144,Tony Santillan,2.875,0.6408699444616557,71.25,3.19597961731387,18.25,2.7645717829090897,1.3425,0.02549509756796389,4.35,0.20736441353327745,32.75,1.6690459207925603,30.375,1.3024701806293193,60.5,2.5634797778466236,67.4625,2.7364928023188457,-2.379577967696746,2.875,2.875,1.2906840762229095,71.25,71.25,-3.0229901402014363,1.2660147072961083,1.4189852927038917,-2.0877095509794055,3.7279067594001676,4.972093240599832,2.4416077895785886,18.25,18.25,6.0084453652382654
