,Name,HR,HR,R,R,RBI,RBI,SB,SB,OBP,OBP,HR_sharpe,HR,HR,R_sharpe,R,R,RBI_sharpe,RBI,RBI,SB_sharpe,SB,SB,OBP_sharpe,OBP,OBP,Total_sharpe,POS,Salary
,,mean,std,mean,std,mean,std,mean,std,mean,std,,low,high,,low,high,,low,high,,low,high,,low,high,,,
13,Francisco Lindor,25.625,0.744023809142845,92.0,5.879747322073339,81.125,5.488624600025039,22.875,0.9910312089651149,0.3345,0.002828427124746199,29.06493009264468,23.392928572571464,27.857071427428536,12.340382904030577,74.36075803377999,109.63924196622001,11.440328177368919,64.65912619992488,97.59087380007512,18.289030492719846,19.901906373104655,25.848093626895345,9.369164850721733,0.3260147186257614,0.3429852813742386,80.50383651748575,SS,29.780309478544268
17,Trea Turner,18.0,0.7559289460184537,87.625,3.5831949031954338,72.25,3.535533905932739,26.5,1.511857892036909,0.33275,0.0034537764010675958,18.520259177452154,15.732213161944639,20.26778683805536,19.028642084897093,76.8754152904137,98.3745847095863,15.24993624758987,61.64339828220179,82.85660171779821,14.38627275391371,21.964426323889274,31.035573676110726,7.1660689998198865,0.3223886707967972,0.34311132920320275,74.35117926367272,SS,23.09014181040955
18,Bobby Witt Jr.,28.75,1.832250762625808,102.375,3.814914340921881,95.0,4.6598589800857395,33.75,1.908627030841054,0.3485,0.00578174466995659,13.507976367017934,23.253247712122576,34.24675228787743,21.739238662248024,90.93025697723436,113.81974302276564,16.452572276179918,81.02042305974278,108.97957694025722,15.194168127871942,28.02411890747684,39.47588109252316,7.0048060424474015,0.3311547659901302,0.36584523400986974,73.89876147576523,SS,39.35441529610849
22,Gunnar Henderson,26.875,1.1259916264596033,99.25,4.334248987508018,86.125,5.111262075065219,22.375,1.5979898086569355,0.35162499999999997,0.005998511720180502,20.315426387250028,23.49702512062119,30.25297487937881,18.413416848767447,86.24725303747594,112.25274696252406,13.263195209140525,70.79121377480435,101.45878622519565,11.02948210590486,17.581030574029192,27.168969425970808,7.272637286551346,0.33362946483945843,0.3696205351605415,70.29415783761421,SS,33.640972868368145
27,Elly De La Cruz,23.875,1.807721533549109,95.375,6.759913355319621,83.375,9.257236551554067,40.125,1.1259916264596033,0.33425000000000005,0.006088631091750311,10.994503097487206,18.451835399352674,29.298164600647326,11.232885592176814,75.09525993404114,115.65474006595886,7.026034854402391,55.6032903453378,111.1467096546622,31.41675228192217,36.74702512062119,43.50297487937881,4.311313923349216,0.31598410672474914,0.35251589327525096,64.9814897493378,SS,33.0389421551651
32,Mookie Betts,21.625,0.9161253813129042,88.25,4.464142854857069,82.25,3.8078865529319574,9.125,0.9910312089651149,0.351375,0.006390562237728841,19.238633007570993,18.876623856061286,24.373376143938714,15.413559908475747,74.8575714354288,101.6424285645712,16.785339000567852,70.82634034120413,93.67365965879587,4.414593567208239,6.151906373104655,12.098093626895345,6.787352722100263,0.33220331328681346,0.3705466867131865,62.6394782059231,SS,24.611844137195472
35,Zach Neto,26.875,1.1259916264596033,86.875,4.549332761123171,80.625,8.175529690135416,27.125,1.6420805617960927,0.323125,0.004580626906564517,20.315426387250028,23.49702512062119,30.25297487937881,14.822686506819734,73.22700171663048,100.52299828336952,7.619282056039466,56.098410929593754,105.15158907040625,13.626006251195392,22.198758314611723,32.05124168538828,3.301949778604386,0.30938311928030643,0.33686688071969356,59.68535097990901,SS,25.52760312834405
39,CJ Abrams,18.5,1.195228609334394,81.0,5.999999999999999,69.25,3.6154430670982194,30.5,1.1952286093343938,0.312875,0.004940720016932185,12.131570384744093,14.914314171996818,22.085685828003182,10.259722222222234,63.0,99.0,14.083105644789686,58.40367079870534,80.09632920129465,21.543995683252444,26.914314171996818,34.08568582800318,0.9866982916038676,0.29805283994920345,0.3276971600507966,59.00509222661233,SS,20.660380716208053
42,Willy Adames,25.75,1.388730149658827,81.125,4.940720016932175,82.75,4.832922806867791,11.75,0.7071067811865476,0.318375,0.0018468119248354188,15.661790021152331,21.58380955102352,29.91619044897648,12.484685050344993,66.30283994920347,95.94716005079653,13.32871830171337,68.25123157939663,97.24876842060337,9.899494936611665,9.628679656440358,13.871320343559642,5.617789153556936,0.31283456422549377,0.32391543577450627,56.992477463379295,SS,18.123715875753025
68,J.P. Crawford,11.0,0.9258200997725514,64.0,2.6186146828319092,53.125,3.9074105418879577,4.875,0.6408699444616557,0.334125,0.00247487373415293,7.560864148142504,8.222539700682345,13.777460299317655,17.015994611756184,56.144155951504274,71.85584404849573,8.904021293308038,41.40276837433613,64.84723162566388,0.1950473744013735,2.952390166615033,6.797609833384967,10.556094090570546,0.3267003787975412,0.3415496212024588,44.23202151817865,SS,2.9327108087301585
71,Xander Bogaerts,13.25,1.3887301496588274,66.5,4.629100498862755,60.75,3.535533905932736,15.875,1.356202681860538,0.329125,0.0030908852176312735,6.660761273363633,9.083809551023517,17.416190448976483,10.16576186775257,52.612698503411735,80.38730149658826,11.997245054131763,50.143398282201794,71.35660171779821,8.203051172806937,11.806391954418386,19.943608045581612,6.834611612070581,0.3198523443471062,0.3383976556528938,43.86143098012548,SS,11.62226427007483
75,Ezequiel Tovar,19.75,1.2817398889233107,74.625,3.6228441865473595,75.375,4.808846015417838,8.75,1.0350983390135309,0.3035,0.002976095236571373,12.287984587286537,15.904780333230068,23.595219666769932,15.232047113216916,63.75646744035792,85.49353255964208,11.861820171363993,60.94846195374649,89.80153804625351,3.8643671323171853,5.644704982959407,11.855295017040593,-1.5120483863225607,0.2945717142902859,0.3124282857097141,41.73417061786207,SS,13.212932967652751
79,Corey Seager,26.375,1.8468119248354133,72.5,3.9279220242478625,78.625,5.578978401105347,2.375,0.5175491695067657,0.3565,0.005318431562567512,12.115472993815569,20.83456422549376,31.91543577450624,13.507990486011051,60.71623392725641,84.28376607274359,10.806936742167931,61.888064796683956,95.36193520331605,-4.588935969626656,0.8223524914797031,3.927647508520297,9.119229876220547,0.34054470531229747,0.3724552946877025,40.96069412858844,SS,21.06483481259697
92,Carlos Correa,16.5,0.9258200997725514,62.875,2.9001231500945406,63.375,3.0676887530703434,0.25,0.46291004988627577,0.33137500000000003,0.004867897756879107,13.501543121683042,13.722539700682345,19.277460299317653,14.976375514232048,54.174630549716376,71.57536945028362,14.682606448123535,54.17193374078897,72.57806625921103,-9.721111047611789,-1.1387301496588274,1.6387301496588274,4.801867493409753,0.3167713067293627,0.34597869327063735,38.24128152983659,3B/SS,7.409947708034354
111,Masyn Winn,13.5,1.414213562373095,76.625,7.069805008424405,63.25,3.9551051999734645,12.625,1.0606601717798212,0.309875,0.006642665127793214,6.717514421272202,9.257359312880716,17.742640687119284,8.088389038338898,55.415584974726784,97.83441502527322,11.356630075722897,51.38468440007961,75.1153155999204,7.4246212024587495,9.443019484660535,15.806980515339465,0.28226622356062026,0.2899470046166204,0.32980299538337965,33.86942096135337,SS,12.630362157401825
112,Josh Smith,10.625,1.3024701806293193,60.0,4.309458036856673,47.875,2.6423744732991303,9.5,0.9258200997725514,0.331,0.007540367554512374,5.086488810668183,6.717589458112042,14.532410541887959,9.411469606260912,47.07162588942998,72.92837411057002,11.179969745084046,39.94787658010261,55.80212341989739,5.130586386239556,6.722539700682345,12.277460299317655,3.050249186624352,0.3083788973364629,0.35362110266353713,33.858763734877044,1B/3B/SS/OF,5.0765379865366
115,Geraldo Perdomo,13.25,1.3887301496588271,86.375,8.551315688243534,66.25,7.611082145698563,20.375,2.326094212561969,0.35775,0.008066686343935094,6.660761273363635,9.083809551023519,17.41619044897648,7.827255567860073,60.7210529352694,112.0289470647306,6.295644397130438,43.41675356290431,89.08324643709568,6.71726876564925,13.396717362314094,27.353282637685908,6.167340327717633,0.33354994096819474,0.3819500590318053,33.668270331721025,SS,19.88796705093051
123,Xavier Edwards,3.875,0.991031208965115,67.875,4.642582409453969,45.875,4.673252156077792,26.5,1.9272482233188628,0.34225,0.007086203900134796,-0.12613124477737825,0.901906373104655,6.848093626895345,10.432412192555955,53.94725277163809,81.80274722836191,5.8934689905074755,31.855243531766625,59.894756468233375,11.285520846165268,20.718255330043412,32.28174466995659,4.83333537711898,0.3209913882995956,0.3635086117004044,32.3186061615703,2B/SS,7.66807980539283
124,Chase Meidroth,7.125,0.9910312089651149,62.75,4.200340122282615,43.5,3.295017884191656,12.375,1.0606601717798214,0.3445,0.009591663046625436,3.1532811194344563,4.151906373104655,10.098093626895345,10.310672962788095,50.14897963315215,75.35102036684785,7.6377936482249575,33.61494634742503,53.38505365257497,7.188918942063232,9.193019484660535,15.556980515339465,3.805388056541613,0.31572501086012367,0.3732749891398763,32.096054729052355,2B/SS,7.640350945345405
131,Ha-Seong Kim,8.375,0.5175491695067655,45.625,3.4200041771068896,37.375,4.274091382136927,14.625,1.5979898086569353,0.326625,0.004867897756879088,8.453303101943842,6.822352491479704,9.927647508520296,7.655936068324589,35.36498746867933,55.88501253132067,4.455137937913336,24.55272585358922,50.19727414641078,6.1796389104005955,9.831030574029194,19.418969425970808,3.8260869332516303,0.31202130672936274,0.34122869327063726,30.57010295183399,SS,1.0
134,Jared Triolo,8.5,0.7559289460184545,53.625,4.926241685388278,43.5,2.9277002188456005,12.75,1.58113883008419,0.324125,0.005083235752381129,5.952940449895328,6.232213161944637,10.767786838055363,6.939028881738498,38.84627494383517,68.40372505616483,8.596053142554995,34.7168993434632,52.2831006565368,5.059644256269406,8.00658350974743,17.49341649025257,3.172192041741641,0.30887529274285663,0.33937470725714336,29.719858772199867,1B/3B/SS,1.0
146,Dansby Swanson,21.125,2.167124493754009,77.375,8.749489781042746,75.375,7.1501748230375455,15.375,1.7677669529663689,0.307375,0.002065879266282799,7.902176385969944,14.623626518737973,27.62637348126203,6.62133847608529,51.126530656871765,103.62346934312824,7.977660417879708,53.924475530887364,96.82552446911264,6.010407640085654,10.071699141100893,20.678300858899107,-0.3025346205853398,0.3011773622011516,0.3135726377988484,28.209048299435253,SS,8.181087626894351
197,Brayan Rocchio,8.625,1.0606601717798212,52.875,6.62112420320641,46.25,6.6493823558497285,11.625,0.9161253813129042,0.304375,0.009440603794249637,4.360491817317043,5.443019484660536,11.806980515339465,5.049494965997261,33.01162739038077,72.73837260961923,4.198384928505015,26.301852932450814,66.19814706754919,7.5044313150099615,8.876623856061286,14.373376143938714,-0.3839796774659701,0.2760531886172511,0.3326968113827489,20.728823349363314,2B/SS,1.0
207,Zach McKinstry,7.75,0.8864052604279183,46.875,6.2206453500765155,35.625,3.0676887530703443,13.125,1.6420805617960925,0.30825,0.005849297882163793,4.230570561133247,5.090784218716244,10.409215781283756,4.410046191267914,28.213063949770454,65.53693605022954,5.636708303396175,26.421933740788965,44.828066259211035,5.100236976704421,8.198758314611723,18.051241685388277,0.0427401724166503,0.2907021063535086,0.3257978936464914,19.420302204918407,3B/SS/OF,1.0
208,Kevin McGonigle,14.625,2.38671920665766,60.25,9.114352888243276,57.75,9.808888097755304,9.25,1.2817398889233111,0.329625,0.00734725410321045,4.451717642511937,7.46484238002702,21.78515761997298,4.477370344741929,32.90694133527017,87.59305866472982,4.0184643023592965,28.32333570673409,87.17666429326592,3.5108527392247235,5.404780333230066,13.095219666769934,2.943276453518977,0.30758323769036866,0.35166676230963134,19.40168148235686,3B/SS,13.02391538661101
210,Anthony Volpe,14.25,1.6690459207925603,56.625,6.802048010919735,53.0,9.546876826630642,17.375,2.133909892327093,0.29325,0.007440238091428466,6.1412330675316005,9.242862237622319,19.25713776237768,5.466490867697606,36.21885596724079,77.03114403275922,3.631204978990129,24.359369520108075,81.64063047989193,5.916369779902963,10.97327032301872,23.77672967698128,-1.9824634398451224,0.2709292857257146,0.3155707142742854,19.172835254277174,SS,3.2917080242880457
214,Brooks Lee,13.875,1.3562026818605375,56.25,5.444525428617001,60.375,6.345695954176906,4.375,0.5175491695067657,0.29612499999999997,0.006854352110677058,7.281360029794925,9.806391954418388,17.943608045581612,6.760613723992344,39.916423714149,72.583576285851,6.625225502490981,41.33791213746928,79.41208786253071,-0.724568837309472,2.822352491479703,5.927647508520296,-1.732475923071165,0.2755619436679688,0.3166880563320311,18.210154495897612,2B/3B/SS,1.0
217,Joey Ortiz,10.75,1.8322507626258084,64.125,11.2305387226081,56.75,8.811518435709997,13.125,1.457737973711325,0.30625,0.009207915849187266,3.683993554641254,5.253247712122574,16.246752287877428,3.9787346303683333,30.4333838321757,97.8166161678243,4.359823672498645,30.31544469287001,83.18455530712998,5.7452026022740466,8.751786078866026,17.498213921133974,-0.19005386546342481,0.2786262524524382,0.3338737475475618,17.577700594318856,SS,3.10339088179991
221,Ernie Clement,10.125,1.1259916264596035,65.0,9.561828874675149,59.75,8.32809359080113,8.5,1.6903085094570331,0.3015,0.00968061391205567,5.43964968838935,6.747025120621189,13.502974879378812,4.764604546939372,36.314513375974556,93.68548662402544,4.97312694857486,34.76571922759661,84.7342807724034,2.218529918662356,3.4290744716289003,13.570925528371099,-0.671445019814837,0.27245815826383296,0.330541841736167,16.724466082751103,1B/2B/3B/SS,1.0
222,Gabriel Arias,11.75,1.164964745021435,46.0,5.154748157905346,46.25,4.527692569068709,8.25,1.3887301496588271,0.285125,0.0060577577181188495,6.652561833411879,8.255105764935696,15.244894235064304,5.1522077354261056,30.53575552628396,61.464244473716036,6.165760205845599,32.66692229279387,59.83307770720613,2.520288049380835,4.083809551023519,12.416190448976481,-3.776149701659492,0.26695172684564344,0.3032982731543566,16.714668122404927,2B/SS,1.0
242,Jordan Lawlar,10.0,1.7728105208558367,55.125,9.341726668173134,47.5,8.635475005547093,16.875,3.4408263127170073,0.31025,0.006135377506140691,3.3844564489065974,4.68156843743249,15.318431562567511,3.819779212220477,27.099819995480598,83.1501800045194,3.3775405114288604,21.59357498335872,73.40642501664128,3.5238628451505996,6.552521061848978,27.197478938151022,0.3667256004619245,0.291843867481578,0.3286561325184221,14.472364618168458,2B/3B/SS/OF/DH,1.0
251,Konnor Griffin,11.5,1.9272482233188635,60.125,18.185060587510524,52.25,14.508618128546908,20.75,5.922113522335466,0.31825000000000003,0.005391792704790216,3.8915589124707806,5.71825533004341,17.28174466995659,2.23718437106966,5.569818237468425,114.68018176253157,2.337691044465001,8.724145614359273,95.77585438564073,2.7017381446092545,2.9836594329936013,38.516340567006395,1.901037476996038,0.3020746218856294,0.3344253781143707,13.069209949610734,SS,1.0
266,Carson Williams,15.5,2.5634797778466227,53.5,9.54687682663064,52.25,9.996427933445599,12.625,2.38671920665766,0.282125,0.0063569422119218715,4.4860896112315904,7.809560666460132,23.190439333539867,3.5674843146953568,24.85936952010808,82.14063047989193,3.3928786254927936,22.260716199663204,82.23928380033679,3.299508370332377,5.46484238002702,19.78515761997298,-4.070353188278753,0.2630541733642344,0.3011958266357656,10.675607733473365,SS,1.0
309,Ezequiel Duran,5.875,1.3562026818605373,29.75,6.386369413502032,26.75,5.52268050859363,7.875,1.4577379737113252,0.28875,0.009852483370776523,1.3825367145180238,1.8063919544183884,9.943608045581612,1.6141147913460134,10.590891759493903,48.9091082405061,1.524018391715729,10.181958474219112,43.318041525780885,2.1437323142813605,3.501786078866024,12.248213921133976,-1.9538221254041865,0.25919254988767043,0.3183074501123296,4.7105800864569405,1B/2B/SS,1.0
313,Edmundo Sosa,7.25,0.7071067811865476,29.0,3.0705978943149534,28.875,2.900123150094542,3.0,0.5345224838248488,0.29574999999999996,0.0033700360320244164,4.596194077712559,5.128679656440357,9.371320343559642,3.112857385537238,19.788206317055142,38.21179368294486,3.6349031131050475,20.174630549716376,37.575369450283624,-3.2739502134271987,1.3964325485254536,4.603567451474547,-3.634975971648984,0.2856398919039267,0.3058601080960732,4.43502839127866,2B/3B/SS,1.0
321,Ryan Ritter,6.625,2.8252686345094435,32.875,13.600814051267035,29.625,13.015787117409161,4.375,1.5059406173077154,0.318625,0.0107959979357432,0.9291151885299515,-1.8508059035283306,15.10080590352833,0.9876859784052383,-7.927442153801103,73.67744215380111,0.867536213124106,-9.422361352227483,68.67236135222748,-0.2490138028619057,-0.14282185192314678,8.892821851923147,0.9841609884736021,0.28623700619277037,0.3510129938072296,3.5194845656709925,2B/SS,1.0
323,Colt Emerson,5.625,1.8468119248354136,34.625,13.553465555769439,32.625,13.585049555617063,5.0,1.7728105208558367,0.30874999999999997,0.0028157719063467116,0.8798946867016894,0.08456422549375908,11.165435774506241,1.1202546884306024,-6.035396667308319,75.28539666730832,1.0520143197238052,-8.130148666851191,73.3801486668512,0.14101901870444156,-0.31843156256751026,10.318431562567511,0.26635680195170747,0.30030268428095985,0.3171973157190401,3.459539515512246,SS,1.0
330,Payton Eeles,1.0,1.7320508075688772,19.0,32.90896534380867,15.333333333333334,26.558112382722783,6.0,10.392304845413264,0.3233333333333333,0.003511884584284242,-1.7320508075688774,-4.196152422706632,6.196152422706632,-0.013420861520634196,-79.72689603142601,117.72689603142601,-0.11295983527623107,-64.34100381483502,95.00767048150168,0.12028130608117203,-25.176914536239792,37.17691453623979,4.366126780461494,0.3127976795804806,0.333868987086186,2.6279765821769234,2B/SS,1.0
334,Taylor Walls,4.125,0.9910312089651148,28.0,6.414269805898186,21.375,4.240535680446853,11.0,1.6903085094570331,0.29262499999999997,0.0043073856837496675,0.12613124477737828,1.151906373104656,7.098093626895344,1.3342646306308557,8.75719058230544,47.24280941769456,0.7172835924224903,8.653392958659442,34.09660704134056,3.69754986443726,5.9290744716289,16.0709255283711,-3.5694505040504696,0.279702842948751,0.30554715705124896,2.305778828217515,SS,1.0
371,Darell Hernaiz,2.875,1.7268882005337975,24.5,16.509737386507048,21.875,16.260710755859176,4.125,2.416461403433896,0.315125,0.007972049386987737,-0.6514608181654445,-2.305664601601393,8.055664601601393,0.30638484519247594,-25.029212159521144,74.02921215952114,0.2178051574646274,-26.907132267577524,70.65713226757752,-0.2586426578598971,-3.124384210301688,11.374384210301688,0.8937475991593418,0.2912088518390368,0.3390411481609632,0.5078341257911034,3B/SS,1.0
380,Jett Williams,4.125,3.6030740843261686,22.375,21.70541407114824,20.25,20.14057737858717,5.875,4.940720016932176,0.30674999999999997,0.008310922245541023,0.03469259778580905,-6.684222252978506,14.934222252978506,0.13514293363481628,-42.74124221344472,87.49124221344472,0.09516443499303091,-40.171732135761516,80.67173213576152,0.2276996057547382,-8.94716005079653,20.69716005079653,-0.15040448738052856,0.2818172332633769,0.33168276673662306,0.34229508478786586,SS,1.0
385,Michael Stefanic,1.3333333333333333,2.3094010767585034,16.333333333333332,25.73583752927682,16.333333333333332,26.576932353703526,1.3333333333333333,2.3094010767585034,0.3526666666666667,0.014502873278538025,-1.1547005383792515,-5.5948698969421775,8.261536563608844,-0.120778402093861,-60.874179254497136,93.5408459211638,-0.07525322988306804,-63.39746372777725,96.06413039444391,-1.479460064798416,-5.5948698969421775,8.261536563608844,3.079849475949455,0.30915804683105264,0.39617528650228073,0.2496572407948583,2B/SS,1.0
390,Kaelen Culpepper,4.666666666666667,8.082903768654761,21.333333333333332,36.950417228136054,20.666666666666668,35.795716689756794,4.0,6.928203230275509,0.3073333333333333,0.007094598884597586,0.08247860988423228,-19.582044639297617,28.915377972630953,0.05119473090080045,-89.51791835107484,132.1845850177415,0.06518470781173201,-86.7204834026037,128.05381673593703,-0.10825317547305484,-16.784609690826528,24.784609690826528,-0.09396819714699324,0.28604953667954053,0.32861712998712606,-0.0033633240232833206,SS,1.0
424,Aidan Miller,2.25,3.5355339059327378,13.25,21.73049207252992,11.5,19.603206734759347,5.5,9.102589898327995,0.3115,0.00855235974119759,-0.49497474683058323,-8.356601717798213,12.856601717798213,-0.2849298877356603,-51.94147621758975,78.44147621758975,-0.3485824245895869,-47.30962020427804,70.30962020427805,0.0823941327003827,-21.807769694983985,32.80776969498399,0.40924377667839973,0.2858429207764072,0.3371570792235928,-0.6368491497770478,SS,1.0
451,Andruw Monasterio,3.0,1.6903085094570331,17.0,11.364103886486483,14.75,9.452890714334048,4.125,2.799872446074234,0.3165,0.0146677488778223,-0.5916079783099616,-2.0709255283710997,8.070925528371099,-0.21485782698362085,-17.092311659459448,51.09231165945945,-0.37907275579730176,-13.608672143002146,43.108672143002146,-0.22322445469840133,-4.274617338222702,12.524617338222702,0.5795026947081188,0.2724967533665331,0.3605032466334669,-0.8292603210811667,1B/SS,1.0
752,Jadher Areinamo,4.333333333333333,7.505553499465136,20.333333333333332,35.21836642056717,21.0,36.373066958946424,4.333333333333333,7.505553499465136,0.2896666666666667,0.010115993936995636,0.04441155916843271,-18.183327165062074,26.84999383172874,0.025318229017743474,-85.32176592836818,125.98843259503484,0.07331431989709536,-88.11920087683927,130.11920087683927,-0.055514448960540974,-18.183327165062074,26.84999383172874,-1.8123116173770817,0.25931868485567977,0.3200146484776536,-1.724781958254351,2B/SS,1.0
827,Thomas Saggese,5.375,2.326094212561969,27.625,14.80287134308746,26.625,12.827843600097852,3.0,1.3093073414159542,0.297625,0.004405759217854997,0.591119651377134,-1.603282637685906,12.353282637685906,0.5528206753721999,-16.78361402926238,72.03361402926238,0.6463803991657193,-11.858530800293558,65.10853080029355,-1.3365845776954535,-0.9279220242478625,6.927922024247863,-2.35487222223897,0.28440772234643497,0.310842277653565,-1.9011360740193703,2B/3B/SS,1.0
848,Ronny Simon,1.6,3.5777087639996634,12.8,26.395075298244556,10.0,20.137030565602267,3.8,7.949842765740716,0.3028,0.010686440005914066,-0.6708203932499369,-9.133126291998991,12.33312629199899,-0.2516252214331936,-66.38522589473367,91.98522589473366,-0.41383128988085216,-50.4110916968068,70.4110916968068,-0.1194992187888241,-20.049528297222146,27.649528297222147,-0.4865979687456449,0.2707406799822578,0.3348593200177422,-1.9423740920984518,2B/SS/OF/DH,1.0
916,Bobby Dalbec,5.666666666666667,8.962886439832502,19.0,31.192947920964443,18.333333333333332,30.03886371574886,2.0,3.4641016151377544,0.2843333333333333,0.015631165450257795,0.18595200082640045,-21.22199265283084,32.55532598616417,-0.014159183280326212,-74.57884376289333,112.57884376289333,0.0,-71.78325781391325,108.44992448057991,-0.7938566201357354,-8.392304845413264,12.392304845413264,-1.5140692318803617,0.23743983698255994,0.3312268296841067,-2.136133034470023,1B/3B/SS,1.0
1075,Nick Sogard,1.0,1.6903085094570331,12.375,20.374616560809187,9.375,15.089613267788826,2.125,3.6815175442433286,0.317125,0.012687873850931163,-1.7748239349298849,-4.0709255283711,6.0709255283711,-0.346836793005441,-48.74884968242756,73.49884968242756,-0.5936754755972651,-35.893839803366475,54.643839803366475,-0.7130211844581941,-8.919552632729985,13.169552632729985,0.7191906309290985,0.2790613784472065,0.35518862155279346,-2.709166757061686,1B/2B/3B/SS/OF,1.0
1092,Trei Cruz,1.5714285714285714,3.7352886036263584,11.285714285714286,23.69749836103863,9.142857142857142,19.794179038533624,1.2857142857142858,2.984084768360628,0.30671428571428566,0.0089202818661424,-0.6501696886858168,-9.634437239450504,12.777294382307646,-0.34416934043812947,-59.80678079740161,82.37820936883018,-0.4643019633491721,-50.23967997274373,68.52539425845801,-1.160920678600191,-7.666540019367599,10.237968590796171,-0.1441338183039215,0.2799534401158585,0.33347513131271284,-2.763695489377231,SS,1.0
1112,Diego Castillo,2.0,3.4641016151377544,16.0,26.0,13.333333333333334,22.233608194203057,1.0,1.7320508075688772,0.3096666666666667,0.006027713773341721,-0.5773502691896258,-8.392304845413264,12.392304845413264,-0.13237179487179254,-62.0,94.0,-0.22488477607083326,-53.36749124927584,80.0341579159425,-2.165063509461097,-4.196152422706632,6.196152422706632,0.2765006318046713,0.29158352534664156,0.32774980798669184,-2.8231697177886774,2B/SS,1.0
1141,Max Schuemann,1.25,1.9820624179302295,10.5,15.362291495737216,8.625,13.201055152632955,2.75,3.770183777256185,0.311375,0.01156271717942754,-1.3874436925511608,-4.696187253790688,7.196187253790688,-0.5820529228434295,-35.586874487211645,56.586874487211645,-0.7354210115088415,-30.978165457898868,48.22816545789887,-0.5304781194129305,-8.560551331768554,14.060551331768554,0.29188640936447346,0.27668684846171737,0.34606315153828265,-2.943509336951889,2B/3B/SS,1.0
1145,Gage Workman,4.666666666666667,8.082903768654761,22.0,36.38681079732051,19.666666666666668,33.201405592735576,4.0,6.928203230275509,0.282,0.008544003745317498,0.08247860988423228,-19.582044639297617,28.915377972630953,0.07030935872845959,-87.16043239196152,131.16043239196154,0.04015894235589433,-79.93755011154006,119.2708834448734,-0.10825317547305484,-16.784609690826528,24.784609690826528,-3.043069827099409,0.2563679887640475,0.30763201123595246,-2.9583760916038777,3B/SS/DH,1.0
1151,Diego Velasquez,0.6666666666666666,1.1547005383792517,17.0,29.444863728670914,15.666666666666666,27.135462651912412,3.6666666666666665,6.3508529610858835,0.31,0.008185352771872458,-2.8867513459481287,-2.7974349484710888,4.130768281804422,-0.08292334748654713,-71.33459118601274,105.33459118601274,-0.09827238624504266,-65.73972128907057,97.07305462240392,-0.17058076135148037,-15.385892216590983,22.719225549924317,0.24433888871261042,0.28544394168438264,0.33455605831561736,-2.9941889523185883,2B/SS,1.0
1195,Tommy Troy,1.875,2.4748737341529163,10.75,16.263455967290593,10.75,16.67118986241148,2.375,3.8890872965260117,0.303375,0.006345695954176912,-0.8586296628693791,-5.549621202458749,9.299621202458749,-0.5344292556359159,-38.040367901871775,59.540367901871775,-0.454876550259407,-39.26356958723444,60.76356958723444,-0.6106831292065638,-9.292261889578036,14.042261889578036,-0.7288404665773007,0.2843379121374693,0.3224120878625307,-3.1874590645485665,2B/SS,1.0
1206,Miguel Rojas,3.25,1.164964745021435,19.5,5.903993805649092,17.75,5.470701182533317,3.125,1.246423454758225,0.30125,0.005675763007233984,-0.643796306459214,-0.2448942350643053,6.744894235064305,0.00988031750263341,1.7880185830527253,37.211981416947275,-0.10662862288947172,1.3378964524000487,34.162103547599955,-1.30373028026435,-0.6142703642746747,6.864270364274675,-1.1892674150412619,0.28422271097829804,0.318277289021702,-3.233542307151664,2B/3B/SS,1.0
1217,Wyatt Young,1.0,1.7320508075688772,16.0,26.851443164195103,11.666666666666666,19.347695814575268,2.3333333333333335,4.041451884327381,0.3056666666666667,0.0045092497528229055,-1.7320508075688774,-4.196152422706632,6.196152422706632,-0.12817436461872841,-64.55432949258531,96.55432949258531,-0.34457160845191925,-46.37642077705914,69.70975411039247,-0.5979699216606837,-9.791022319648809,14.457688986315476,-0.517454889668192,0.292138917408198,0.3191944159251354,-3.3202215919684006,2B/SS,1.0
1229,Milan Tolentino,3.6666666666666665,6.3508529610858835,17.333333333333332,30.022213997860543,16.666666666666668,28.867513459481287,3.6666666666666665,6.3508529610858835,0.2793333333333334,0.009504384952922156,-0.05248638810814782,-15.385892216590983,22.719225549924317,-0.07022577793508229,-72.7333086602483,107.39997532691496,-0.0577350269189625,-69.93587371177719,103.26920704511053,-0.17058076135148037,-15.385892216590983,22.719225549924317,-3.016151682477145,0.2508201784745669,0.30784648819209987,-3.3671796367908176,SS,1.0
1263,Marco Luciano,3.4,7.602631123499285,13.4,26.623298067669978,13.6,27.07027890510181,1.0,2.23606797749979,0.281,0.019570385790780923,-0.07892004626469847,-19.407893370497856,26.207893370497853,-0.22693156389979002,-66.46989420300993,93.26989420300994,-0.17485351185063938,-67.61083671530542,94.81083671530541,-1.6770509831248421,-5.708203932499369,7.708203932499369,-1.379635551830508,0.22228884262765725,0.3397111573723428,-3.537391656970478,SS,1.0
1287,Leo De Vries,2.5,4.242640687119285,11.375,20.45858185282087,11.625,21.5667568261897,1.25,2.3754698783308417,0.301875,0.005356904756613538,-0.3535533905932738,-10.227922061357855,15.227922061357855,-0.39429256263695317,-50.00074555846261,72.75074555846261,-0.311049704292443,-53.075270478569095,76.3252704785691,-1.4733927093444459,-5.876409634992525,8.376409634992525,-1.1433841515360483,0.28580428573015937,0.31794571426984064,-3.675672518403164,SS,1.0
1328,Isiah Kiner-Falefa,1.75,0.7071067811865476,21.625,9.5608950567253,18.75,9.647353449077553,6.5,3.1622776601683795,0.2995,0.005318431562567498,-3.181980515339464,-0.37132034355964283,3.871320343559643,0.2283607675201496,-7.057685170175901,50.3076851701759,0.04318973787640258,-10.192060347232658,47.692060347232655,0.5533985905294664,-2.986832980505138,15.986832980505138,-1.5982155453170093,0.2835447053122975,0.3154552946877025,-3.9552469647304545,3B/SS,1.0
1332,Rodolfo Castro,4.666666666666667,8.082903768654761,17.0,29.444863728670914,20.0,34.64101615137755,2.6666666666666665,4.618802153517007,0.28833333333333333,0.005507570547286107,0.08247860988423228,-19.582044639297617,28.915377972630953,-0.08292334748654713,-71.33459118601274,105.33459118601274,0.04811252243246884,-83.92304845413264,123.92304845413264,-0.4510548978043951,-11.189739793884355,16.52307312721769,-3.570842442745931,0.271810621691475,0.30485604497519164,-3.974229555720172,2B/SS,1.0
1372,Bryson Brigman,1.3333333333333333,2.3094010767585034,12.333333333333334,21.361959960016154,10.333333333333334,17.897858344878397,1.6666666666666667,2.8867513459481287,0.2926666666666667,0.013012814197295388,-1.1547005383792515,-5.5948698969421775,8.261536563608844,-0.3327566078505044,-51.75254654671513,76.4192132133818,-0.4469808535661618,-43.36024170130185,64.02690836796852,-1.0680979980008076,-6.993587371177719,10.326920704511052,-1.1783256950306893,0.25362822407478053,0.33170510925855284,-4.180861692827414,2B/SS,1.0
1389,Euribiel Angeles,1.3333333333333333,2.3094010767585034,15.0,25.98076211353316,16.333333333333332,28.290163190291665,3.3333333333333335,5.773502691896257,0.2893333333333333,0.007094598884597595,-1.1547005383792515,-5.5948698969421775,8.261536563608844,-0.17095982971003684,-62.94228634059948,92.94228634059948,-0.07069595132934192,-68.53715623754167,101.20382290420832,-0.24537386440559095,-13.987174742355437,20.653841409022103,-2.6311095201156665,0.2680495366795405,0.31061712998712604,-4.272839703939887,2B/SS,1.0
1414,Jonathan Ornelas,2.6666666666666665,4.618802153517007,16.666666666666668,27.15388247255507,16.333333333333332,27.42869543622761,2.3333333333333335,4.041451884327381,0.2773333333333334,0.00929157324317756,-0.28867513459481287,-11.189739793884355,16.52307312721769,-0.10219533073418441,-64.79498075099853,98.12831408433188,-0.07291633700370655,-65.9527529753495,98.61941964201615,-0.5979699216606837,-9.791022319648809,14.457688986315476,-3.3004816153372043,0.2494586136038007,0.3052080530628661,-4.362238339330592,2B/3B/SS,1.0
1428,Trey Sweeney,2.125,4.051013982414068,11.125,19.08205963726138,10.0,17.912485669419052,1.75,3.370036032024414,0.28775,0.00923889294543142,-0.46284708177745065,-10.028041947242203,14.278041947242203,-0.43583694971934367,-46.12117891178414,68.37117891178414,-0.46522484300212724,-43.73745700825715,63.73745700825715,-0.8901981971385244,-8.360108096073242,11.860108096073242,-2.1918210460500576,0.26003332116370576,0.31546667883629426,-4.445928117687504,SS,1.0
1444,Frederick Bencosme,1.6666666666666667,2.8867513459481287,13.333333333333334,22.233608194203057,11.0,18.193405398660254,3.0,5.196152422706632,0.27566666666666667,0.011930353445448835,-0.808290376865476,-6.993587371177719,10.326920704511052,-0.27473423476653197,-53.36749124927584,80.0341579159425,-0.4030764539481626,-43.58021619598076,65.58021619598077,-0.3367876570272817,-12.588457268119896,18.588457268119896,-2.7101739677014995,0.23987560633032018,0.31145772700301316,-4.5330626903089515,2B/SS,1.0
1449,Julio Carreras,1.0,1.7320508075688772,13.666666666666666,23.671361036774655,11.0,19.05255888325765,4.0,6.928203230275509,0.2793333333333334,0.013576941236277527,-1.7320508075688774,-4.196152422706632,6.196152422706632,-0.24396569301732104,-57.3474164436573,84.68074977699064,-0.38490017945975047,-46.15767664977295,68.15767664977295,-0.10825317547305484,-16.784609690826528,24.784609690826528,-2.1114230494030135,0.2386025096245008,0.32006415704216595,-4.5805929049220175,3B/SS,1.0
1470,Clay Dungan,2.3333333333333335,4.041451884327381,19.666666666666668,33.201405592735576,17.0,28.583211855912904,5.0,8.660254037844387,0.284,0.005567764362830018,-0.41239304942116123,-9.791022319648809,14.457688986315476,0.006776821522559018,-79.93755011154006,119.2708834448734,-0.046647428569421265,-68.74963556773871,102.74963556773871,0.028867513459481284,-20.98076211353316,30.98076211353316,-4.310527248642605,0.2672967069115099,0.30070329308849003,-4.733923391651147,2B/SS,1.0
1501,Livan Soto,1.6666666666666667,2.8867513459481287,15.0,25.11971337416094,13.0,21.656407827707714,1.0,1.7320508075688772,0.29633333333333334,0.007767453465154028,-0.808290376865476,-6.993587371177719,10.326920704511052,-0.17681995811446907,-60.35914012248283,90.35914012248283,-0.24627045148779203,-51.969223483123145,77.96922348312314,-2.165063509461097,-4.196152422706632,6.196152422706632,-1.50199376398006,0.27303097293787126,0.3196356937287954,-4.898438059908894,SS,1.0
1543,Luke Waddell,0.6666666666666666,1.1547005383792517,14.666666666666666,25.403411844343534,12.0,20.784609690826528,2.0,3.4641016151377544,0.3036666666666667,0.0045092497528229055,-2.8867513459481287,-2.7974349484710888,4.130768281804422,-0.18796687741230192,-61.543568866363934,90.87690219969727,-0.3047126420723024,-50.353829072479584,74.35382907247958,-0.7938566201357354,-8.392304845413264,12.392304845413264,-0.960987652240935,0.29013891740819797,0.3171944159251354,-5.134275137809404,2B/SS,1.0
1554,Eddinson Paulino,3.0,5.196152422706632,12.666666666666666,21.93931022920578,13.666666666666666,23.671361036774655,2.0,3.4641016151377544,0.26333333333333336,0.012013880860626752,-0.19245008972987526,-12.588457268119896,18.588457268119896,-0.3088064268757642,-53.151264020950684,78.48459735428402,-0.19714399435743318,-57.3474164436573,84.68074977699064,-0.7938566201357354,-8.392304845413264,12.392304845413264,-3.7179215596396733,0.2272916907514531,0.2993749759152136,-5.2101786907384815,2B/3B/SS,1.0
1637,Denzer Guzman,2.5,4.65985898008574,10.0,19.420166249104494,10.75,21.539001170633966,1.375,2.7222627143085005,0.2785,0.008783100656536785,-0.321898153229607,-11.479576940257221,16.47957694025722,-0.48617846755570293,-48.26049874731348,68.26049874731348,-0.3520745123349714,-53.8670035119019,75.3670035119019,-1.2397774771188113,-6.791788142925501,9.541788142925501,-3.358722751064537,0.2521506980303897,0.30484930196961035,-5.758651361303629,SS,1.0
1640,Zack Short,3.6666666666666665,6.3508529610858835,17.333333333333332,29.16047553338823,17.333333333333332,29.16047553338823,1.3333333333333333,2.3094010767585034,0.293,0.0036055512754639926,-0.05248638810814782,-15.385892216590983,22.719225549924317,-0.07230106144597229,-70.14809326683137,104.81475993349802,-0.03429299357121312,-70.14809326683137,104.81475993349802,-1.479460064798416,-5.5948698969421775,8.261536563608844,-4.160251471689218,0.282183346173608,0.30381665382639195,-5.798791979612967,SS,1.0
1646,Jacob Amaya,1.6,3.5777087639996634,10.0,20.688160865577203,9.4,19.346834366376324,1.2,2.6832815729997477,0.2802,0.009471008394041261,-0.6708203932499369,-9.133126291998991,12.33312629199899,-0.4563801842036374,-52.06448259673161,72.06448259673161,-0.46174651439922115,-48.64050309912897,67.44050309912897,-1.3230068866873754,-6.849844718999242,9.249844718999242,-2.9352735045077694,0.2517869748178762,0.3086130251821238,-5.8472274830479405,SS,1.0
1650,Tsung-Che Cheng,1.0,2.23606797749979,11.6,23.15815191244759,10.2,21.135278564523347,3.0,6.708203932499369,0.2872,0.0058906705900092695,-1.3416407864998738,-5.708203932499369,7.708203932499369,-0.33861366383263436,-57.874455737342764,81.07445573734276,-0.3848226229194609,-53.20583569357004,73.60583569357004,-0.2608745973749754,-17.12461179749811,23.12461179749811,-3.531007154818218,0.2695279882299722,0.3048720117700278,-5.856958825445163,2B/SS,1.0
1664,Nick Allen,1.375,1.0606601717798212,15.75,11.02918207043737,12.375,9.19530159530243,3.625,2.1998376563477846,0.287375,0.010308630226313144,-2.4748737341529163,-1.8069805153394638,4.556980515339464,-0.3347180818205688,-17.33754621131211,48.83754621131211,-0.6479758463145183,-15.210904785907289,39.96090478590729,-0.5114013739849094,-2.974512969043354,10.224512969043353,-2.0007507832955302,0.2564491093210606,0.3183008906789394,-5.969719819568443,SS,1.0
1680,Liover Peguero,2.6666666666666665,4.589843860815601,11.166666666666666,21.02775943049251,12.166666666666666,23.953427033864415,2.5,4.183300132670377,0.27566666666666667,0.006947421584060292,-0.29049644688706344,-11.102864915780136,16.43619824911347,-0.3935274239441936,-51.91661162481086,74.2499449581442,-0.25744402493841384,-59.69361443492658,84.02694776825992,-0.5378528742004772,-10.04990039801113,15.04990039801113,-4.654004790427114,0.2548244019144858,0.29650893141884754,-6.133325560397262,SS,1.0
1681,Kahlil Watson,2.25,4.77343841331532,7.75,16.688319268278637,8.375,18.454093622515614,1.875,4.120939559996343,0.28500000000000003,0.005999999999999984,-0.3666120411480419,-12.07031523994596,16.570315239945963,-0.7005898244582527,-42.31495780483591,57.81495780483591,-0.5396273334813524,-46.98728086754684,63.73728086754684,-0.6976564344473305,-10.48781867998903,14.23781867998903,-3.833333333333338,0.26700000000000007,0.303,-6.137818966868315,SS/OF,1.0
1706,Jorge Mateo,3.625,1.0606601717798214,21.375,7.0089228844380935,16.125,5.276294695549683,13.25,3.453776401067595,0.2705,0.0045039665058384205,-0.35355339059327373,0.44301948466053576,6.806980515339465,0.2758388650024917,0.34823134668571853,42.40176865331428,-0.4185386641113814,0.29611591335095255,31.953884086649047,2.461074201958346,2.8886707967972143,23.611329203202786,-8.32599442100409,0.25698810048248477,0.28401189951751526,-6.3611734087479075,2B/3B/SS/OF/DH,1.0
1710,Andrew Navigato,4.0,6.928203230275509,17.666666666666668,29.737742572921256,18.666666666666668,31.46956201368766,2.6666666666666665,4.618802153517007,0.26866666666666666,0.006658328118479403,0.0,-16.784609690826528,24.784609690826528,-0.05968845804779502,-71.54656105209709,106.87989438543043,0.010592245713122814,-75.7420193743963,113.07535270772965,-0.4510548978043951,-11.189739793884355,16.52307312721769,-5.907388856996746,0.24869168231122846,0.2886416510221049,-6.407539967135813,2B/SS,1.0
1737,Ryan Fitzgerald,1.8,4.024922359499621,8.0,16.777961735562517,9.4,19.907285098676816,0.8,1.7888543819998317,0.2798,0.010353743284435814,-0.5465943944999486,-10.274767078498863,13.874767078498865,-0.6819461652731561,-42.333885206687555,58.333885206687555,-0.44874694309406893,-50.32185529603045,69.12185529603045,-2.2081171277810423,-4.5665631459994955,6.166563145999495,-2.7236526177340554,0.24873877014669254,0.31086122985330744,-6.609057248382271,1B/2B/3B/SS,1.0
1795,Mason McCoy,1.375,2.326094212561969,10.0,15.033296378372908,8.0,12.58116506074514,2.875,4.120939559996343,0.263375,0.010514445845053922,-1.128501152629074,-5.603282637685906,8.353282637685906,-0.6280503243619615,-35.09988913511872,55.09988913511872,-0.8213335794770443,-29.74349518223542,45.74349518223542,-0.45499332681347643,-9.48781867998903,15.23781867998903,-4.244160905635547,0.23183166246483827,0.2949183375351618,-7.277039288917103,2B/SS/DH,1.0
1799,Alexander Vargas,2.6666666666666665,4.618802153517007,14.333333333333334,24.826061575153908,12.666666666666666,21.93931022920578,4.333333333333333,7.505553499465136,0.25566666666666665,0.008020806277010649,-0.28867513459481287,-11.189739793884355,16.52307312721769,-0.20576495058909092,-60.14485139212838,88.81151805879504,-0.2582882783216746,-53.151264020950684,78.48459735428402,-0.055514448960540974,-18.183327165062074,26.84999383172874,-6.52469733414855,0.2316042478356347,0.2797290854976986,-7.3329401466146695,SS,1.0
1803,Kervin Pichardo,2.6666666666666665,4.618802153517007,12.0,20.784609690826528,13.666666666666666,23.671361036774655,1.3333333333333333,2.3094010767585034,0.268,0.00793725393319378,-0.28867513459481287,-11.189739793884355,16.52307312721769,-0.3580373544349525,-50.353829072479584,74.35382907247958,-0.19714399435743318,-57.3474164436573,84.68074977699064,-1.479460064798416,-5.5948698969421775,8.261536563608844,-5.039526306789689,0.24418823820041868,0.29181176179958135,-7.3628428549753036,3B/SS,1.0
1817,Scott Kingery,1.4285714285714286,3.3594217189442417,7.285714285714286,14.885275562495597,6.714285714285714,14.256159905040883,1.5714285714285714,3.7352886036263584,0.2552857142857143,0.012419263071458615,-0.765437860012612,-8.649693728261296,11.506836585404153,-0.8166427507449052,-37.37011240177251,51.94154097320108,-0.8150194509910904,-36.05419400083694,49.48276542940837,-0.850957386662319,-9.634437239450504,12.777294382307646,-4.244558264928882,0.21802792507133845,0.2925435035000901,-7.492615713339809,2B/SS/OF,1.0
1879,Freddy Zamora,1.3333333333333333,2.3094010767585034,13.666666666666666,23.671361036774655,12.0,20.784609690826528,2.6666666666666665,4.618802153517007,0.2876666666666667,0.0035118845842842562,-1.1547005383792515,-5.5948698969421775,8.261536563608844,-0.24396569301732104,-57.3474164436573,84.68074977699064,-0.3047126420723024,-50.353829072479584,74.35382907247958,-0.4510548978043951,-11.189739793884355,16.52307312721769,-5.789863774090222,0.2771310129138139,0.29820232041951944,-7.944297545363492,SS,1.0
1917,Edwin Arroyo,0.625,1.407885953173359,9.25,18.4990347238521,8.5,16.77583295781677,1.25,2.3754698783308417,0.297375,0.00329230705042615,-2.3972112175654487,-3.5986578595200767,4.848657859520077,-0.5509296468061535,-46.247104171556295,64.74710417155629,-0.586160660878031,-41.82749887345031,58.82749887345031,-1.4733927093444459,-5.876409634992525,8.376409634992525,-3.2272202553600566,0.2874980788487215,0.3072519211512785,-8.234914489954136,SS,1.0
1932,Alika Williams,1.0,2.23606797749979,8.142857142857142,16.283207827171434,6.571428571428571,13.464238347775723,0.42857142857142855,1.1338934190276817,0.2897142857142857,0.01104104894947763,-1.3416407864998738,-5.708203932499369,7.708203932499369,-0.6938933436048998,-40.70676633865716,56.99248062437144,-0.8735662915420548,-33.8212864718986,46.96414361475574,-3.8111417695097076,-2.973108828511617,3.8302516856544737,-1.6561573424216565,0.25659113886585283,0.3228374325627186,-8.376399533578192,SS,1.0
1941,Jack Winkler,1.4,3.1304951684997055,9.0,18.452642087245934,8.6,18.676188047886004,3.2,7.155417527999327,0.26280000000000003,0.007120393247567172,-0.8305395344999219,-7.991485505499115,10.791485505499116,-0.5658629597483853,-46.3579262617378,64.3579262617378,-0.5211627398683785,-47.428564143658015,64.62856414365801,-0.21661908532029212,-18.266252583997982,24.66625258399798,-6.347963999803447,0.24143882025729851,0.28416117974270155,-8.482148319240425,1B/2B/3B/SS,1.0
1955,Jason Matthews,1.0,1.7320508075688772,11.666666666666666,20.207259421636902,9.0,15.588457268119896,1.6666666666666667,2.8867513459481287,0.26433333333333336,0.009073771725877476,-1.7320508075688774,-4.196152422706632,6.196152422706632,-0.3847627151099405,-48.95511159824404,72.28844493157737,-0.5987336124929451,-37.76537180435969,55.76537180435969,-1.0680979980008076,-6.993587371177719,10.326920704511052,-4.812405247327717,0.23711201815570093,0.2915546485109658,-8.596050380500287,3B/SS,1.0
1959,Trey Lipscomb,1.0,2.4494897427831783,7.75,16.696877381286427,7.75,16.696877381286427,1.375,3.50255009141299,0.2775,0.005952190473142743,-1.224744871391589,-6.3484692283495345,8.348469228349535,-0.7002307317517001,-42.34063214385928,57.84063214385928,-0.6338510544010433,-42.34063214385928,57.84063214385928,-0.9635836496027002,-9.13265027423897,11.88265027423897,-5.124163975870893,0.25964342858057177,0.2953565714194283,-8.646574283017925,1B/3B/SS,1.0
1970,Josh Kasevich,0.42857142857142855,1.1338934190276817,7.142857142857143,14.971401308590227,6.428571428571429,13.08761682987832,0.7142857142857143,1.889822365046136,0.2964285714285714,0.006803360514166091,-3.14970394174356,-2.973108828511617,3.8302516856544737,-0.8214868648770175,-37.77134678291353,52.057061068627824,-0.9096202967666335,-32.834279061063526,45.69142191820639,-2.135499272502134,-4.955181380852694,6.383752809424123,-1.7008401285415296,0.2760184898860731,0.31683865297106967,-8.717150504430874,SS,1.0
1974,Aeverson Arteaga,2.0,3.4641016151377544,12.333333333333334,21.361959960016154,13.0,22.516660498395403,1.0,1.7320508075688772,0.242,0.01216552506059643,-0.5773502691896258,-8.392304845413264,12.392304845413264,-0.3327566078505044,-51.75254654671513,76.4192132133818,-0.23686164889830796,-54.549981495186216,80.54998149518622,-2.165063509461097,-4.196152422706632,6.196152422706632,-5.425166581076795,0.2055034248182107,0.2784965751817893,-8.73719861647633,SS,1.0
1995,Maximo Acosta,2.625,3.420004177106889,13.75,17.934404287370608,12.5,15.999999999999998,4.875,6.128096884724608,0.288375,0.002503568881188843,-0.4020462925759244,-7.635012531320667,12.885012531320667,-0.3173602298390626,-40.05321286211182,67.55321286211182,-0.3645833333333333,-35.49999999999999,60.49999999999999,0.02039784983027686,-13.509290654173824,23.259290654173824,-7.838809687824882,0.2808642933564335,0.2958857066435665,-8.902401693742926,2B/3B/SS,1.0
2000,Robert Moore,1.6666666666666667,2.8867513459481287,14.333333333333334,23.96525262402492,14.0,23.388031127053,2.3333333333333335,4.041451884327381,0.27,0.005291502622129186,-0.808290376865476,-6.993587371177719,10.326920704511052,-0.21315583079696895,-57.56242453874143,86.2290912054081,-0.1852799540839055,-56.164093381159006,84.164093381159,-0.5979699216606837,-9.791022319648809,14.457688986315476,-7.181324987175307,0.25412549213361246,0.2858745078663876,-8.986021070582341,2B/SS,1.0
2009,Jose Iglesias,1.375,1.0606601717798212,14.375,8.087689057185266,13.375,7.614600636746673,1.5,0.7559289460184544,0.30225,0.00544452542861701,-2.4748737341529163,-1.8069805153394638,4.556980515339464,-0.6264665506848681,-9.888067171555797,38.6380671715558,-0.6511613109957888,-9.468801910240021,36.21880191024002,-4.29934588047996,-0.767786838055363,3.767786838055363,-1.0561067397678703,0.285916423714149,0.31858357628585104,-9.107954216081403,2B/3B/SS,1.0
2025,Eric Brown Jr.,1.0,1.7320508075688772,10.333333333333334,17.897858344878397,8.333333333333334,14.433756729740644,3.3333333333333335,5.773502691896257,0.262,0.007549834435270756,-1.7320508075688774,-4.196152422706632,6.196152422706632,-0.5089063259873039,-43.36024170130185,64.02690836796852,-0.6928203230275508,-34.967936855888595,51.63460352255527,-0.24537386440559095,-13.987174742355437,20.653841409022103,-6.092848842499194,0.23935049669418773,0.2846495033058123,-9.272000163488517,SS,1.0
2030,Aaron Schunk,1.4,3.1304951684997055,10.0,19.58315602756614,9.8,19.136352839556444,0.8,1.7888543819998317,0.2694,0.007231873892705827,-0.8305395344999219,-7.991485505499115,10.791485505499116,-0.48213202475515626,-48.74946808269842,68.74946808269843,-0.44592265855875196,-47.60905851866933,67.20905851866934,-2.2081171277810423,-4.5665631459994955,6.166563145999495,-5.337482452360313,0.2477043783218825,0.2910956216781175,-9.304193797955186,2B/3B/SS/DH,1.0
2041,Josh Rivera,2.0,3.4641016151377544,13.0,22.516660498395403,11.333333333333334,19.629909152447276,0.6666666666666666,1.1547005383792517,0.263,0.009643650760992963,-0.5773502691896258,-8.392304845413264,12.392304845413264,-0.28608446030998497,-54.549981495186216,80.54998149518622,-0.35659869567594527,-47.55639412400849,70.22306079067516,-3.536270398786457,-2.7974349484710888,4.130768281804422,-4.666282626286908,0.2340690477170211,0.2919309522829789,-9.422586450248922,SS,1.0
2055,Ben Cowles,1.0,2.6457513110645903,8.571428571428571,18.28348200660132,8.142857142857142,17.5824587911605,1.8571428571428572,4.488079449258573,0.27685714285714286,0.004740906081772815,-1.133893419027682,-6.937253933193771,8.937253933193771,-0.5945387257915803,-46.2790174483754,63.42187459123254,-0.5795819749396713,-44.60451923062436,60.89023351633864,-0.6445646017552208,-11.607095490632862,15.321381204918577,-6.568967325168268,0.2626344246118244,0.2910798611024613,-9.521546046682422,2B/SS,1.0
2073,Luke Williams,0.8333333333333334,2.041241452319315,6.666666666666667,12.925427136720344,6.0,11.296016997154352,3.8333333333333335,7.440878084384038,0.26433333333333336,0.007312090444371336,-1.5513435037626793,-5.290391023624612,6.957057690291278,-0.9883619214182058,-32.10961474349437,45.4429480768277,-1.091830274019621,-27.888050991463054,39.888050991463054,-0.12319334576794762,-18.48930091981878,26.155967586485446,-5.9718444402284625,0.24239706200021935,0.28626960466644735,-9.726573485196916,SS,1.0
2083,Ethan Murray,0.8571428571428571,1.864454471471609,7.0,14.594519519326424,6.285714285714286,13.1239512052619,1.1428571428571428,2.6095064302514777,0.27271428571428574,0.007064330251677224,-1.6856711659880297,-4.73622055727197,6.450506271557684,-0.8524889531437498,-36.78355855797927,50.78355855797927,-0.9179871868762123,-33.08613933007141,45.65756790149998,-1.3823084761646813,-6.68566214789729,8.971376433611576,-4.9949128974168024,0.25152129495925407,0.2939072764693174,-9.833368679589476,2B/SS,1.0
2086,Anthony Servideo,1.0,1.7320508075688772,10.0,17.320508075688775,7.666666666666667,13.279056191361391,2.0,3.4641016151377544,0.243,0.010816653826391963,-1.7320508075688774,-4.196152422706632,6.196152422706632,-0.5451148791598681,-41.96152422706632,61.96152422706632,-0.8032699397420879,-32.17050190741751,47.50383524075084,-0.7938566201357354,-8.392304845413264,12.392304845413264,-6.009252125773319,0.2105500385208241,0.2754499614791759,-9.883544372379887,2B/3B/SS,1.0
2098,Nic Kent,1.0,1.7320508075688772,12.0,20.784609690826528,11.333333333333334,19.629909152447276,1.6666666666666667,2.8867513459481287,0.2833333333333333,0.0037859388972001384,-1.7320508075688774,-4.196152422706632,6.196152422706632,-0.3580373544349525,-50.353829072479584,74.35382907247958,-0.35659869567594527,-47.55639412400849,70.22306079067516,-1.0680979980008076,-6.993587371177719,10.326920704511052,-6.515336706809693,0.2719755166417329,0.29469115002493373,-10.030121562490276,2B/SS,1.0
2132,Cal Conley,1.3333333333333333,2.3094010767585034,18.666666666666668,31.46956201368766,13.666666666666666,22.810816147900834,5.333333333333333,9.237604307034013,0.25666666666666665,0.00568624070307734,-1.1547005383792515,-5.5948698969421775,8.261536563608844,-0.024626971283008406,-75.7420193743963,113.07535270772965,-0.20458131074350516,-54.76578177703583,82.09911511036917,0.06314768569261528,-22.37947958776871,33.04614625443538,-9.027639879112439,0.23960794455743464,0.2737253887758987,-10.348401013825589,2B/SS,1.0
2137,Cameron Cauley,1.875,4.120939559996343,10.125,21.780971380673414,8.5,17.59058189567848,3.0,5.656854249492381,0.269,0.004535573676110743,-0.5156591037219399,-10.48781867998903,14.23781867998903,-0.42774339600544287,-55.21791414202025,75.46791414202025,-0.5590112590731925,-44.271745687035434,61.271745687035434,-0.30935921676911454,-13.970562748477143,19.970562748477143,-8.598691760959884,0.2553932789716678,0.28260672102833223,-10.410464736529574,2B/SS,1.0
2138,Keyber Rodriguez,1.3333333333333333,2.3094010767585034,15.666666666666666,27.135462651912412,12.666666666666666,21.93931022920578,2.6666666666666665,4.618802153517007,0.26566666666666666,0.005033222956847164,-1.1547005383792515,-5.5948698969421775,8.261536563608844,-0.13911684677813632,-65.73972128907057,97.07305462240392,-0.2582882783216746,-53.151264020950684,78.48459735428402,-0.4510548978043951,-11.189739793884355,16.52307312721769,-8.41078046736303,0.2505669977961252,0.28076633553720814,-10.413941028646487,3B/SS,1.0
2139,Ildemaro Vargas,1.375,1.0606601717798212,11.625,7.836498853806736,12.375,9.98480989160177,1.25,0.7071067811865476,0.29125,0.011961246948852294,-2.4748737341529163,-1.8069805153394638,4.556980515339464,-0.9974692541260953,-11.884496561420207,35.13449656142021,-0.5967397875391588,-17.57942967480531,42.32942967480531,-4.949747468305833,-0.8713203435596428,3.371320343559643,-1.4003556712460639,0.25536625915344313,0.3271337408465569,-10.419185915370068,1B/2B/3B/SS/DH,1.0
2176,Pascanel Ferreras,2.3333333333333335,4.041451884327381,14.0,24.24871130596428,14.333333333333334,24.826061575153908,2.3333333333333335,4.041451884327381,0.275,0.0034641016151377574,-0.41239304942116123,-9.791022319648809,14.457688986315476,-0.22441055106001276,-58.74613391789285,86.74613391789285,-0.16112100535524432,-60.14485139212838,88.81151805879504,-0.5979699216606837,-9.791022319648809,14.457688986315476,-9.52627944162881,0.26460769515458676,0.2853923048454133,-10.922173969125913,2B/3B/SS,1.0
2224,David Mershon,0.3333333333333333,0.5773502691896258,9.666666666666666,16.74315780649915,7.333333333333333,12.701705922171767,4.333333333333333,7.505553499465136,0.2723333333333333,0.009712534856222267,-6.350852961085883,-1.3987174742355444,2.065384140902211,-0.5838205739305403,-40.56280675283078,59.89614008616411,-0.8660254037844386,-30.771784433181967,45.438451099848635,-0.055514448960540974,-18.183327165062074,26.84999383172874,-3.6722304933420222,0.24319572876466652,0.30147093790200014,-11.528443881103424,2B/SS,1.0
2229,Jared Serna,1.125,2.799872446074234,10.0,20.618992631621392,8.625,17.12923565970514,1.75,3.770183777256185,0.28662499999999996,0.0024458419526091377,-1.0268324916126461,-7.274617338222702,9.524617338222702,-0.45791115188560755,-51.85697789486417,71.85697789486417,-0.5667697920795871,-42.76270697911542,60.01270697911542,-0.7957171791193958,-9.560551331768554,13.060551331768554,-8.739321842606362,0.27928747414217253,0.2939625258578274,-11.586552457303599,2B/SS,1.0
2234,Tristan Gray,4.75,3.6154430670982176,17.0,12.739141034061687,18.375,13.835126102992854,0.375,0.5175491695067657,0.272125,0.011063937557927297,0.20744345466956993,-6.096329201294653,15.596329201294653,-0.1916665071952749,-21.21742310218506,55.21742310218506,0.0030116578885142505,-23.130378308978564,59.880378308978564,-8.45330310194384,-1.1776475085202969,1.9276475085202969,-3.24251649217738,0.2389331873262181,0.3053168126737819,-11.67703098875841,1B/2B/3B/SS,1.0
2261,Alan Trejo,3.0,5.196152422706632,14.333333333333334,23.96525262402492,13.666666666666666,22.810816147900834,0.6666666666666666,1.1547005383792517,0.26966666666666667,0.0047258156262526205,-0.19245008972987526,-12.588457268119896,18.588457268119896,-0.21315583079696895,-57.56242453874143,86.2290912054081,-0.20458131074350516,-54.76578177703583,82.09911511036917,-3.536270398786457,-2.7974349484710888,4.130768281804422,-8.111474582373859,0.2554892197879088,0.28384411354542455,-12.257932212430665,SS,1.0
2273,Tommy Sacco Jr.,1.6666666666666667,2.8867513459481287,11.333333333333334,18.77054430040145,11.666666666666666,19.347695814575268,3.0,5.196152422706632,0.262,0.004358898943540677,-0.808290376865476,-6.993587371177719,10.326920704511052,-0.43197113539003007,-44.97829956787101,67.64496623453768,-0.34457160845191925,-46.37642077705914,69.70975411039247,-0.3367876570272817,-12.588457268119896,18.588457268119896,-10.55312375804583,0.24892330316937797,0.275076696830622,-12.474744535780538,SS,1.0
2310,Harrison Spohn,1.0,1.7320508075688772,6.666666666666667,11.547005383792515,7.333333333333333,12.701705922171767,0.6666666666666666,1.1547005383792517,0.246,0.010392304845413272,-1.7320508075688774,-4.196152422706632,6.196152422706632,-1.1063474533346151,-27.974349484710874,41.307682818044206,-0.8660254037844386,-30.771784433181967,45.438451099848635,-3.536270398786457,-2.7974349484710888,4.130768281804422,-5.965952781626128,0.21482308546376017,0.2771769145362398,-13.206646845100515,SS,1.0
2318,Jeron Williams,1.0,1.7320508075688772,8.0,13.856406460551018,8.0,13.856406460551018,4.0,6.928203230275509,0.27033333333333337,0.003785938897200194,-1.7320508075688774,-4.196152422706632,6.196152422706632,-0.8257311662472416,-33.569219381653056,49.569219381653056,-0.7457440977032666,-33.569219381653056,49.569219381653056,-0.10825317547305484,-16.784609690826528,24.784609690826528,-9.949095241479508,0.2589755166417328,0.28169115002493395,-13.360874488471948,2B/SS,1.0
2320,Cortland Lawson,0.6666666666666666,1.1547005383792517,11.0,19.05255888325765,10.0,17.320508075688775,1.3333333333333333,2.3094010767585034,0.26333333333333336,0.0055075705472861,-2.8867513459481287,-2.7974349484710888,4.130768281804422,-0.4430725929462778,-46.15767664977295,68.15767664977295,-0.481125224324688,-41.96152422706632,61.96152422706632,-1.479460064798416,-5.5948698969421775,8.261536563608844,-8.110048937761949,0.24681062169147505,0.2798560449751917,-13.40045816577946,SS,1.0
2353,Nicky Lopez,0.125,0.3535533905932738,7.0,12.615183595289333,4.625,8.348438690643214,1.0,1.6903085094570331,0.318,0.005928141120356136,-10.960155108391486,-0.9356601717798214,1.1856601717798214,-0.9862453901433889,-30.845550785868,44.845550785868,-1.6420235976216004,-20.42031607192964,29.67031607192964,-2.218529918662356,-4.0709255283711,6.0709255283711,1.6868694244915772,0.3002155766389316,0.3357844233610684,-14.120084590327254,2B/3B/SS/OF,1.0
2359,Nick Ahmed,1.0,1.7320508075688772,6.333333333333333,10.115993936995679,5.666666666666667,8.962886439832502,1.6666666666666667,2.8867513459481287,0.26033333333333336,0.005507570547286114,-1.7320508075688774,-4.196152422706632,6.196152422706632,-1.2958028064246034,-24.014648477653704,36.68131514432037,-1.413235206280643,-21.22199265283084,32.55532598616417,-1.0680979980008076,-6.993587371177719,10.326920704511052,-8.65475371716385,0.24381062169147502,0.2768560449751917,-14.163940535438782,SS,1.0
2370,Orlando Arcia,3.5,2.6726124191242437,13.5,9.211793682944862,14.5,10.433462649434409,0.25,0.4629100498862757,0.27925,0.008379396500601063,-0.18708286933869708,-4.517837257372731,11.517837257372731,-0.645006485291489,-14.135381048834585,41.13538104883459,-0.3674075867364259,-16.800387948303225,45.800387948303225,-9.72111104761179,-1.1387301496588271,1.6387301496588271,-3.431034681070138,0.2541118104981968,0.3043881895018032,-14.35164267004854,2B/3B/SS,1.0
2390,Alex De Jesus,1.6666666666666667,2.8867513459481287,11.666666666666666,20.207259421636902,10.666666666666666,18.475208614068027,1.0,1.7320508075688772,0.275,0.0030000000000000027,-0.808290376865476,-6.993587371177719,10.326920704511052,-0.3847627151099405,-48.95511159824404,72.28844493157737,-0.4149705059800434,-44.75895917553742,66.09229250887076,-2.165063509461097,-4.196152422706632,6.196152422706632,-10.999999999999982,0.266,0.28400000000000003,-14.77308710741654,3B/SS,1.0
2412,Jacob Gonzalez,1.75,3.5,11.5,23.0,13.25,26.5,2.0,4.0,0.27425,0.002500000000000004,-0.6428571428571429,-8.75,12.25,-0.3452898550724611,-57.5,80.5,-0.19182389937106914,-66.25,92.75,-0.6875,-10.0,14.0,-13.499999999999979,0.26675,0.28175,-15.367470897300652,2B/SS,1.0
2463,Noah Miller,2.0,3.4641016151377544,17.333333333333332,30.022213997860543,14.0,24.24871130596428,1.0,1.7320508075688772,0.26766666666666666,0.0028867513459481273,-0.5773502691896258,-8.392304845413264,12.392304845413264,-0.07022577793508229,-72.7333086602483,107.39997532691496,-0.17870365474916983,-58.74613391789285,86.74613391789285,-2.165063509461097,-4.196152422706632,6.196152422706632,-13.971876514388951,0.2590064126288223,0.27632692070451104,-16.963219725723924,SS,1.0
2469,Jeremy Rivas,1.6666666666666667,2.8867513459481287,15.666666666666666,27.135462651912412,13.333333333333334,23.09401076758503,4.0,6.928203230275509,0.26766666666666666,0.002516611478423578,-0.808290376865476,-6.993587371177719,10.326920704511052,-0.13911684677813632,-65.73972128907057,97.07305462240392,-0.2165063509461096,-55.94869896942175,82.61536563608841,-0.10825317547305484,-16.784609690826528,24.784609690826528,-16.026841520487064,0.2601168322313959,0.2752165011019374,-17.29900827054984,SS,1.0
2480,Cade Doughty,2.0,3.4641016151377544,11.666666666666666,20.207259421636902,12.666666666666666,21.93931022920578,1.0,1.7320508075688772,0.26233333333333336,0.003214550253664313,-0.5773502691896258,-8.392304845413264,12.392304845413264,-0.3847627151099405,-48.95511159824404,72.28844493157737,-0.2582882783216746,-53.151264020950684,78.48459735428402,-2.165063509461097,-4.196152422706632,6.196152422706632,-14.206238217806838,0.2526896825723404,0.2719769840943263,-17.591702989889175,2B/3B/SS,1.0
2527,Yordys Valdes,1.6666666666666667,2.8867513459481287,12.333333333333334,21.361959960016154,10.666666666666666,18.475208614068027,3.0,5.196152422706632,0.243,0.0036055512754639926,-0.808290376865476,-6.993587371177719,10.326920704511052,-0.3327566078505044,-51.75254654671513,76.4192132133818,-0.4149705059800434,-44.75895917553742,66.09229250887076,-0.3367876570272817,-12.588457268119896,18.588457268119896,-18.027756377319932,0.23218334617360803,0.25381665382639196,-19.920561525043237,2B/SS,1.0
2529,Andrew Velazquez,2.3333333333333335,4.041451884327381,13.666666666666666,23.671361036774655,10.666666666666666,18.475208614068027,5.666666666666667,9.814954576223638,0.25266666666666665,0.0028867513459481273,-0.41239304942116123,-9.791022319648809,14.457688986315476,-0.24396569301732104,-57.3474164436573,84.68074977699064,-0.4149705059800434,-44.75895917553742,66.09229250887076,0.09339489648655715,-23.778197062004246,35.11153039533758,-19.16802893709559,0.24400641262882228,0.261326920704511,-20.145963289027556,SS,1.0
2561,Tim Anderson,0.4,0.8944271909999159,9.8,13.0843417870369,7.0,8.48528137423857,2.0,2.8284271247461903,0.2808,0.0017888543819998008,-4.024922359499621,-2.2832815729997478,3.0832815729997476,-0.7368858765382398,-29.4530253611107,49.0530253611107,-1.3356461422412564,-18.45584412271571,32.45584412271571,-0.9722718241315028,-6.485281374238571,10.485281374238571,-15.205262246998833,0.27543343685400057,0.2861665631459994,-22.274988449409456,2B/SS,1.0
2569,Braden Shewmake,2.3333333333333335,4.041451884327381,14.0,23.388031127053,12.666666666666666,21.07921567168317,4.0,6.928203230275509,0.26266666666666666,0.002081665999466129,-0.41239304942116123,-9.791022319648809,14.457688986315476,-0.23266886541690185,-56.164093381159006,84.164093381159,-0.26882720661561427,-50.57098034838284,75.90431368171618,-0.10825317547305484,-16.784609690826528,24.784609690826528,-21.77742891749189,0.25642166866826827,0.26891166466506505,-22.79957121441862,3B/SS,1.0
2600,Erick Brito,0.6666666666666666,1.1547005383792517,11.666666666666666,20.207259421636902,9.666666666666666,16.74315780649915,3.3333333333333335,5.773502691896257,0.2743333333333334,0.0015275252316519405,-2.8867513459481287,-2.7974349484710888,4.130768281804422,-0.3847627151099405,-48.95511159824404,72.28844493157737,-0.5176243792734575,-40.56280675283078,59.89614008616411,-0.24537386440559095,-13.987174742355437,20.653841409022103,-22.040006913835292,0.2697507576383775,0.2789159090282892,-26.07451921857241,SS,1.0
2612,Ben Ross,3.6666666666666665,6.3508529610858835,16.333333333333332,28.290163190291665,15.333333333333334,26.558112382722783,3.0,5.196152422706632,0.26566666666666666,0.0015275252316519405,-0.05248638810814782,-15.385892216590983,22.719225549924317,-0.10987329102435014,-68.53715623754167,101.20382290420832,-0.11295983527623107,-64.34100381483502,95.00767048150168,-0.3367876570272817,-12.588457268119896,18.588457268119896,-27.713672059971145,0.2610840909717108,0.2702492423616225,-28.325779231407157,SS,1.0
2636,Dominic Pitelli,1.0,1.7320508075688772,12.333333333333334,21.361959960016154,9.333333333333334,16.165807537309522,4.666666666666667,8.082903768654761,0.25933333333333336,0.0011547005383792486,-1.7320508075688774,-4.196152422706632,6.196152422706632,-0.3327566078505044,-51.75254654671513,76.4192132133818,-0.5567306167185676,-39.164089278595235,57.830755945261906,-0.010309826235528995,-19.582044639297617,28.915377972630953,-42.146569650842764,0.2558692317181956,0.26279743494847113,-44.77841750921624,2B/SS,1.0
2643,Arol Vera,1.6666666666666667,2.8867513459481287,12.0,20.784609690826528,11.666666666666666,20.207259421636902,0.6666666666666666,1.1547005383792517,0.24866666666666667,0.0011547005383792546,-0.808290376865476,-6.993587371177719,10.326920704511052,-0.3580373544349525,-50.353829072479584,74.35382907247958,-0.32991443953692895,-48.95511159824404,72.28844493157737,-3.536270398786457,-2.7974349484710888,4.130768281804422,-51.38417395787654,0.2452025650515289,0.2521307682818044,-56.41668652750035,2B/SS,1.0
2837,Brainer Bonaci,0.0,,0.0,,0.0,,0.0,,0.305,,,,,,,,,,,,,,,,,,2B/SS,1.0
2842,Brandon Crawford,0.0,,1.0,,1.0,,0.0,,0.278,,,,,,,,,,,,,,,,,,SS,1.0
2885,C.J. Hinojosa,0.0,,0.0,,0.0,,0.0,,0.27,,,,,,,,,,,,,,,,,,2B/SS,1.0
2928,Casey Martin,0.0,,0.0,,0.0,,0.0,,0.221,,,,,,,,,,,,,,,,,,SS,1.0
2966,Cole Tucker,0.0,,1.0,,1.0,,0.0,,0.279,,,,,,,,,,,,,,,,,,SS/OF,1.0
3021,Danny Mendick,0.0,,1.0,,1.0,,0.0,,0.288,,,,,,,,,,,,,,,,,,2B/SS,1.0
3136,Ehire Adrianza,0.0,,0.0,,0.0,,0.0,,0.284,,,,,,,,,,,,,,,,,,3B/SS,1.0
3219,Fabian Pertuz,0.0,,0.0,,0.0,,0.0,,0.252,,,,,,,,,,,,,,,,,,2B/SS,1.0
3415,Jancarlos Cintron,0.0,,1.0,,1.0,,0.0,,0.274,,,,,,,,,,,,,,,,,,2B/SS,1.0
3462,Jeremy Eierman,0.0,,0.0,,0.0,,0.0,,0.249,,,,,,,,,,,,,,,,,,SS,1.0
3521,Joey Wendle,0.0,,0.0,,0.0,,0.0,,0.263,,,,,,,,,,,,,,,,,,2B/3B/SS,1.0
3704,Kevin Smith,0.0,,0.0,,0.0,,0.0,,0.257,,,,,,,,,,,,,,,,,,3B/SS,1.0
4017,Ray-Patrick Didder,0.0,,0.0,,0.0,,0.0,,0.27,,,,,,,,,,,,,,,,,,SS/OF,1.0
4211,Tucupita Marcano,0.0,,1.0,,1.0,,0.0,,0.298,,,,,,,,,,,,,,,,,,2B/SS/OF,1.0
4240,Wander Franco,1.0,,3.0,,3.0,,1.0,,0.336,,,,,,,,,,,,,,,,,,SS,1.0
