,Name,W,W,SO,SO,WHIP,WHIP,ERA,ERA,W_sharpe,W,W,SO_sharpe,SO,SO,WHIP_sharpe,WHIP,WHIP,ERA_sharpe,ERA,ERA,Total_sharpe
,,mean,std,mean,std,mean,std,mean,std,,low,high,,low,high,,low,high,,low,high,
1,MacKenzie Gore,10.0,0.0,179.125,1.8850918886280925,1.245,0.017728105208558387,3.9025,0.0810202796482815,10.0,10.0,10.0,44.09599367619985,173.4697243341157,184.7802756658843,1.974266261862175,1.2981843156256754,1.1918156843743248,3.054790739731175,4.145560838944844,3.6594391610551553,59.125050677793205
7,Dylan Cease,11.625,0.5175491695067659,200.375,4.955156044825575,1.19875,0.026423744732991333,3.585,0.11032419757890183,9.322785706715235,10.072352491479702,13.177647508520298,21.063917877822167,185.5095318655233,215.2404681344767,3.0748858960386283,1.278021234198974,1.119478765801026,5.121269969771798,3.9159725927367055,3.2540274072632944,38.582859450347826
13,George Kirby,11.75,0.7071067811865476,163.625,8.879148929615141,1.1087500000000001,0.01356202681860539,3.5575,0.15322718893385556,7.000357133746844,9.628679656440358,13.871320343559642,7.616157870091176,136.9875532111546,190.2624467888454,12.627168659264596,1.1494360804558164,1.068063919544184,3.8668072169343786,4.0171815668015665,3.0978184331984333,31.110490880036995
14,Joe Ryan,10.75,0.46291004988627577,181.625,6.843923269169941,1.11,0.02329929490042868,3.8137499999999998,0.14242165766283071,8.53297525290372,9.361269850341174,12.138730149658826,12.51109877074717,161.09323019249018,202.15676980750982,7.296358139871097,1.1798978847012862,1.040102115298714,2.3609471025540194,4.241014972988492,3.3864850270115077,30.701379266076003
15,Hunter Brown,12.5,0.7559289460184546,193.625,6.323143431644018,1.18125,0.030908852176312597,3.39625,0.26837806489034394,7.540391236534104,10.232213161944635,14.767786838055365,15.439314488967314,174.65556970506793,212.59443029493207,3.1948776174767977,1.2739765565289378,1.088523443471062,2.808538023805982,4.201384194671032,2.5911158053289682,28.9831213667842
17,Logan Gilbert,10.75,1.2817398889233114,185.25,11.042127124271458,1.0675000000000001,0.022519832529192065,3.39125,0.14951707976969442,3.081748515541715,6.904780333230066,14.595219666769934,8.082681805376206,152.12361862718564,218.37638137281436,9.43612701047132,1.1350594975875763,0.9999405024124239,5.074671075496696,3.8398012393090832,2.9426987606909165,25.675228406885935
19,Zack Wheeler,10.375,1.0606601717798214,161.125,16.83904900606241,1.09625,0.02503568881188838,3.29375,0.10013383900702952,3.3705423236558922,7.193019484660535,13.556980515339465,3.8674986916751437,110.60785298181277,211.64214701818725,7.339522446562167,1.1713570664356652,1.0211429335643347,8.55105535242577,3.5941515170210887,2.9933484829789117,23.128618814318973
20,Nolan McLean,10.25,0.4629100498862759,144.125,4.086126352846732,1.27625,0.025035688811888335,3.81125,0.10776131031126147,7.452851803169073,8.861269850341172,11.638730149658828,11.777658311146487,131.86662094145981,156.38337905854019,0.14978617237881675,1.351357066435665,1.201142933564335,3.1435215386815862,4.1345339309337845,3.4879660690662155,22.523817825375964
21,Nick Pivetta,10.125,0.640869944461656,180.125,9.463274878633264,1.1637499999999998,0.019226098333849657,3.93375,0.1044629120788809,5.188260159076559,8.202390166615032,12.047609833384968,8.889628704534658,151.7351753641002,208.5148246358998,6.046468606442593,1.221428295001549,1.1060717049984508,2.0701126906811496,4.247138736236643,3.6203612637633573,22.19447016073496
23,Framber Valdez,12.875,0.8345229603962803,171.875,10.28782220464009,1.2349999999999999,0.027255405754769865,3.50625,0.14262212811682282,7.279607977610649,10.37143111881116,15.37856888118884,7.3752246579240355,141.01153338607972,202.73846661392028,1.6510486178370276,1.3167662172643095,1.1532337827356902,4.513675461865917,3.9341163843504683,3.078383615649532,20.81955671523763
24,Sonny Gray,11.25,0.7071067811865477,177.25,10.713809513227043,1.2075,0.026049403612586414,3.77,0.09899494936611668,6.293250352560296,9.128679656440358,13.371320343559642,7.583670392841171,145.10857146031887,209.39142853968113,2.7831731228184373,1.2856482108377594,1.1293517891622407,3.838579669298403,4.06698484809835,3.47301515190165,20.498673537518307
26,Edward Cabrera,8.75,0.4629100498862759,145.25,4.334248987508018,1.23875,0.03313931631332018,3.8825,0.12691391908353825,4.212481453965145,7.361269850341173,10.138730149658828,11.362983562307146,132.24725303747596,158.25274696252404,1.2447450517686083,1.3381679489399605,1.1393320510600395,2.1077278357776077,4.263241757250615,3.501758242749385,18.92793790381851
27,Andrew Abbott,9.25,0.4629100498862759,150.0,4.105745103771403,1.26625,0.021998376563477876,4.29125,0.28557898582153624,5.292604903699788,7.861269850341173,10.638730149658828,13.152302112081282,137.68276468868578,162.31723531131422,0.6250461237593297,1.3322451296904336,1.2002548703095666,-0.49460922201141666,5.147986957464608,3.434513042535391,18.575343917528983
28,Cole Ragans,10.375,1.5059406173077154,191.875,20.56652967462286,1.1575,0.030118812346154267,3.4375,0.09676923950453324,2.3739315872835123,5.857178148076853,14.892821851923147,4.66170041892389,130.17541097613142,253.57458902386858,4.067225446744467,1.2478564370384628,1.0671435629615371,7.362876918823183,3.7278077185135996,3.1471922814864004,18.465734371775053
29,Spencer Strider,10.5,0.9258200997725516,174.25,6.964194138592063,1.21625,0.035025500914129884,3.9387499999999998,0.21970353401150122,3.9964567640181983,7.722539700682345,13.277460299317655,11.236045182367596,153.3574175842238,195.1425824157762,1.8201024492495448,1.3213265027423897,1.1111734972576104,0.9615229948415027,4.597860602034503,3.279639397965496,18.01412739047684
30,Luis Castillo,10.875,0.6408699444616557,161.75,8.860022573334676,1.2125,0.019086270308410556,3.97875,0.24642805382968427,6.358544405484803,8.952390166615032,12.797609833384968,7.420974320977768,135.16993227999598,188.33006772000402,3.5365736159701964,1.2697588109252316,1.1552411890747682,0.6949289958616396,4.718034161489053,3.239465838510947,18.01102133829441
31,Chad Patrick,7.75,0.7071067811865475,132.875,2.1671244937540086,1.26,0.029760952365713852,4.3325,0.1640339686075504,1.3435028842544645,5.628679656440358,9.871320343559642,17.01563528365791,126.37362651873798,139.37637348126202,0.6720215050322464,1.3492828570971416,1.1707171429028584,-1.1125744353392353,4.824601905822651,3.840398094177348,17.91858523760539
32,Ranger Suarez,11.5,0.7559289460184546,146.25,6.181770435262518,1.2575,0.03011881234615431,3.71125,0.16923673191293725,6.217515581001809,9.232213161944635,13.767786838055365,8.128739254592857,127.70468869421245,164.79531130578755,0.7470414085857159,1.347856437038463,1.1671435629615372,2.5925222913528745,4.218960195738812,3.2035398042611885,17.685818535533254
33,Blake Snell,9.125,0.8345229603962805,147.0,7.329003050503235,1.22625,0.015979898086569345,3.55,0.1394888628426759,2.7860228062460624,6.6214311188111585,11.62856888118884,6.958654492100145,125.01299084849029,168.9870091515097,3.363600925914248,1.2741896942597082,1.178310305740292,4.301418677967985,3.9684665885280275,3.131533411471972,17.40969690222844
34,Tanner Bibee,10.625,0.7440238091428449,164.0,7.596991885890475,1.225,0.034226138716317,3.94,0.23433797326572098,5.140964513496713,8.392928572571465,12.857071427428535,8.950911231890757,141.20902434232858,186.79097565767142,1.6069589519246348,1.327678416148951,1.1223215838510492,0.896141573102524,4.643013919797163,3.236986080202837,16.59497627041463
37,Shota Imanaga,9.125,0.8345229603962804,136.125,5.617256574927966,1.14875,0.03044315545875152,4.10125,0.10343217239193186,2.786022806246063,6.621431118811159,11.62856888118884,7.143166680171548,119.2732302752161,152.9767697247839,4.311313923349215,1.2400794663762544,1.0574205336237454,0.4713233694374457,4.411546517175796,3.7909534828242046,14.711826779204273
38,Shane Baz,9.375,0.5175491695067657,149.375,5.52752850997364,1.26875,0.029489707647632896,4.20875,0.10815828348173015,4.975372682858407,7.822352491479704,10.927647508520296,9.656214328644781,132.79241447007908,165.95758552992092,0.38148903117060934,1.3572191229428987,1.1802808770571014,-0.5431853955959256,4.53322485044519,3.88427514955481,14.469890647077873
39,Brandon Pfaadt,9.625,0.5175491695067657,142.125,5.166858675387638,1.25375,0.03159452936370927,4.3475,0.23765220686661365,5.4584185743980544,8.072352491479704,11.177647508520296,8.92708759767646,126.62442397383708,157.62557602616292,0.8308400387236627,1.3485335880911278,1.158966411908872,-0.8310463538461902,5.060456620599841,3.634543379400159,14.385299856951987
40,Gavin Williams,9.5,0.5345224838248488,168.375,8.03452372132732,1.3025,0.035757117173668106,3.92625,0.2369410716371723,5.0512374721448525,7.896432548525453,11.103567451474547,9.008001284243331,144.27142883601803,192.47857116398197,-0.6292453580841015,1.4097713515210044,1.1952286484789956,0.9443276273462144,4.637073214911517,3.215426785088483,14.374321025650296
41,Nick Lodolo,8.625,0.9161253813129042,153.75,8.084376466811955,1.19875,0.016420805617960967,4.18625,0.2713425615606326,1.9920854036208446,5.876623856061287,11.373376143938714,7.143408058379734,129.49687059956415,178.00312940043585,4.947991096802786,1.2480124168538829,1.149487583146117,-0.1335949649458133,5.0002776846818975,3.3722223153181026,13.949889593857552
42,Matthew Boyd,10.375,0.7440238091428449,145.375,9.54594154601839,1.21625,0.02326094212561969,4.005,0.13533028380331463,4.804953760980589,8.142928572571465,12.607071427428535,5.172355158679376,116.73717536194482,174.01282463805518,2.7406456563848924,1.2860328263768592,1.1464671736231409,1.0714527149794464,4.410990851409943,3.599009148590056,13.789407291024304
43,Carlos Rodon,10.25,0.8864052604279183,152.25,13.263806822649801,1.2325,0.01164964745021436,4.03375,0.08895223437328624,3.892124916242606,7.590784218716244,12.909215781283756,4.240863935378286,112.45857953205059,192.04142046794942,4.077376607575028,1.267448942350643,1.1975510576493569,1.3068811685174675,4.300606703119859,3.766893296880142,13.517246627713387
44,Michael King,9.875,0.8345229603962802,158.875,14.865468134476727,1.25125,0.014577379737113233,3.84875,0.09716517600751527,3.6847398405189806,7.371431118811159,12.37856888118884,4.229601074868083,114.27859559656983,203.47140440343017,1.9722337291388576,1.2949821392113396,1.2075178607886603,3.100390617073551,4.140245528022546,3.557254471977454,12.98696526159947
45,Zac Gallen,11.75,1.7525491637693282,163.5,6.611677980232076,1.28375,0.039256482631171055,4.1675,0.23462736413300114,2.8244571406794154,6.492352508692015,17.007647491307985,10.20920864594659,143.66496605930377,183.33503394069623,-0.09552562401559343,1.4015194478935131,1.1659805521064868,-0.07458635553728507,4.871382092399004,3.463617907600997,12.863553807073128
46,Jacob Misiorowski,8.75,0.46291004988627593,157.375,8.733147035453895,1.26625,0.04373213921133984,3.90375,0.22519436049777092,4.212481453965144,7.361269850341172,10.138730149658828,7.027821671939835,131.1755588936383,183.5744411063617,0.314414072761264,1.3974464176340196,1.1350535823659806,1.0934998525526478,4.579333081493313,3.2281669185066875,12.648217051218893
47,Brady Singer,10.125,0.83452296039628,156.0,5.345224838248491,1.3075,0.026592157812837563,4.50875,0.22067671894813506,3.9843121852766203,7.621431118811159,12.62856888118884,11.224972160321817,139.96432548525453,172.03567451474547,-1.0341394704992406,1.3872764734385128,1.2277235265614874,-1.625681230489545,5.170780156844405,3.846719843155595,12.549463644609652
48,Ryan Pepiot,9.625,0.7440238091428449,157.625,10.027640371920583,1.2325,0.028157719063467198,4.1,0.23838743974582943,3.796921503432219,7.392928572571465,11.857071427428535,6.145513571922906,127.54207888423825,187.70792111576174,1.6869264123608736,1.3169731571904015,1.1480268428095983,0.2097425940448503,4.815162319237488,3.3848376807625113,11.83910408176085
49,Aaron Nola,10.625,1.0606601717798214,164.75,13.997448747131436,1.21625,0.01846811924835411,4.175,0.15757084574429206,3.606244584051408,7.443019484660535,13.806980515339465,4.911609339815533,122.7576537586057,206.7423462413943,3.4518945401374,1.2716543577450623,1.1608456422549378,-0.1586587917448243,4.647712537232876,3.7022874627671234,11.811089672259516
50,Jack Leiter,9.5,0.5345224838248488,147.625,7.130167299179289,1.2875,0.044641428548570686,4.27625,0.20701535484803335,5.0512374721448525,7.896432548525453,11.103567451474547,7.240363070575111,126.23449810246214,169.01550189753786,-0.1680053762580632,1.4214242856457122,1.153575714354288,-0.6098581435791458,4.897296064544101,3.6552039354559,11.513737022882754
51,Nathan Eovaldi,9.875,1.642080561796093,149.875,23.763342117038764,1.16875,0.028504385627478406,3.7725,0.11209052464096021,1.8726243227899912,4.948758314611721,14.801241685388279,2.267147429627359,78.5849736488837,221.1650263511163,3.9029081859162886,1.2542631568824352,1.0832368431175647,3.3678136596218056,4.108771573922881,3.436228426077119,11.410493597955444
52,Joe Musgrove,7.625,1.407885953173359,120.875,20.378122021983703,1.205,0.009258200997725488,3.9537500000000003,0.14946929928440633,0.5859849642937884,3.4013421404799233,11.848657859520078,1.2206718545097095,59.74063393404889,182.0093660659511,8.100925873009844,1.2327746029931765,1.1772253970068236,1.3129786580893819,4.402157897853219,3.5053421021467814,11.220561349902724
54,Clay Holmes,10.625,0.5175491695067659,122.875,6.812540956626558,1.34375,0.018468119248354082,3.88875,0.09433034657899997,7.390602140556643,9.072352491479702,12.177647508520298,3.9449304115902146,102.43737713012032,143.31262286987968,-3.4518945401374053,1.3991543577450622,1.2883456422549378,2.7695223167786014,4.171741039737,3.605758960263,10.653160328788054
57,Cody Ponce,8.0,0.9258200997725514,148.5,11.122692377040995,1.23625,0.014078859531733602,4.06375,0.08830749846821771,1.2961481396815906,5.222539700682345,10.777460299317655,4.720080194644989,115.13192286887701,181.868077131123,3.10749602277002,1.2784865785952009,1.1940134214047993,0.9767007501751664,4.3286724954046525,3.7988275045953466,10.100425107271764
59,Merrill Kelly,9.875,0.8345229603962803,143.75,8.379396500601084,1.27125,0.026958963523950916,4.11125,0.25039611475762613,3.68473984051898,7.371431118811159,12.37856888118884,5.698501078994737,118.61181049819675,168.88818950180325,0.32456737412127695,1.3521268905718526,1.1903731094281473,0.15475479736380415,4.862438344272879,3.3600616557271215,9.862563090998798
61,Shane Smith,8.0,0.7559289460184543,146.5,5.952190473142758,1.28,0.05099019513592789,4.265,0.17386365758424457,1.5874507866387773,5.732213161944637,10.267786838055363,8.484271501032122,128.64342858057174,164.35657141942826,-0.0,1.4329705854077837,1.1270294145922164,-0.6614378277661436,4.786590972752734,3.743409027247266,9.410284459904757
62,Cam Schlittler,8.375,0.5175491695067655,126.25,6.135377506140688,1.2725,0.02187627547301939,3.9924999999999997,0.16333576285850995,3.0431891166998155,6.822352491479704,9.927647508520296,4.930421961765811,107.84386748157795,144.65613251842205,0.3428371529353805,1.338128826419058,1.2068711735809419,0.9642713710924131,4.48250728857553,3.5024927114244697,9.280719602493422
63,Bailey Ober,8.0,0.7559289460184544,136.25,6.158617655657106,1.21875,0.026423744732991365,4.4037500000000005,0.19776880441566125,1.587450786638777,5.732213161944637,10.267786838055363,6.5355575310033505,117.77414703302868,154.72585296697133,2.3179909062445017,1.298021234198974,1.139478765801026,-1.283063831779456,4.997056413246984,3.8104435867530166,9.157935392107174
66,Kodai Senga,8.25,0.4629100498862759,133.25,5.338539126015653,1.31875,0.018077215335491167,3.95125,0.18129986998655806,3.1323580042305017,6.861269850341173,9.638730149658828,6.9775642962836235,117.23438262195305,149.26561737804695,-2.1435823649188834,1.3729816460064737,1.2645183539935265,1.0962500966753927,4.495149609959674,3.4073503900403255,9.062590032270634
69,Tyler Glasnow,8.25,1.9820624179302295,148.5,12.455635557564177,1.1949999999999998,0.04000000000000002,3.75875,0.24280724277265123,0.7315612197088025,2.303812746209312,14.196187253790688,4.214959546413294,111.13309332730748,185.86690667269252,2.1250000000000036,1.315,1.0749999999999997,1.6113604995150048,4.4871717283179535,3.0303282716820465,8.682881265637103
71,Spencer Schwellenbach,5.375,1.1877349391654208,77.125,19.599107122519634,1.11875,0.0360307408432616,3.53875,0.10034761012173064,-1.1997626347518915,1.8117951825037375,8.938204817496263,-0.9630540759845317,18.3276786324411,135.9223213675589,4.475345114369381,1.2268422225297848,1.010657777470215,6.091325934504066,3.839792830365192,3.237707169634808,8.403854338137023
72,Emmet Sheehan,8.75,1.7525491637693285,155.375,24.709382255098397,1.16875,0.032705394924123055,3.83875,0.21576690465142492,1.112664934207048,3.492352508692015,14.007647491307985,2.4029334034746617,81.24685323470482,229.50314676529518,3.401579472074914,1.2668661847723692,1.0706338152276307,1.4425289202847391,4.486050713954275,3.1914492860457253,8.359706730041363
73,Justin Steele,5.625,1.0606601717798212,78.875,17.42278885335443,1.17875,0.02642374473299132,3.5825,0.08779033464535176,-1.1078006238589084,2.443019484660536,8.806980515339465,-0.9829080834382553,26.606633439936715,131.14336656006327,3.8317808858327544,1.2580212341989738,1.099478765801026,6.464265141402418,3.8458710039360553,3.3191289960639447,8.205337319938009
74,Bryce Miller,8.625,0.9161253813129042,122.625,6.9885109797642695,1.21125,0.03181980515339468,4.125,0.21132236714825714,1.9920854036208446,5.876623856061287,11.373376143938714,3.809824450028709,101.65946706070719,143.5905329392928,2.160604053625562,1.306709415460184,1.115790584539816,0.11830266874902617,4.758967101444771,3.4910328985552286,8.08081657602414
75,Ryne Nelson,8.875,0.8345229603962799,133.75,8.413424646700905,1.25,0.035456210417116774,4.1625,0.21184563112930047,2.4864504614884253,6.37143111881116,11.37856888118884,4.486876817135651,108.50972605989728,158.99027394010272,0.8461141122266491,1.3563686312513503,1.1436313687486497,-0.059005229106518065,4.798036893387901,3.526963106612098,7.760436161744208
76,Tatsuya Imai,8.125,1.125991626459603,152.625,7.927123419897389,1.3075,0.0645312770235156,4.20375,0.19010805198247493,1.1767405448352628,4.747025120621191,11.502974879378808,7.143196466182051,128.84362974030785,176.40637025969215,-0.4261499426081233,1.5010938310705468,1.1139061689294534,-0.28273394756027953,4.774074155947425,3.6334258440525753,7.61105312084891
77,Jose Soriano,10.375,0.7440238091428449,154.25,12.85912683105439,1.3525,0.019820624179302273,3.86625,0.14822160050796518,4.804953760980589,8.142928572571465,12.607071427428535,4.529856557548532,115.67261950683684,192.82738049316316,-3.657806098543974,1.4119618725379068,1.2930381274620932,1.9143633520861363,4.310914801523896,3.4215851984761043,7.5913675720712845
81,Parker Messick,7.375,0.5175491695067657,116.25,3.535533905932739,1.28875,0.023566016694748008,4.085,0.11795883059053122,1.1110055505412233,5.822352491479704,8.927647508520296,5.7275649276110325,105.64339828220179,126.85660171779821,-0.3712973691455496,1.359448050084244,1.218051949915756,0.5510397116908861,4.438876491771594,3.731123508228406,7.018312820697592
82,Casey Mize,8.5,0.7559289460184544,123.25,6.649382355849731,1.26375,0.019226098333849733,4.165,0.07982122882685141,2.2488886144049247,6.232213161944637,10.767786838055363,4.098124989913848,103.3018529324508,143.1981470675492,0.8452052890726208,1.321428295001549,1.2060717049984508,-0.1879199333367537,4.404463686480554,3.9255363135194457,7.004298960054641
83,Matthew Liberatore,8.375,0.5175491695067659,124.25,5.897941529526577,1.29375,0.02924648941081897,4.25125,0.23978785266504712,3.0431891166998137,6.822352491479702,9.927647508520298,4.78980672469766,106.55617541142027,141.94382458857973,-0.4701418965830982,1.3814894682324568,1.2060105317675431,-0.42224824516624976,4.970613557995141,3.5318864420048586,6.940605699648125
84,Michael Wacha,9.5,0.5345224838248488,124.75,7.324128422062051,1.30375,0.029246489410818914,4.475,0.2452404068314539,5.0512374721448525,7.896432548525453,11.103567451474547,3.925381744181059,102.77761473381385,146.72238526618617,-0.8120632759162641,1.3914894682324568,1.2160105317675431,-1.3252302269395666,5.210721220494362,3.739278779505638,6.83932571347008
85,David Peterson,9.5,1.6035674514745462,143.125,6.034129124050485,1.35,0.019999999999999976,3.99125,0.18954362483155604,1.6837458240482843,4.689297645576362,14.310702354423638,7.809743383211984,125.02261262784855,161.22738737215144,-3.500000000000007,1.41,1.2900000000000003,0.8375380609138324,4.559880874494668,3.422619125505332,6.831027268174093
86,Yusei Kikuchi,8.75,1.035098339013531,166.0,9.710083124552243,1.34375,0.04307385683749646,4.37,0.2703965342127847,1.8838789770046438,5.644704982959407,11.855295017040593,7.2090011076221225,136.86975062634326,195.13024937365674,-1.480016062655077,1.4729715705124895,1.2145284294875105,-0.8136198958337013,5.181189602638354,3.558810397361646,6.799244126137989
87,Trevor Rogers,9.125,1.125991626459603,130.0,7.4642002729217936,1.28,0.043094580368566775,4.13375,0.1218825547109065,2.0648466164090347,5.747025120621191,12.502974879378808,4.5550760639881664,107.60739918123463,152.39260081876537,-0.0,1.4092837411057004,1.1507162588942996,0.1333250688627567,4.49939766413272,3.7681023358672805,6.753247749259957
88,Sean Manaea,6.875,0.9910312089651151,129.0,10.583005244258363,1.2137499999999999,0.019226098333849702,4.15375,0.26169434187889595,0.07567874686644414,3.9019063731046546,9.848093626895345,3.1182069023261243,97.25098426722491,160.7490157327751,3.4458369477576003,1.271428295001549,1.1560717049984508,-0.014329694608890848,4.938833025636687,3.368666974363312,6.625392902341278
90,Reid Detmers,7.875,0.9910312089651149,152.375,12.046783803156753,1.26,0.0350509832753866,4.17625,0.2539368594186922,1.0847287050854701,4.901906373104655,10.848093626895345,4.6796722611745905,116.23464859052974,188.51535140947027,0.5705974021574556,1.3651529498261599,1.1548470501738402,-0.10337215345613968,4.938060578256076,3.414439421743923,6.231626214961376
91,Trey Yesavage,6.375,1.5979898086569355,126.875,13.119641763401926,1.225,0.034226138716316974,3.75625,0.16088483014699842,-0.26595914297925544,1.5810305740291932,11.168969425970808,2.3533416961222047,87.51607470979422,166.23392529020578,1.6069589519246361,1.327678416148951,1.1223215838510492,2.4474029008218854,4.238904490440995,3.273595509559005,6.141744405889471
92,Chris Bassitt,10.375,0.7440238091428453,151.5,7.982122882685138,1.33375,0.011877349391654232,4.35,0.14803474495633034,4.804953760980587,8.142928572571464,12.607071427428536,6.953037533460038,127.55363135194459,175.4463686480554,-4.525420464415071,1.3693820481749628,1.2981179518250372,-1.3510341782194342,4.794104234868991,3.9058957651310084,5.88153665180612
93,Zach Eflin,9.125,0.6408699444616557,112.5,10.099504938362077,1.24125,0.024748737341529197,4.390000000000001,0.20099751242241756,3.627881163865574,7.202390166615033,11.047609833384968,1.6337434459115128,82.20148518491376,142.79851481508624,1.565736444055927,1.3154962120245877,1.1670037879754123,-1.1940446282519894,4.992992537267253,3.787007462732748,5.633316425581025
94,Ian Seymour,6.0,0.7559289460184546,108.375,4.2067123233504535,1.21875,0.016420805617960967,4.155,0.16518388022356872,-1.0583005244258135,3.732213161944636,8.267786838055365,2.9417271847445656,95.75486302994864,120.99513697005136,3.7300240575897923,1.2680124168538829,1.1694875831461171,-0.030269297423166384,4.650551640670707,3.659448359329294,5.583181420485378
95,Braxton Ashcraft,7.875,0.9910312089651149,124.125,11.752659273543157,1.26875,0.03313931631332015,3.815,0.19798989873223324,1.0847287050854701,4.901906373104655,10.848093626895345,2.3930754176897837,88.86702217937054,159.38297782062946,0.3394759232096201,1.3681679489399605,1.1693320510600396,1.6920055121249555,4.408969696196699,3.2210303038033,5.50928555810983
96,Noah Cameron,8.5,0.5345224838248487,122.75,5.946187253790687,1.31,0.028284271247461898,4.345,0.1669045920792561,3.1804087787578825,6.896432548525453,10.103567451474547,4.498681063726493,104.91143823862794,140.58856176137206,-1.0606601717798223,1.3948528137423857,1.2251471862576144,-1.1683321445547883,4.845713776237768,3.8442862237622313,5.450097526149764
97,Reynaldo Lopez,8.25,0.8864052604279183,135.0,14.784161409137432,1.26375,0.03814914340921887,3.92375,0.3722878110893703,1.6358206169715412,5.590784218716244,10.909215781283756,2.6379582122186407,90.6475157725877,179.3524842274123,0.4259597607655125,1.3781974302276565,1.1493025697723434,0.6077287336857972,5.040613433268111,2.8068865667318894,5.307467323641491
99,Taj Bradley,7.625,0.5175491695067657,134.0,6.9693205243717005,1.29875,0.019594095320493193,4.26625,0.11710038428630354,1.5940514420808711,6.072352491479704,9.177647508520296,5.4524684102437355,113.0920384268849,154.9079615731151,-0.956920934256642,1.3575322859614796,1.2399677140385206,-0.9927379889358481,4.617551152858911,3.9149488471410896,5.0968609291321165
100,Mike Burrows,7.0,1.6903085094570331,130.625,8.450486038430824,1.2575,0.028660575211055583,4.145,0.2068816086557717,0.11832159566200241,1.9290744716289003,12.070925528371099,4.097397456493465,105.27354188470753,155.97645811529247,0.7850505383897799,1.3434817256331668,1.1715182743668333,0.0241684122261454,4.765644825967315,3.524355174032684,5.024938002771393
101,Hunter Greene,5.0,1.3093073414159542,99.5,25.723807760794,1.10625,0.043732139211339706,3.66625,0.21613074746550975,-1.3747727084867392,1.0720779757521375,8.927922024247863,0.13606072757760213,22.328576717618006,176.671423282382,3.9730505558014606,1.2374464176340192,0.9750535823659808,2.2382285059981926,4.314642242396529,3.0178577576034704,4.972567080890516
102,Zebby Matthews,5.875,0.6408699444616559,104.25,5.063877678504601,1.225,0.014142135623730961,4.03125,0.13850605969208912,-1.4433505705701368,3.9523901666150323,7.797609833384968,1.6291862726108115,89.0583669644862,119.4416330355138,3.889087296526004,1.267426406871193,1.1825735931288073,0.8573632104183153,4.446768179076267,3.615731820923733,4.932286208984994
103,Jeffrey Springs,9.0,0.9258200997725514,134.75,7.3824115301167,1.335,0.035456210417116704,4.6975,0.46973396726232164,2.376271589416234,6.222539700682345,11.777460299317655,5.248962326459122,112.60276540964989,156.8972345903501,-1.5512092057488567,1.44136863125135,1.2286313687486499,-1.165553351806576,6.106701901786964,3.2882980982130348,4.9084713583199235
104,Braxton Garrett,5.75,0.8864052604279183,93.25,7.851296526234196,1.23,0.010690449676496978,3.96625,0.10662852740773854,-1.18455975711729,3.090784218716245,8.409215781283756,-0.3502606213905174,69.69611042129742,116.80388957870258,4.67707173346743,1.2620713490294908,1.1979286509705092,1.723272415620594,4.286135582223215,3.6463644177767844,4.865523770580216
105,Jacob Lopez,7.5,0.5345224838248488,128.375,7.1701265181107,1.2925,0.027645717829090904,4.27875,0.2373326478053238,1.3095800853709114,5.896432548525453,9.103567451474547,4.51526202755634,106.8646204456679,149.8853795543321,-0.4521495906626999,1.3754371534872727,1.2095628465127273,-0.542487522010072,4.990747943415971,3.5667520565840283,4.83020500025448
106,Slade Cecconi,7.75,0.4629100498862757,124.5,8.159131606453505,1.26375,0.02774243783705491,4.48875,0.20138360693675436,2.0522345544958593,6.361269850341173,9.138730149658826,3.493018788599731,100.02260518063949,148.9773948193605,0.5857452072324864,1.3469773135111647,1.1805226864888352,-1.6821130833473725,5.092900820810263,3.8845991791897365,4.448885466980704
107,Zack Littell,7.875,0.3535533905932738,108.125,6.490377492873585,1.26625,0.01846811924835418,4.5175,0.22995341143060113,3.0405591591022025,6.814339828220179,8.935660171779821,1.8681501982455124,88.65386752137924,127.59613247862076,0.7445262733629623,1.3216543577450626,1.2108456422549376,-1.5981498065790143,5.207360234291803,3.827639765708197,4.0550858241316625
108,Eduardo Rodriguez,7.75,0.4629100498862759,116.625,2.825268634509443,1.365,0.01690308509457028,4.41,0.2624608814389571,2.0522345544958585,6.361269850341173,9.138730149658828,7.300190767021048,108.14919409647167,125.10080590352833,-5.0286678156346865,1.4157092552837107,1.3142907447162893,-0.9906238162980121,5.197382644316871,3.6226173556831287,3.333133689584209
109,Joey Cantillo,6.875,1.1259916264596033,141.125,13.206464867091203,1.3125,0.020528725518857035,3.90625,0.1813392637335572,0.06660795536804802,3.49702512062119,10.25297487937881,3.4168871423302423,101.50560539872639,180.7443946012736,-1.5831474764542255,1.374086176556571,1.250913823443429,1.344165598676653,4.450267791200671,3.3622322087993286,3.2445132199207176
110,Dustin May,8.5,0.9258200997725514,131.5,16.27443218232645,1.2975,0.044641428548570734,4.25875,0.16146096388026096,1.8362098645489122,5.722539700682345,11.277460299317655,2.181335705128437,82.67670345302065,180.32329654697935,-0.39201254460214535,1.4314242856457122,1.163575714354288,-0.67353741354256,4.743132891640783,3.7743671083592174,2.9519956115326433
111,Luis Severino,8.875,0.8345229603962799,132.5,9.827076298239906,1.335,0.03380617018914064,4.62875,0.29327887752103826,2.4864504614884253,6.37143111881116,11.37856888118884,3.7142278020714454,103.01877110528028,161.98122889471972,-1.6269219403523938,1.4364185105674219,1.233581489432578,-1.632405320310382,5.508586632563115,3.7489133674368853,2.941351002897095
112,Simeon Woods Richardson,7.375,0.7440238091428447,124.875,5.914570386523678,1.33,0.03116774889895915,4.4525,0.20105081091959937,0.7728247307871072,5.142928572571465,9.607071427428535,4.882011391020311,107.13128884042897,142.61871115957103,-1.604222369799373,1.4235032466968776,1.2364967533031226,-1.5045947768943329,5.055652432758798,3.8493475672412014,2.5460189751137126
113,Grayson Rodriguez,6.25,0.7071067811865475,111.25,12.044560123617158,1.245,0.027255405754769948,3.9625,0.256556872001957,-0.7778174593051782,4.128679656440358,8.371320343559642,1.2661317510547825,75.11631962914853,147.38368037085147,1.2841489249843436,1.32676621726431,1.1632337827356902,0.7308321096094834,4.732170616005871,3.192829383994129,2.503295326343431
114,Jameson Taillon,8.5,0.7559289460184551,110.125,3.7583240945932315,1.245,0.030237157840738174,4.47375,0.06435115716575276,2.248888614404923,6.232213161944635,10.767786838055365,3.7583240945932226,98.85002771622031,121.39997228377969,1.1575161985907558,1.3357114735222146,1.1542885264777856,-5.030989561945236,4.666803471497258,4.280696528502742,2.133739345643665
115,Quinn Priester,7.5,0.7559289460184544,102.375,10.169105874447087,1.29,0.038544964466377236,4.0825,0.08379396500601081,0.9260129588726294,5.232213161944637,9.767786838055363,0.6268987734722175,71.86768237665873,132.88231762334127,-0.2594372608313858,1.4056348933991318,1.1743651066008682,0.8055472729469095,4.333881895018032,3.831118104981967,2.0990217444603707
116,Nick Martinez,8.375,1.7677669529663689,109.75,6.670832032063166,1.29375,0.032923070504261485,4.345,0.42288127344276105,0.8909545442950595,3.0716991411008934,13.678300858899107,2.061212144738619,89.7375039038105,129.7624960961895,-0.41764026834071144,1.3925192115127845,1.1949807884872155,-0.4611223344379035,5.613643820328283,3.0763561796717167,2.0734040862550636
117,Michael McGreevy,8.25,0.8864052604279185,95.75,6.27352714644185,1.275,0.02563479777846628,4.12,0.18776885486454584,1.635820616971541,5.590784218716244,10.909215781283756,-0.039849990948360246,76.92941856067445,114.57058143932555,0.19504737440137762,1.3519043933353987,1.1980956066646011,0.15977090567890975,4.683306564593638,3.5566934354063626,1.9507889061034682
118,Seth Lugo,8.5,0.7559289460184544,128.0,8.552359741197582,1.345,0.023904572186687872,4.58,0.28248893783651086,2.2488886144049247,6.232213161944637,10.767786838055363,3.7416573867739404,102.34292077640725,153.65707922359275,-2.719145086235743,1.4167137165600636,1.2732862834399363,-1.5221834996202939,5.4274668135095325,3.7325331864904676,1.7492174153228282
120,Tyler Mahle,7.25,1.035098339013531,104.875,15.661029887681627,1.2775,0.02712405363721073,4.07875,0.20552632782339925,0.43474130238569975,4.144704982959407,10.355295017040593,0.5666932547635797,57.89191033695512,151.8580896630449,0.09216911430119967,1.3588721609116323,1.1961278390883678,0.346670914400915,4.695328983470198,3.4621710165298025,1.4402745858513941
121,Max Scherzer,5.75,0.7071067811865476,98.375,12.42046122907105,1.22125,0.016420805617960964,4.38875,0.228312911843123,-1.4849242404917256,3.628679656440357,7.871320343559643,0.19121673150439283,61.11361631278685,135.63638368721314,3.5777781776881725,1.2705124168538828,1.171987583146117,-1.0457139636677582,5.073688735529369,3.703811264470631,1.2383567050330817
122,Logan Henderson,6.0,1.0690449676496976,90.875,4.486089611231592,1.18,0.0462910049886275,4.0575,0.10110108096073256,-0.7483314773547723,2.7928650970509072,9.207134902949093,-1.1424203357794727,77.41673116630523,104.33326883369477,2.160246899469292,1.3188730149658825,1.0411269850341174,0.914925924836818,4.360803242882198,3.7541967571178025,1.1844210111718647
123,Corbin Burnes,3.5,3.0705978943149543,49.25,38.391777393454596,1.21625,0.03961871851969542,3.62875,0.31393527540379584,-1.0747092630102282,-5.7117936829448634,12.711793682944863,-1.217708665084373,-65.9253321803638,164.4253321803638,1.6090878852709056,1.3351061555590864,1.0973938444409137,1.6603740988633662,4.570555826211388,2.6869441737886124,0.9770440560396707
124,Carmen Mlodzinski,6.5,1.378404875209022,94.83333333333333,12.056809970579558,1.3016666666666667,0.02639444385977224,3.78,0.18460769214742914,-0.21764287503299115,2.364785374372934,10.635214625627066,-0.09676412496452336,58.662903421594656,131.003763245072,-0.8208798329594237,1.3808499982459834,1.22248333508735,2.0042501788306613,4.333823076442287,3.2261769235577122,0.8689633458737229
125,Mick Abel,6.75,0.7071067811865478,119.75,5.650537269018887,1.38,0.045669621037559276,4.445,0.224563067819647,-0.0707106781186306,4.628679656440356,8.871320343559644,4.203140138587876,102.79838819294334,136.70161180705665,-2.1896393648144925,1.5170088631126777,1.242991136887322,-1.3136621389449614,5.118689203458941,3.7713107965410595,0.6291279567097912
126,Foster Griffin,6.5,1.3093073414159542,119.125,15.806305251838133,1.2850000000000001,0.014142135623730956,4.1925,0.14469179066455085,-0.229128784747779,2.5720779757521375,10.427922024247863,1.463023751063568,71.7060842444856,166.5439157555144,-0.3535533905932818,1.327426406871193,1.2425735931288073,-0.2937277906701029,4.626575371993653,3.758424628006347,0.5866137850524044
128,Sean Burke,7.0,0.5345224838248489,130.875,5.27629469554968,1.3875,0.034948942350643025,4.7325,0.1640339686075502,0.374165738677426,5.396432548525453,8.603567451474547,6.609752110589182,115.04611591335096,146.70388408664905,-3.0759156864162454,1.4923468270519291,1.2826531729480708,-3.5510937456718223,5.2246019058226505,4.240398094177349,0.3569084171785395
129,Michael Soroka,5.375,1.3024701806293193,95.625,6.254998001598403,1.27375,0.019955307206712937,4.078749999999999,0.09789754119194483,-1.094074951728615,1.467589458112042,9.282410541887959,-0.05995205752330736,76.86000599520479,114.38999400479521,0.3131998888945993,1.3336159216201386,1.2138840783798612,0.7278017316114523,4.372442623575834,3.785057376424165,-0.11302538874587087
130,Jared Jones,5.5,0.7559289460184544,93.25,10.99025542404335,1.2650000000000001,0.037796447300922804,3.9875000000000003,0.11597413504743187,-1.7197383521919614,3.232213161944637,7.767786838055363,-0.250221664000987,60.27923372786995,126.22076627213005,0.39686269665968515,1.3783893419027686,1.1516106580972316,1.4011744940674897,4.335422405142296,3.6395775948577045,-0.17192282546577342
132,Payton Tolle,3.0,1.4142135623730951,65.0,29.38253449471868,1.2325,0.020615528128088343,4.105,0.04203173404306192,-2.687005768508868,-1.2426406871192857,7.242640687119286,-1.0550485359107482,-23.147603484156036,153.14760348415604,2.3040884378451634,1.294346584384265,1.1706534156157349,1.0706196407194857,4.231095202129186,3.9789047978708147,-0.3673462258549671
133,Connelly Early,4.375,1.995530720671285,68.5,20.93527440196842,1.26625,0.03997767233987352,3.78625,0.21744868031659448,-1.215215568911025,-1.6115921620138547,10.361592162013855,-1.3135724649214215,5.694176794094737,131.30582320590526,0.3439419854938816,1.3861830170196208,1.1463169829803794,1.6728084965629524,4.4385960409497835,3.1339039590502162,-0.5120375517756126
134,Steven Matz,5.875,1.5526475085202969,103.375,20.804789970443963,1.29,0.04503966505838408,4.2162500000000005,0.46583067125911165,-0.5957565995655548,1.217057474439109,10.532942525560891,0.35448567423546173,40.96063008866811,165.7893699113319,-0.22202651789344335,1.4251189951751524,1.1548810048248477,-0.14221905960148667,5.613742013777335,2.8187579862226655,-0.6055165028250231
135,Kumar Rocker,6.0,1.5118578920369088,96.5,22.213252157857738,1.28375,0.01922609833384971,4.1925,0.13166515972615642,-0.5291502622129068,1.464426323889274,10.535573676110726,0.022509085857701817,29.860243526426785,163.13975647357321,-0.19504737440136896,1.341428295001549,1.2260717049984509,-0.32278850447903684,4.587495479178469,3.797504520821531,-1.0244770552356108
137,Cristian Javier,7.625,1.0606601717798212,125.5,16.978978599601163,1.335,0.031167748898959135,4.6575,0.258221942190379,0.7778174593052184,4.443019484660536,10.806980515339465,1.7374425573922896,74.56306420119651,176.4369357988035,-1.7646446067793076,1.4285032466968774,1.2414967533031225,-1.9653635771426252,5.432165826571136,3.8828341734288627,-1.214748167224425
138,Max Meyer,6.625,1.3024701806293193,114.875,19.823777209632446,1.3050000000000002,0.016035674514745482,4.205,0.11612800818800903,-0.13436008179122194,2.717589458112042,10.532410541887959,0.9521394333885355,55.40366837110266,174.34633162889733,-1.5590239111558153,1.3531070235442366,1.2568929764557637,-0.4736152876311782,4.553384024564027,3.856615975435973,-1.2148598471896799
139,Davis Martin,7.0,0.5345224838248488,113.375,7.30826342476202,1.37125,0.036815175442433255,4.70625,0.32997564845216776,0.37416573867742603,5.396432548525453,8.603567451474547,2.3774457747554143,91.45020972571393,135.29979027428607,-2.4785974507356303,1.4816955263272997,1.2608044736727004,-1.685730454987292,5.696176945356503,3.7163230546434964,-1.412716392290082
140,Justin Verlander,7.125,0.9910312089651148,113.5,5.928141120356123,1.3125,0.01908627030841053,4.5600000000000005,0.13277263057035313,0.3279412364212007,4.151906373104656,10.098093626895345,2.952021492860264,95.71557663893162,131.28442336106838,-1.7027947039856481,1.3697588109252317,1.2552411890747683,-3.0879858163445113,4.95831789171106,4.161682108288941,-1.5108177910486946
141,Luis Morales,6.75,0.46291004988627593,106.375,4.373213921133974,1.3375000000000001,0.03370036032024411,4.47875,0.15235648985192596,-0.10801234497342745,5.361269850341172,8.138730149658828,2.372397094471373,93.25535823659808,119.49464176340192,-1.7062132111821766,1.4386010809607324,1.236398919039268,-2.1577682730778904,4.935819469555778,4.021680530444222,-1.5995967347621218
143,Cade Cavalli,7.25,0.8864052604279183,111.5,12.083045973594572,1.33375,0.018468119248354186,4.25875,0.14749697333456413,0.5076684673360088,4.590784218716244,9.909215781283756,1.2827891273336702,75.25086207921629,147.7491379207837,-2.910420886782501,1.3891543577450625,1.2783456422549375,-0.737303264883439,4.701240920003692,3.816259079996308,-1.857266556996261
144,Didier Fuentes,4.5,3.5355339059327378,64.5,34.64823227814083,1.295,0.04949747468305829,4.425,0.28991378028648457,-0.6505382386916189,-6.106601717798213,15.106601717798213,-0.9091372900969896,-39.4446968344225,168.4446968344225,-0.30304576336566147,1.4434924240491749,1.146507575950825,-0.9485578772014641,5.294741340859454,3.555258659140546,-2.8112791693557337
145,Kutter Crawford,5.0,1.4142135623730951,78.5,16.263455967290593,1.23,0.04242640687119289,4.375,0.1343502884254437,-1.2727922061357735,0.7573593128807143,9.242640687119286,-1.076032058327355,29.709632098128225,127.29036790187178,1.1785113019775793,1.3572792206135786,1.1027207793864213,-1.674726587020772,4.778050865276331,3.971949134723669,-2.845039549506321
146,Robby Snelling,6.0,1.0954451150103321,86.66666666666667,13.72103008766713,1.33,0.012649110640673518,4.081666666666666,0.02994439290863423,-0.730296743340206,2.7136646549690036,9.286335345030997,-0.6802210383404382,45.503576403665285,127.82975692966806,-3.9528470752104776,1.3679473319220206,1.2920526680779796,2.282007638018631,4.171499845392569,3.9918334879407635,-3.0813572188724914
147,JP Sears,3.75,2.8722813232690143,60.5,43.0,1.2525,0.01500000000000002,4.5925,0.14314910641239306,-1.0618737013297508,-4.866843969807043,12.366843969807043,-0.8255813953488372,-68.5,189.5,1.8333333333333361,1.2975,1.2074999999999998,-3.0911824117519653,5.02194731923718,4.163052680762821,-3.145304175097217
148,Kyle Leahy,5.714285714285714,0.7559289460184546,99.71428571428571,7.5435245015020564,1.3499999999999999,0.04320493798938571,4.315714285714286,0.2756723382844893,-1.4362649974350403,3.4464988762303506,7.982072552341078,0.4923806787591297,77.08371220977953,122.34485921879188,-1.6201851746019622,1.479614813968157,1.2203851860318427,-0.6011277255655266,5.142731300567753,3.488697270860818,-3.1651972188433994
149,Brandon Sproat,5.125,0.991031208965115,83.375,11.7587353547419,1.30375,0.03961871851969546,4.13,0.1292837411057003,-1.690158680016851,2.151906373104655,8.098093626895345,-1.0736698819323938,48.0987939357743,118.6512060642257,-0.5994641141205317,1.4226061555590863,1.1848938444409136,0.15469849363075583,4.517851223317101,3.742148776682899,-3.208594182439021
150,Dean Kremer,6.875,0.991031208965115,99.625,10.80922225297851,1.3,0.014142135623730987,4.41,0.09768754855587809,0.07567874686644414,3.901906373104655,9.848093626895345,0.335361778596154,67.19733324106447,132.05266675893552,-1.4142135623730927,1.342426406871193,1.257573593128807,-2.661546981612274,4.703062645667634,4.116937354332366,-3.6647200185227686
151,Bryce Elder,7.0,1.0690449676496978,97.375,12.83897525950906,1.35125,0.03642506985972313,4.49125,0.1497080492157981,0.187082869338713,3.792865097050907,10.207134902949093,0.10709577456204068,58.85807422147282,135.8919257785272,-1.9560703733552596,1.4605252095791694,1.2419747904208307,-2.2794365552656526,4.940374147647394,4.042125852352606,-3.9413282847201585
152,Anthony Kay,6.25,1.2817398889233114,111.25,8.481071360893706,1.40875,0.03181980515339469,4.5775,0.3234523590444637,-0.4291042236830084,2.404780333230066,10.095219666769934,1.7981218823741871,85.80678591731888,136.69321408268112,-4.046222136789679,1.504209415460184,1.313290584539816,-1.3216784111975903,5.547857077133391,3.6071429228666085,-3.998882889296091
153,Andrew Painter,6.0,0.7559289460184545,98.5,5.707138387268051,1.34375,0.05655275665884279,4.585,0.1860875370049576,-1.0583005244258137,3.7322131619446366,8.267786838055363,0.438047902531539,81.37858483819585,115.62141516180415,-1.1272660037524767,1.5134082699765283,1.1740917300234717,-2.3376095304459357,5.1432626110148725,4.0267373889851275,-4.085128156092686
154,Ryan Weiss,5.5,1.2247448713915892,92.0,21.93627133311402,1.3150000000000002,0.022583179581272435,4.216666666666667,0.04926120853842981,-1.0614455552060298,1.8257653858252327,9.174234614174768,-0.18234639512147982,26.191186000657936,157.80881399934208,-1.5498260496951728,1.3827495387438176,1.2472504612561828,-1.3533299049019112,4.364450292281957,4.068883041051377,-4.146947904924594
155,Aaron Civale,6.5,0.9258200997725514,106.25,6.902380541730304,1.32625,0.030207614933986365,4.7925,0.16307316499920274,-0.3240370349203746,3.7225397006823457,9.277460299317655,1.4849949141503733,85.54285837480909,126.95714162519091,-1.531070893914381,1.416872844801959,1.235627155198041,-3.9399492859732086,5.281719494997609,4.303280505002392,-4.310062300657591
156,Jose Berrios,5.875,1.3562026818605375,88.75,13.635562747043902,1.30875,0.023566016694748056,4.42375,0.138866585510801,-0.6820514458288791,1.8063919544183875,9.943608045581612,-0.5316978942854229,47.843311758868296,129.6566882411317,-1.2199770700496577,1.3794480500842443,1.2380519499157558,-1.9713165625340987,4.840349756532403,4.007150243467597,-4.405042972698059
157,Richard Fitts,5.75,0.8864052604279183,90.375,8.070006195784487,1.3125,0.03732100136460896,4.41875,0.1363228835208109,-1.18455975711729,3.090784218716245,8.409215781283756,-0.6970254871598884,66.16498141264654,114.58501858735346,-0.8708233651742077,1.4244630040938269,1.2005369959061731,-1.9714225011897781,4.827718650562433,4.009781349437567,-4.723831110641164
158,Adrian Houser,7.875,0.6408699444616557,101.75,6.584614100852295,1.38,0.01511857892036901,4.30625,0.12293290853144316,1.6774074198518387,5.952390166615033,9.797609833384968,0.8732478338033106,81.99615769744312,121.50384230255688,-6.614378277661502,1.425355736761107,1.3346442632388928,-1.2710184918469993,4.67504872559433,3.937451274405671,-5.334741515853352
159,Andre Pallante,7.5,0.5345224838248486,92.0,5.451081150953973,1.41125,0.02799872446074238,4.33,0.12142016777643284,1.3095800853709119,5.896432548525454,9.103567451474547,-0.7337993857053431,75.64675654713808,108.35324345286192,-4.687713548666417,1.495246173382227,1.3272538266177727,-1.4824555368052865,4.694260503329299,3.9657394966707016,-5.594388385806134
160,Joe Boyle,4.625,1.302470180629319,96.25,15.953056133543816,1.3775,0.02375469878330836,4.1175,0.27133268983192677,-1.6699038736910512,0.7175894581120428,8.532410541887957,0.015670978520180567,48.39083159936855,144.10916840063146,-4.104451118888106,1.448764096349925,1.3062359036500748,0.11977915385032416,4.93149806949578,3.3035019305042193,-5.638904860208653
161,Trevor McDonald,3.375,1.5979898086569353,57.5,18.48551556528207,1.3325,0.03150963571444687,4.13125,0.17158400691373152,-2.143317799303487,-1.4189694259708059,8.168969425970806,-2.082711724432909,2.043453304153786,112.95654669584621,-1.666156996411394,1.4270289071433406,1.2379710928566594,0.10927591875988639,4.646002020741194,3.616497979258805,-5.782910601387904
162,J.T. Ginn,4.25,0.8864052604279182,77.375,9.941794893996036,1.3075,0.029154759474226532,4.1925,0.25012853838433907,-2.8767879815705886,1.5907842187162453,6.909215781283755,-1.8734041688234637,47.54961531801189,107.20038468198811,-0.9432422182838004,1.3949642784226797,1.2200357215773205,-0.1699126388157095,4.942885615153017,3.442114384846983,-5.863347007493562
163,Gage Jump,3.25,1.98206241793023,46.375,21.619683491802423,1.31375,0.04438065859293721,4.3825,0.20789763964852667,-1.7910636758387624,-2.69618725379069,9.19618725379069,-2.2953620028163875,-18.484050475407273,111.23405047540727,-0.7604664074401762,1.4468919757788117,1.1806080242211883,-1.1183388151643578,5.0061929189455805,3.75880708105442,-5.965230901259684
164,Jacob Latz,3.875,1.3562026818605377,92.0,7.1713716560063645,1.36125,0.03979860011895603,4.3325,0.14149709739577163,-2.156757274648104,-0.19360804558161337,7.943608045581613,-0.5577733510227169,70.4858850319809,113.5141149680191,-2.0415290929115057,1.480645800356868,1.241854199643132,-1.289779107549756,4.7569912921873145,3.9080087078126846,-6.045838826132083
165,David Festa,2.875,0.9910312089651149,58.5,14.560219778561034,1.275,0.01772810520855838,4.145,0.13752921767495713,-3.96052108600966,-0.09809362689534451,5.848093626895345,-2.5755105740379194,14.819340664316897,102.1806593356831,0.2820380374088894,1.328184315625675,1.2218156843743249,0.036355911016799435,4.557587653024871,3.7324123469751282,-6.21763771162189
166,Alex Cobb,2.75,1.5,44.75,21.5,1.3325,0.04924428900898053,4.2325,0.24431878083083716,-2.6999999999999886,-1.75,7.25,-2.383720930232558,-19.75,109.25,-1.0661134733902997,1.4802328670269416,1.1847671329730585,-0.3376735907057485,4.965456342492511,3.4995436575074885,-6.487507994328595
167,Kyle Freeland,7.375,0.5175491695067655,115.125,6.854352110677046,1.4324999999999999,0.020528725518857066,5.21,0.344507930657212,1.1110055505412235,5.822352491479704,8.927647508520296,2.7901980655777705,94.56194366796886,135.68805633203112,-7.4286150818236605,1.4940861765565712,1.3709138234434286,-3.076852245397821,6.243523791971636,4.1764762080283635,-6.6042637111024876
168,Lucas Giolito,6.375,0.7440238091428449,101.75,10.793516572461455,1.37625,0.035831949031954205,4.702500000000001,0.14068708946757394,-0.5712182792773871,4.142928572571465,8.607071427428535,0.5327272128038912,69.36945028261565,134.13054971738435,-2.6861502820894883,1.4837458470958627,1.2687541529041373,-3.927154951395468,5.124561268402722,4.280438731597279,-6.651796299958452
169,Michael Lorenzen,6.25,0.46291004988627577,109.0,7.578164119928481,1.47625,0.04405759217855003,5.30375,0.3775461182803651,-1.1881357947080708,4.861269850341173,7.638730149658827,1.7154550619738609,86.26550764021457,131.73449235978543,-4.4543968541146635,1.60842277653565,1.34407722346435,-3.055918056461719,6.436388354841095,4.171111645158905,-6.982995643310592
170,Hunter Barco,4.125,0.8345229603962802,80.375,4.533604683755679,1.33875,0.04642582409453963,4.0600000000000005,0.1245563555756418,-3.2054240889067174,1.6214311188111594,6.628568881188841,-3.4464848812217364,66.77418594873296,93.97581405126704,-1.2654594968602821,1.478027472283619,1.1994725277163811,0.7225644936708491,4.433669066726926,3.686330933273075,-7.194803973317886
171,Patrick Sandoval,4.5,1.3093073414159544,72.75,6.497252166438188,1.39,0.04407785320154718,4.0625,0.1749897956208548,-1.7566540163997255,0.572077975752137,8.427922024247863,-3.578435837860625,53.25824350068544,92.24175649931456,-2.49558433567583,1.5222335596046415,1.2577664403953583,0.5000291570691586,4.587469386862565,3.5375306131374358,-7.330645032867022
172,Brad Lord,5.0,1.4142135623730951,81.0,4.242640687119285,1.315,0.021213203435596524,4.375,0.2192031021678301,-1.2727922061357735,0.7573593128807143,9.242640687119286,-3.5355339059327378,68.27207793864214,93.72792206135786,-1.6499158227685995,1.3786396103067895,1.2513603896932104,-1.026445327528856,5.03260930650349,3.71739069349651,-7.484687262365966
174,Martin Perez,2.75,2.217355782608345,39.75,28.194266556636414,1.435,0.05446711546122738,4.7725,0.4876046896137619,-1.8264998480468664,-3.902067347825035,9.402067347825035,-1.995086479267175,-44.832799669909235,124.33279966990924,-2.845753785333783,1.5984013463836821,1.271598653616318,-1.2766489192158714,6.235314068841285,3.309685931158714,-7.943989031863696
175,Luis Medina,4.0,0.0,63.666666666666664,6.562519841239846,1.4249999999999998,0.03146426544510459,4.6433333333333335,0.20441787266935998,4.0,4.0,4.0,-4.926969230652208,43.97910714294713,83.3542261903862,-4.6084025146870164,1.5193927963353135,1.330607203664686,-2.413357143830988,5.256586951341413,4.030079715325254,-7.948728889170212
176,JR Ritchie,3.0,1.7320508075688772,44.4,33.33616654626023,1.356,0.05549774770204644,4.4559999999999995,0.10502380682492901,-2.193931022920568,-2.196152422706632,8.196152422706632,-1.5478684367740738,-55.60849963878069,144.40849963878068,-1.3694249432972505,1.5224932431061395,1.1895067568938607,-2.913625103211983,4.771071420474787,4.140928579525212,-8.024849506203875
177,Janson Junk,4.625,1.302470180629319,69.75,7.887603293414658,1.2825,0.011649647450214348,4.4075,0.09082951062292478,-1.6699038736910512,0.7175894581120428,8.532410541887957,-3.328007130114678,46.08719011975602,93.41280988024397,-0.2145987688197335,1.317448942350643,1.247551057649357,-2.834981695200371,4.679988531868774,4.135011468131226,-8.047491467825834
178,Colin Rea,5.0,1.0954451150103321,74.16666666666667,13.702797767852617,1.2916666666666667,0.007527726527090795,4.413333333333333,0.07966596931354471,-1.643167672515483,1.7136646549690036,8.286335345030997,-1.5933485776572807,33.05827336310882,115.27505997022453,-1.5498260496951761,1.314249846247939,1.2690834870853944,-3.305468264585104,4.652331241273967,4.174335425392699,-8.091810564453043
179,Chris Paddack,6.25,0.7071067811865476,98.375,7.595816517756901,1.32,0.010690449676497028,4.74375,0.12738440137742818,-0.7778174593051781,4.128679656440357,8.371320343559642,0.3126721129253073,75.5875504467293,121.1624495532707,-3.7416573867739262,1.352071349029491,1.287928650970509,-4.661088748541305,5.1259032041322845,4.361596795867716,-8.867891481695102
180,Jose Quintana,6.625,0.9161253813129042,88.125,9.731208998445597,1.55875,0.04764076885549658,5.35,0.5447410918435084,-0.19102188801841677,3.876623856061287,9.373376143938714,-0.8092519646076766,58.93137300466321,117.31862699533679,-5.851081052984289,1.7016723065664898,1.4158276934335103,-2.202881365051733,6.984223275530525,3.7157767244694746,-9.054236270662114
181,Stephen Kolek,3.75,1.5811388300841898,53.5,15.445757623743441,1.3675,0.028157719063467136,4.37125,0.16348328879211382,-1.9289893727027005,-0.9934164902525691,8.493416490252569,-2.7515646066249535,7.162727128769674,99.83727287123033,-3.1074960227700275,1.4519731571904013,1.2830268428095986,-1.353349333957565,4.861699866376341,3.8808001336236586,-9.141399336055247
182,Miles Mikolas,6.375,0.5175491695067657,90.5,4.3424811867344735,1.3487500000000001,0.025877458475338268,5.02625,0.1944910941773061,-0.8211780156173686,4.822352491479704,7.927647508520296,-1.2665570127975558,77.47255643979658,103.52744356020342,-2.6567524034680687,1.426382375426015,1.2711176245739852,-4.505347680347636,5.6097232825319185,4.442776717468082,-9.24983511223063
183,Hurston Waldrep,4.5,2.32992949004287,58.5,24.38969337357776,1.4024999999999999,0.021876275473019378,4.3975,0.1770996491083081,-0.9871543365707875,-2.4897884701286106,11.48978847012861,-1.5375347047464365,-14.669080120733284,131.66908012073327,-5.599673497944497,1.468128826419058,1.3368711735809418,-1.3975182968806281,4.928798947324925,3.8662010526750756,-9.52188083614235
184,Andrew Alvarez,3.875,0.8345229603962803,65.5,13.060299712159312,1.4025,0.039910614413425693,4.38,0.29022159021783933,-3.504996433664356,1.3714311188111594,6.378568881188841,-2.335321598447247,26.319100863522067,104.68089913647793,-3.0693589111670447,1.5222318432402773,1.2827681567597229,-0.7924978973044781,5.250664770653518,3.509335229346482,-9.702174840583126
185,Robert Gasser,3.75,0.46291004988627565,68.625,4.627171304989075,1.2349999999999999,0.02777460299317656,4.012499999999999,0.14320315239945955,-6.588753043381288,2.361269850341173,5.1387301496588265,-5.916141460006879,54.74348608503278,82.50651391496723,1.6201851746019695,1.3183238089795295,1.1516761910204703,0.9601743934829747,4.442109457198378,3.5828905428016204,-9.924534935303225
186,German Marquez,5.375,0.7440238091428447,79.0,11.21223821162776,1.4124999999999999,0.03693623849670831,5.09875,0.2884162418648238,-1.915261289341882,3.1429285725714657,7.607071427428535,-1.5162003945269362,45.363285365116724,112.63671463488328,-3.58726295347611,1.5233087154901248,1.301691284509875,-3.2895165468686187,5.963998725594472,4.233501274405528,-10.308241184213546
187,Thomas White,2.5,2.1213203435596424,68.0,53.74011537017761,1.41,0.028284271247461926,4.24,0.028284271247461613,-2.0270394394014284,-3.8639610306789276,8.863961030678928,-0.5210260492953508,-93.22034611053283,229.22034611053283,-4.596194077712551,1.4948528137423858,1.325147186257614,-3.1819805153394913,4.324852813742385,4.155147186257615,-10.326240081748821
188,Johan Oviedo,5.375,0.9161253813129042,92.625,4.98390265898981,1.34375,0.009161253813129022,4.2925,0.11348379368249646,-1.5554639452929553,2.626623856061287,8.123376143938714,-0.6771801599921458,77.67329202303057,107.57670797696943,-6.958654492100158,1.371233761439387,1.316266238560613,-1.2556859034752115,4.63295138104749,3.952048618952511,-10.44698450086047
189,Randy Vasquez,6.625,0.5175491695067657,90.375,7.576985831167582,1.39625,0.021998376563477782,4.828749999999999,0.16057374807679048,-0.33813212407772064,5.072352491479704,8.177647508520296,-0.7423796382014892,67.64404250649726,113.10595749350274,-5.284480864510744,1.4622451296904333,1.3302548703095667,-4.227029686542556,5.310471244230371,4.347028755769628,-10.59202231333251
190,Emerson Hancock,4.166666666666667,0.983192080250175,66.5,16.57407614318216,1.3116666666666668,0.009831920802501646,4.341666666666667,0.06177917664283531,-2.6783508393021833,1.2170904259161421,7.116242907417192,-1.7798880459551278,16.777771570453517,116.22222842954648,-3.2208016421988903,1.3411624290741717,1.2821709042591618,-3.1024477353389024,4.527004196595173,4.156329136738161,-10.781488262795104
191,Chase Dollander,5.125,0.6408699444616557,101.5,7.270291799999698,1.4875,0.04200340122282614,5.30875,0.2745613384499513,-2.6136348169783785,3.202390166615033,7.047609833384967,0.7565033359459147,79.68912460000091,123.31087539999909,-4.940076135721055,1.6135102036684785,1.3614897963315216,-4.220368412179865,6.132434015349854,4.485065984650146,-11.017576028933384
192,Sean Sullivan,4.5,0.7071067811865476,63.5,10.606601717798213,1.3900000000000001,0.02828427124746169,4.865,0.5727564927611035,-3.2526911934580944,2.378679656440357,6.621320343559643,-3.064129385141706,31.68019484660536,95.31980515339464,-3.8890872965260437,1.4748528137423853,1.305147186257615,-1.2483490087614355,6.583269478283311,3.1467305217166897,-11.45425688388728
193,Jon Gray,3.5,1.0,48.5,17.0,1.3075,0.01892969448600092,4.6325,0.12093386622447845,-3.299999999999983,0.5,6.5,-2.7941176470588234,-2.5,99.5,-1.452743995437283,1.3642890834580028,1.2507109165419974,-3.9897839626195313,4.995301598673436,4.269698401326565,-11.53664560511562
194,Lance McCullers Jr.,5.25,1.3887301496588271,90.75,17.645315039894946,1.42125,0.018077215335491094,4.46375,0.11211441859610592,-1.116127564725786,1.0838095510235188,9.416190448976481,-0.29752940019093344,37.81405488031516,143.68594511968485,-7.813703459220458,1.4754816460064732,1.3670183539935266,-2.7984803732541255,4.800093255788318,4.127406744211682,-12.025840797391304
196,Patrick Corbin,4.0,0.9258200997725516,58.75,18.108798177365927,1.42625,0.03777281713462369,4.96625,0.2516197528017226,-3.0243456592569826,1.2225397006823453,6.777460299317655,-2.057011163035576,4.42360546790222,113.07639453209778,-3.871831944087191,1.539568451403871,1.312931548596129,-3.2439822029521173,5.721109258405168,4.2113907415948315,-12.197170969331868
197,George Klassen,3.2,1.6431676725154984,53.6,22.941229260874405,1.3800000000000001,0.014142135623730795,4.526000000000001,0.22831995094603563,-2.1908902300206536,-1.7295030175464952,8.129503017546496,-1.8482008752823005,-15.223687782623209,122.4236877826232,-7.07106781186556,1.4224264068711925,1.3375735931288077,-1.6468118464551944,5.210959852838108,3.841040147161894,-12.756970763623709
198,Jake Irvin,5.625,1.1877349391654208,94.125,15.103807466993217,1.3675000000000002,0.013887301496588192,4.8725,0.13509256086106292,-0.9892779619883993,2.0617951825037375,9.188204817496263,-0.12414088329035518,48.81357759902035,139.43642240097967,-6.300720123452132,1.4091619044897647,1.3258380955102356,-5.348184943677694,5.277777682583189,4.467222317416811,-12.762323912408581
199,Quinn Mathews,2.6666666666666665,1.2110601416389968,47.5,26.265947536687115,1.4666666666666668,0.034448028487370184,4.375,0.09914635646356369,-3.412987671891704,-0.9665137582503238,6.299847091583657,-1.8464972539923543,-31.297842610061338,126.29784261006134,-5.418790998013285,1.5700107521287774,1.3633225812045562,-2.2693723503867456,4.672439069390691,4.077560930609309,-12.947648274284088
200,Josiah Gray,4.125,0.8345229603962804,74.0,13.999999999999998,1.40625,0.03502550091412988,5.0325,0.18790195011532695,-3.2054240889067165,1.621431118811159,6.628568881188841,-1.5714285714285716,32.00000000000001,116.0,-3.6045166151804726,1.5113265027423897,1.3011734972576103,-4.696598409214779,5.596205850345981,4.468794149654019,-13.07796768473054
201,Brandon Williamson,3.75,0.8864052604279183,69.0,6.8452277432633934,1.39875,0.04086126352846724,4.85375,0.19999553566445977,-3.440864056388355,1.0907842187162449,6.409215781283756,-3.9443537910877486,48.46431677020982,89.53568322979018,-2.9061754274257603,1.5213337905854016,1.2761662094145982,-3.51882854615669,5.453736606993379,4.25376339300662,-13.810221821058555
202,Spencer Arrighetti,5.0,0.5345224838248488,89.375,6.277795336399099,1.3562500000000002,0.010606601717798253,4.53,0.16440368435218056,-3.3674916480965154,3.3964325485254534,6.603567451474547,-1.0553067828745202,70.5416139908027,108.2083860091973,-7.18891894206322,1.3880698051533948,1.3244301948466055,-2.3113837229217777,5.023211053056542,4.036788946943458,-13.923101095956032
203,Ryan Johnson,4.2,0.4472135954999579,61.8,4.96990945591567,1.316,0.027018512172212596,4.154,0.14707141122597553,-5.813776741499415,2.858359213500126,5.541640786499874,-6.881413092806316,46.89027163225299,76.709728367747,-1.3324197783556904,1.397055536516638,1.2349444634833622,-0.027197671978910647,4.595214233677926,3.7127857663220736,-14.054807284640331
204,Tyler Anderson,3.75,0.7071067811865475,61.125,14.932586609731848,1.40625,0.04274091382136915,4.89,0.16466416038192946,-4.313351365237916,1.6286796564403576,5.871320343559642,-2.335496248002426,16.32724017080446,105.92275982919554,-2.9538441907828097,1.5344727414641075,1.2780272585358925,-4.4939955257028,5.383992481145788,4.396007518854211,-14.096687329725953
205,Caden Dana,4.125,1.246423454758225,65.375,17.344719245761397,1.4124999999999999,0.030589447293376947,5.05125,0.15301143748099374,-2.146140615204378,0.38572963572532526,7.864270364274675,-1.7656670924485538,13.34084226271581,117.40915773728419,-4.331559139634667,1.5042683418801306,1.3207316581198691,-5.890082564004064,5.51028431244298,4.592215687557019,-14.133449411291663
206,Tanner Gordon,3.125,1.2464234547582247,48.625,14.141504264297446,1.41625,0.04340424600691242,5.40875,0.2653535377567063,-2.9484361722901324,-0.6142703642746739,6.864270364274674,-3.3500679358140126,6.200487207107663,91.04951279289233,-3.139093810736886,1.5464627380207372,1.2860372619792628,-4.743671445428798,6.204810613270119,4.6126893867298815,-14.18126936426983
207,River Ryan,2.875,0.8345229603962802,45.0,8.94427190999916,1.375,0.04208834246473207,4.545,0.231022571562669,-4.703285812694912,0.3714311188111594,5.378568881188841,-5.701973342624464,18.167184270002522,71.83281572999748,-2.257157075729585,1.5012650273941963,1.2487349726058037,-1.7097896423200742,5.238067714688007,3.851932285311993,-14.372205873369037
208,Jordan Montgomery,2.875,0.9910312089651148,43.5,15.638779638176006,1.3475000000000001,0.01581138830084192,4.56,0.1405092777821348,-3.9605210860096602,-0.09809362689534407,5.848093626895344,-3.3570394375173396,-3.416338914528019,90.41633891452801,-4.269074841227313,1.394934164902526,1.3000658350974743,-2.9179567817273995,4.981527833346404,4.138472166653595,-14.504592146481713
209,Cody Bradford,3.875,0.6408699444616557,56.75,3.327375628243462,1.1925,0.04097037257057141,4.235,0.2664582518894848,-4.564108560992113,1.952390166615033,5.797609833384967,-11.796083275611497,46.767873115269616,66.73212688473039,2.1356896339978726,1.315411117711714,1.0695888822882857,-0.31899931564234024,5.034374755668455,3.435625244331546,-14.54350151824808
210,Logan Allen,6.0,0.9258200997725518,92.0,11.513966674062788,1.4024999999999999,0.010350983390135307,4.56625,0.2671509739026663,-0.864098759787696,3.222539700682345,8.777460299317655,-0.34740416688982567,57.458099977811635,126.54190002218837,-11.834624342721366,1.4335529501704058,1.3714470498295939,-1.5581077393027067,5.367702921707999,3.764797078292001,-14.604235008701593
211,Charlie Morton,4.5,1.7320508075688772,73.5,31.670175244226233,1.4175,0.029860788111948207,4.84,0.08366600265340761,-1.3279056191361296,-0.696152422706632,9.696152422706632,-0.7104476001945066,-21.5105257326787,168.5105257326787,-4.604700970534064,1.5070823643358446,1.3279176356641553,-8.247077404407305,5.090998007960223,4.589001992039777,-14.890131594272006
212,Ryan Bergert,2.25,0.7071067811865476,50.125,13.84028798214009,1.39,0.03999999999999992,4.70875,0.20732565825634924,-6.434671708797558,0.12867965644035717,4.371320343559643,-3.314598660027771,8.60413605357973,91.64586394642026,-2.7500000000000027,1.5099999999999996,1.2700000000000002,-2.6950354562922914,5.330726974769048,4.086773025230952,-15.194305825117624
213,Tomoyuki Sugano,5.625,0.7440238091428447,72.25,4.200340122282617,1.46125,0.03270539492412315,5.41375,0.4489968978575625,-1.5792505368257581,3.3929285725714657,7.857071427428535,-5.65430401076506,59.64897963315215,84.85102036684785,-5.541899139897309,1.5593661847723694,1.3631338152276304,-2.8146074194056134,6.7607406935726875,4.066759306427313,-15.59006110689374
214,Alek Manoah,2.625,0.7440238091428449,48.125,13.642763649642252,1.40125,0.050267143486433664,4.8875,0.1690942256342812,-5.61137956701924,0.3929285725714653,4.857071427428535,-3.509186351788437,7.196709051073242,89.05329094892676,-2.4121123976882357,1.5520514304593012,1.250448569540699,-4.361473593989381,5.394782676902844,4.380217323097156,-15.894151910485295
215,Griffin Canning,5.75,0.46291004988627593,92.75,4.334248987508022,1.3525,0.007071067811865492,4.52625,0.13135964807678616,-2.268259244442713,4.361269850341172,7.138730149658828,-0.7498415548730598,79.74725303747593,105.75274696252407,-10.253048327204917,1.3737132034355966,1.3312867965644035,-2.864273812457713,4.920328944230358,4.132171055769642,-16.135422938978405
216,Jack Kochanowicz,3.875,0.9910312089651149,52.125,11.531788363352097,1.455,0.030705978943149557,4.94125,0.19562628365621731,-2.951471127790634,0.9019063731046555,6.848093626895345,-3.8047004174507997,17.52963490994371,86.72036509005629,-5.6992157886906325,1.5471179368294488,1.3628820631705514,-4.044701893895292,5.528128850968653,4.354371149031348,-16.50008922782736
217,Drew Thorpe,2.25,0.7071067811865476,34.625,9.723866074179107,1.3599999999999999,0.06164414002968966,4.7375,0.13864136673961547,-6.434671708797558,0.12867965644035717,4.371320343559643,-6.311789933324571,5.45340177746268,63.79659822253732,-1.2977713690461001,1.5449324200890688,1.175067579910931,-4.237551993434921,5.153424100218846,4.321575899781154,-18.281785004603147
218,Taijuan Walker,5.375,0.5175491695067657,80.75,4.559135256352269,1.42625,0.022638462845343484,5.05875,0.1487507502982277,-2.7533615817759602,3.822352491479703,6.927647508520296,-3.3449325678048463,67.0725942309432,94.4274057690568,-6.460244275378539,1.4941653885360304,1.3583346114639696,-6.109212882476646,5.505002250894683,4.612497749105317,-18.667751307435992
219,Walker Buehler,4.125,0.9910312089651148,65.75,13.488089984448184,1.4075,0.02187627547301936,4.81,0.08228869042236985,-2.6992086382358775,1.151906373104656,7.098093626895344,-2.2427193201467635,25.285730046655445,106.21426995334456,-5.828231599901426,1.473128826419058,1.3418711735809419,-8.020543243699269,5.056866071267109,4.56313392873289,-18.790702801983336
220,Tanner McDougal,2.4,0.8944271909999159,51.2,21.358838919754042,1.46,0.021213203435596475,4.738,0.15073154945133385,-4.919349550499518,-0.28328157299974777,5.083281572999748,-2.0974922919881216,-12.876516759262117,115.27651675926212,-8.485281374238548,1.5236396103067893,1.3963603896932106,-3.9009749593919323,5.190194648354002,4.285805351645999,-19.40309817611812
221,Jonathan Cannon,4.625,0.916125381312904,79.75,9.837973078114937,1.385,0.023299294900428633,4.84625,0.06069537520625909,-2.374129179657679,1.876623856061288,7.373376143938712,-1.6517630075801832,50.23608076565519,109.26391923434481,-4.506574145214511,1.454897884701286,1.3151021152987141,-11.471219967484453,5.028336125618778,4.664163874381223,-20.003686299936824
222,Carson Whisenhunt,3.0,1.3093073414159542,45.0,19.235384061671347,1.365,0.0075592894601844846,4.39875,0.0735696948478109,-2.902297940138686,-0.9279220242478625,6.927922024247863,-2.651363749041185,-12.70615218501404,102.70615218501405,-11.244443072024595,1.3876778683805535,1.3423221316194465,-3.3811476385021466,4.619459084543433,4.178040915456567,-20.17925239970661
223,Ryan Feltner,4.5,0.7559289460184544,86.375,8.667467911679857,1.50125,0.02416461403433898,5.29625,0.16543773105656034,-3.0426140077242567,2.232213161944637,6.767786838055363,-1.1104742582351899,60.37259626496043,112.37740373503956,-9.155950088240349,1.573743842103017,1.428756157896983,-6.928588736556813,5.792563193169681,4.799936806830319,-20.23762709075661
224,Hunter Dobbins,4.25,0.46291004988627577,60.75,3.6936238496708267,1.3587500000000001,0.02031009601158982,4.45625,0.11795126112085437,-5.508629593646644,2.8612698503411726,5.638730149658827,-9.543473140379863,49.66912845098752,71.83087154901249,-3.8773819658490014,1.4196802880347696,1.2978197119652306,-2.5964114083206944,4.810103783362563,4.102396216637437,-21.525896108196203
225,Jose Urquidy,3.125,0.3535533905932738,49.625,6.545172703167252,1.3375000000000001,0.02434865792722757,4.6674999999999995,0.18744523009592526,-10.3944696834422,2.0643398282201786,4.185660171779821,-7.085374535275262,29.989481890498244,69.26051810950176,-2.361526461616658,1.4105459737816828,1.2644540262183175,-2.760806448556563,5.229835690287775,4.105164309712224,-22.60217712889068
226,Erick Fedde,5.125,0.35355339059327373,77.25,7.648529270389178,1.45125,0.01807721533549117,5.135,0.14677485187475808,-4.737615433949821,4.064339828220179,6.185660171779821,-2.4514516892273,54.304412188832465,100.19558781116754,-9.473251096576979,1.5054816460064735,1.3970183539935264,-6.7109589103213185,5.575324555624274,4.694675444375726,-23.373277130075415
227,Gunnar Hoglund,3.2,0.4472135954999579,44.2,4.438468204234431,1.366,0.008944271909999085,4.934,0.13258959235173787,-8.049844718999205,1.8583592135001263,4.541640786499874,-11.67069304463672,30.884595387296713,57.51540461270329,-9.615092303249183,1.3928328157299974,1.3391671842700028,-5.912982958120724,5.331768777055213,4.536231222944787,-35.24861302500583
228,Marcus Stroman,3.5,1.0,44.0,12.67543556122103,1.4275,0.01707825127659941,4.7975,0.033040379335998404,-3.299999999999983,0.5,6.5,-4.102423127698092,5.973693316336906,82.0263066836631,-8.636715645594476,1.4787347538297981,1.3762652461702019,-19.597232629061583,4.896621138007996,4.698378861992005,-35.63637140235413
229,McCade Brown,2.25,0.5,45.75,23.5,1.4425,0.012583057392117862,5.28,0.07788880963698563,-9.099999999999966,0.75,3.75,-2.1382978723404253,-24.75,116.25,-12.914190481384221,1.4802491721763535,1.4047508278236462,-14.507860696120042,5.513666428910957,5.046333571089043,-38.660349049844655
230,Antonio Senzatela,4.166666666666667,0.752772652709081,57.333333333333336,5.85377371160405,1.5666666666666667,0.028047578623950103,5.489999999999999,0.06841052550594834,-3.4981787978833534,1.9083487085394237,6.42498462479391,-6.605425588969553,39.77201219852118,74.89465446814549,-10.220727803642884,1.650809402538517,1.4825239307948164,-19.587629097856954,5.695231576517845,5.284768423482154,-39.91196128835274
231,AJ Blubaugh,7.0,,105.0,,1.36,,4.41,,,,,,,,,,,,,,
232,AJ Smith-Shawver,5.0,,88.0,,1.31,,3.9,,,,,,,,,,,,,,
233,Aaron Ashby,5.0,,85.0,,1.41,,3.94,,,,,,,,,,,,,,
234,Aaron Brooks,4.0,,45.0,,1.53,,5.31,,,,,,,,,,,,,,
235,Aaron Brown,4.0,,51.0,,1.46,,5.11,,,,,,,,,,,,,,
236,Aaron Davenport,5.0,,86.0,,1.48,,4.98,,,,,,,,,,,,,,
237,Aaron Rozek,3.0,,66.0,,1.4,,4.99,,,,,,,,,,,,,,
238,Aaron Wilkerson,4.0,,81.0,,1.37,,4.8,,,,,,,,,,,,,,
239,Abdiel Mendoza,4.0,,56.0,,1.39,,4.64,,,,,,,,,,,,,,
240,Adam Kloffenstein,5.0,,76.0,,1.39,,4.88,,,,,,,,,,,,,,
241,Adam Laskey,4.0,,49.0,,1.51,,4.96,,,,,,,,,,,,,,
242,Adam Macko,5.0,,67.0,,1.39,,4.66,,,,,,,,,,,,,,
243,Adam Mazur,7.0,,89.0,,1.34,,4.44,,,,,,,,,,,,,,
244,Adam Plutko,4.0,,44.0,,1.47,,5.33,,,,,,,,,,,,,,
245,Adam Seminaris,5.0,,65.0,,1.45,,4.84,,,,,,,,,,,,,,
246,Adrian Sampson,4.0,,49.0,,1.51,,5.26,,,,,,,,,,,,,,
247,Alan Rangel,4.0,,92.0,,1.37,,5.05,,,,,,,,,,,,,,
248,Albert Suarez,4.0,,72.0,,1.49,,5.04,,,,,,,,,,,,,,
249,Alec Baker,3.0,,47.0,,1.45,,4.74,,,,,,,,,,,,,,
250,Alec Marsh,5.0,,84.0,,1.39,,4.88,,,,,,,,,,,,,,
251,Alejandro Hidalgo,3.0,,71.0,,1.54,,5.4,,,,,,,,,,,,,,
252,Alessandro Ercolani,3.0,,55.0,,1.48,,4.96,,,,,,,,,,,,,,
253,Alex Amalfi,5.0,,63.0,,1.46,,4.63,,,,,,,,,,,,,,
254,Alex Clemmey,4.0,,90.0,,1.58,,5.29,,,,,,,,,,,,,,
255,Alex Cornwell,4.0,,56.0,,1.44,,4.74,,,,,,,,,,,,,,
256,Alex Faedo,3.0,,53.0,,1.34,,4.52,,,,,,,,,,,,,,
257,Alex Pham,3.0,,63.0,,1.39,,4.63,,,,,,,,,,,,,,
258,Alex Santos II,3.0,,35.0,,1.51,,4.94,,,,,,,,,,,,,,
259,Alex Williams,4.0,,53.0,,1.44,,4.94,,,,,,,,,,,,,,
260,Alexander Cornielle,4.0,,78.0,,1.5,,5.68,,,,,,,,,,,,,,
261,Allan Winans,6.0,,82.0,,1.25,,4.56,,,,,,,,,,,,,,
262,Alonzo Tredwell,3.0,,72.0,,1.44,,4.77,,,,,,,,,,,,,,
263,Anders Tolhurst,3.0,,51.0,,1.37,,4.85,,,,,,,,,,,,,,
264,Andrew Bash,3.0,,52.0,,1.49,,4.95,,,,,,,,,,,,,,
265,Andrew Dalquist,3.0,,43.0,,1.63,,5.37,,,,,,,,,,,,,,
266,Andrew Heaney,7.0,,103.0,,1.4,,4.91,,,,,,,,,,,,,,
267,Andrew Hoffmann,6.0,,70.0,,1.36,,4.04,,,,,,,,,,,,,,
268,Andrew Morris,6.0,,79.0,,1.3,,4.15,,,,,,,,,,,,,,
269,Andrew Quezada,3.0,,41.0,,1.62,,5.54,,,,,,,,,,,,,,
270,Andrew Sears,5.0,,76.0,,1.41,,5.1,,,,,,,,,,,,,,
271,Andry Lara,5.0,,56.0,,1.51,,4.93,,,,,,,,,,,,,,
272,Angel Bastardo,3.0,,68.0,,1.42,,4.46,,,,,,,,,,,,,,
273,Anthony DeSclafani,3.0,,46.0,,1.4,,4.37,,,,,,,,,,,,,,
274,Anthony Molina,4.0,,68.0,,1.41,,4.85,,,,,,,,,,,,,,
275,Anthony Solometo,4.0,,47.0,,1.52,,4.85,,,,,,,,,,,,,,
276,Anthony Veneziano,3.0,,66.0,,1.43,,4.81,,,,,,,,,,,,,,
277,Antonio Santos,5.0,,58.0,,1.43,,4.78,,,,,,,,,,,,,,
278,Antwone Kelly,3.0,,74.0,,1.42,,4.55,,,,,,,,,,,,,,
279,Austin Bergner,5.0,,68.0,,1.43,,4.85,,,,,,,,,,,,,,
280,Austin Cox,3.0,,56.0,,1.42,,4.82,,,,,,,,,,,,,,
281,Austin Gomber,4.0,,74.0,,1.33,,5.22,,,,,,,,,,,,,,
282,Austin Krob,3.0,,56.0,,1.55,,4.95,,,,,,,,,,,,,,
283,Austin Love,4.0,,53.0,,1.41,,4.52,,,,,,,,,,,,,,
284,Austin Peterson,6.0,,92.0,,1.31,,4.35,,,,,,,,,,,,,,
285,Avery Short,5.0,,56.0,,1.47,,4.78,,,,,,,,,,,,,,
286,Bailey Dees,5.0,,72.0,,1.4,,4.95,,,,,,,,,,,,,,
287,Bailey Falter,6.0,,85.0,,1.31,,4.45,,,,,,,,,,,,,,
288,Baron Stuart,3.0,,46.0,,1.58,,5.5,,,,,,,,,,,,,,
289,Beau Brieske,3.0,,48.0,,1.41,,4.81,,,,,,,,,,,,,,
290,Ben Anderson,4.0,,51.0,,1.51,,5.42,,,,,,,,,,,,,,
291,Ben Brown,6.0,,107.0,,1.23,,4.0,,,,,,,,,,,,,,
292,Ben Casparius,6.0,,78.0,,1.37,,4.78,,,,,,,,,,,,,,
293,Ben Hess,5.0,,98.0,,1.33,,4.55,,,,,,,,,,,,,,
294,Ben Kudrna,4.0,,76.0,,1.46,,4.92,,,,,,,,,,,,,,
295,Ben Lively,5.0,,62.0,,1.37,,4.57,,,,,,,,,,,,,,
296,Ben Peoples,3.0,,48.0,,1.53,,4.92,,,,,,,,,,,,,,
297,Ben Shields,2.0,,56.0,,1.39,,4.7,,,,,,,,,,,,,,
298,Billy Corcoran,5.0,,53.0,,1.39,,4.46,,,,,,,,,,,,,,
299,Blade Tidwell,6.0,,93.0,,1.39,,4.27,,,,,,,,,,,,,,
300,Blake Adams,4.0,,59.0,,1.44,,5.21,,,,,,,,,,,,,,
301,Blake Beers,4.0,,66.0,,1.39,,4.84,,,,,,,,,,,,,,
302,Blake Burkhalter,4.0,,63.0,,1.42,,4.93,,,,,,,,,,,,,,
303,Blake Money,5.0,,87.0,,1.33,,4.59,,,,,,,,,,,,,,
304,Blake Townsend,4.0,,54.0,,1.32,,5.0,,,,,,,,,,,,,,
305,Blake Walston,4.0,,60.0,,1.47,,4.59,,,,,,,,,,,,,,
306,Blake Wehunt,5.0,,58.0,,1.4,,4.63,,,,,,,,,,,,,,
307,Blane Abeyta,4.0,,65.0,,1.39,,4.69,,,,,,,,,,,,,,
308,Blas Castano,5.0,,74.0,,1.39,,4.71,,,,,,,,,,,,,,
309,Bobby Miller,4.0,,90.0,,1.39,,5.04,,,,,,,,,,,,,,
310,Bowden Francis,5.0,,67.0,,1.28,,4.69,,,,,,,,,,,,,,
311,Brad Keller,5.0,,73.0,,1.36,,4.44,,,,,,,,,,,,,,
312,Braden Nett,4.0,,73.0,,1.51,,4.95,,,,,,,,,,,,,,
313,Bradley Blalock,4.0,,73.0,,1.5,,5.22,,,,,,,,,,,,,,
314,Brady Basso,4.0,,61.0,,1.32,,4.26,,,,,,,,,,,,,,
315,Braeden Fausnaught,4.0,,51.0,,1.48,,5.27,,,,,,,,,,,,,,
316,Brandon Birdsell,4.0,,62.0,,1.32,,4.97,,,,,,,,,,,,,,
317,Brandon Komar,3.0,,52.0,,1.46,,5.46,,,,,,,,,,,,,,
318,Brandon Leibrandt,2.0,,42.0,,1.39,,4.96,,,,,,,,,,,,,,
319,Brandon Waddell,5.0,,68.0,,1.36,,4.67,,,,,,,,,,,,,,
320,Brandon Walter,3.0,,56.0,,1.21,,3.93,,,,,,,,,,,,,,
321,Brandon Young,5.0,,72.0,,1.31,,4.5,,,,,,,,,,,,,,
322,Brandyn Garcia,5.0,,58.0,,1.43,,4.59,,,,,,,,,,,,,,
323,Brant Hurter,5.0,,80.0,,1.22,,3.89,,,,,,,,,,,,,,
324,Braxton Bragg,4.0,,61.0,,1.29,,4.48,,,,,,,,,,,,,,
325,Braydon Tucker,3.0,,50.0,,1.48,,5.53,,,,,,,,,,,,,,
326,Brendan Beck,8.0,,86.0,,1.24,,4.41,,,,,,,,,,,,,,
327,Brendan Girton,3.0,,66.0,,1.45,,5.03,,,,,,,,,,,,,,
328,Brent Headrick,3.0,,68.0,,1.17,,4.08,,,,,,,,,,,,,,
329,Brett Kerry,5.0,,75.0,,1.41,,5.5,,,,,,,,,,,,,,
330,Brett Sears,8.0,,87.0,,1.28,,4.92,,,,,,,,,,,,,,
331,Brett Wichrowski,3.0,,62.0,,1.48,,5.42,,,,,,,,,,,,,,
332,Brian Van Belle,6.0,,72.0,,1.29,,4.36,,,,,,,,,,,,,,
333,Brock Selvidge,4.0,,57.0,,1.51,,5.27,,,,,,,,,,,,,,
334,Brody Hopkins,5.0,,92.0,,1.41,,4.8,,,,,,,,,,,,,,
335,Bruce Zimmermann,6.0,,76.0,,1.36,,4.55,,,,,,,,,,,,,,
336,Bryan Hoeing,4.0,,51.0,,1.3,,4.3,,,,,,,,,,,,,,
337,Bryce Conley,4.0,,69.0,,1.43,,5.58,,,,,,,,,,,,,,
338,Bryce Jarvis,4.0,,74.0,,1.43,,4.55,,,,,,,,,,,,,,
339,Bryce Mayer,4.0,,66.0,,1.28,,4.66,,,,,,,,,,,,,,
340,Bryce Osmond,3.0,,42.0,,1.54,,5.71,,,,,,,,,,,,,,
341,Brycen Mautz,5.0,,86.0,,1.37,,4.63,,,,,,,,,,,,,,
342,Bryse Wilson,4.0,,67.0,,1.36,,4.91,,,,,,,,,,,,,,
343,C.J. Culpepper,3.0,,56.0,,1.47,,4.83,,,,,,,,,,,,,,
344,CJ Van Eyk,6.0,,70.0,,1.42,,4.79,,,,,,,,,,,,,,
345,Cade Gibson,5.0,,58.0,,1.39,,4.42,,,,,,,,,,,,,,
346,Cade Povich,7.0,,122.0,,1.33,,4.3,,,,,,,,,,,,,,
347,Cade Winquest,4.0,,64.0,,1.45,,5.55,,,,,,,,,,,,,,
348,Cal Quantrill,6.0,,88.0,,1.35,,5.13,,,,,,,,,,,,,,
349,Caleb Bolden,3.0,,42.0,,1.53,,5.12,,,,,,,,,,,,,,
350,Caleb Boushley,3.0,,65.0,,1.39,,4.66,,,,,,,,,,,,,,
351,Caleb Kilian,3.0,,54.0,,1.4,,4.54,,,,,,,,,,,,,,
352,Cameron Foster,4.0,,49.0,,1.4,,4.36,,,,,,,,,,,,,,
353,Cameron Weston,5.0,,96.0,,1.38,,4.85,,,,,,,,,,,,,,
354,Carl Edwards Jr.,2.0,,49.0,,1.4,,4.42,,,,,,,,,,,,,,
355,Carlos Carrasco,5.0,,84.0,,1.52,,5.39,,,,,,,,,,,,,,
356,Carlos Duran,2.0,,52.0,,1.61,,5.63,,,,,,,,,,,,,,
357,Carlos Lagrange,8.0,,108.0,,1.37,,4.75,,,,,,,,,,,,,,
358,Carlos Pena,6.0,,65.0,,1.41,,4.94,,,,,,,,,,,,,,
359,Carlos Rodriguez,5.0,,93.0,,1.34,,4.57,,,,,,,,,,,,,,
360,Carlos Tavera,2.0,,43.0,,1.59,,5.33,,,,,,,,,,,,,,
361,Carson Fulmer,2.0,,54.0,,1.43,,4.45,,,,,,,,,,,,,,
362,Carson Palmquist,4.0,,93.0,,1.52,,5.26,,,,,,,,,,,,,,
363,Carson Ragsdale,5.0,,71.0,,1.48,,4.88,,,,,,,,,,,,,,
364,Carson Seymour,7.0,,84.0,,1.38,,4.19,,,,,,,,,,,,,,
365,Carson Spiers,4.0,,73.0,,1.42,,5.22,,,,,,,,,,,,,,
366,Carter Spivey,2.0,,41.0,,1.55,,5.05,,,,,,,,,,,,,,
367,Casey Anderson,6.0,,58.0,,1.53,,4.96,,,,,,,,,,,,,,
368,Casey Kelly,4.0,,53.0,,1.57,,5.23,,,,,,,,,,,,,,
369,Casey Lawrence,5.0,,57.0,,1.39,,5.07,,,,,,,,,,,,,,
370,Cesar Gomez,3.0,,40.0,,1.45,,4.7,,,,,,,,,,,,,,
371,Chad Kuhl,3.0,,57.0,,1.54,,5.03,,,,,,,,,,,,,,
372,Chandler Champlain,5.0,,76.0,,1.43,,5.0,,,,,,,,,,,,,,
373,Charlie Barnes,6.0,,89.0,,1.29,,4.49,,,,,,,,,,,,,,
374,Chase Chaney,5.0,,60.0,,1.4,,5.2,,,,,,,,,,,,,,
375,Chase Petty,7.0,,88.0,,1.47,,5.4,,,,,,,,,,,,,,
376,Chase Silseth,3.0,,70.0,,1.36,,4.3,,,,,,,,,,,,,,
377,Chase Solesky,4.0,,65.0,,1.43,,4.97,,,,,,,,,,,,,,
378,Chayce McDermott,5.0,,78.0,,1.44,,4.69,,,,,,,,,,,,,,
379,Chen Zhong-Ao Zhuang,6.0,,91.0,,1.27,,4.61,,,,,,,,,,,,,,
380,Chris Campos,5.0,,80.0,,1.35,,5.14,,,,,,,,,,,,,,
381,Chris Clarke,3.0,,43.0,,1.28,,4.5,,,,,,,,,,,,,,
382,Chris Flexen,5.0,,70.0,,1.42,,4.89,,,,,,,,,,,,,,
383,Chris Kachmar,4.0,,74.0,,1.47,,5.16,,,,,,,,,,,,,,
384,Chris Murphy,3.0,,67.0,,1.43,,4.58,,,,,,,,,,,,,,
385,Chris Rodriguez,1.0,,28.0,,1.6,,5.5,,,,,,,,,,,,,,
386,Christian MacLeod,4.0,,67.0,,1.51,,4.71,,,,,,,,,,,,,,
387,Christian Roa,5.0,,68.0,,1.43,,4.37,,,,,,,,,,,,,,
388,Christian Romero,4.0,,57.0,,1.43,,5.52,,,,,,,,,,,,,,
389,Christian Scott,3.0,,57.0,,1.26,,4.52,,,,,,,,,,,,,,
390,Chuck King,5.0,,69.0,,1.45,,5.29,,,,,,,,,,,,,,
391,Clarke Schmidt,5.0,,83.0,,1.27,,4.19,,,,,,,,,,,,,,
392,Clayton Beeter,3.0,,82.0,,1.35,,4.04,,,,,,,,,,,,,,
393,Clayton Kershaw,7.0,,84.0,,1.29,,4.21,,,,,,,,,,,,,,
394,Cody Poteet,2.0,,40.0,,1.33,,4.31,,,,,,,,,,,,,,
395,Cole Percival,3.0,,40.0,,1.52,,5.17,,,,,,,,,,,,,,
396,Cole Wilcox,5.0,,67.0,,1.38,,4.45,,,,,,,,,,,,,,
397,Cole Winn,4.0,,62.0,,1.42,,4.7,,,,,,,,,,,,,,
398,Coleman Crow,4.0,,72.0,,1.25,,4.13,,,,,,,,,,,,,,
399,Colton Gordon,6.0,,103.0,,1.31,,4.35,,,,,,,,,,,,,,
400,Connor Gillispie,3.0,,57.0,,1.47,,5.81,,,,,,,,,,,,,,
