,Name,W,W,SO,SO,WHIP,WHIP,ERA,ERA,W_sharpe,SO_sharpe,WHIP_sharpe,ERA_sharpe,Total_sharpe
,,mean,std,mean,std,mean,std,mean,std,,,,,
1,Tarik Skubal,14.25,0.7071067811865477,238.0,9.289010404005062,0.97,0.025071326821120364,2.65125,0.1121781109282402,10.253048327204937,15.063499115004733,-12.364722545870713,-13.337606486858238,51.01887647493862
2,Max Fried,13.625,0.517549169506766,171.625,8.382592507265109,1.17125,0.024748737341529173,3.32625,0.043732139211339595,12.800716125800662,8.774135201759476,-4.39416356880212,-18.777665918228593,44.74668081459085
3,MacKenzie Gore,10.5,0.5345224838248487,180.5,2.7255405754769817,1.24,0.01690308509457035,3.8575,0.07741354624907158,6.547900426854398,30.24170718338151,-2.366431913239846,-3.7453070431258917,42.901346566601646
4,Paul Skenes,13.125,0.6408699444616558,221.25,12.668859459319926,1.05375,0.02326094212561974,2.8325,0.12464234547582242,9.5573213456673,9.722658965119829,-9.726605172660095,-10.549685140954487,39.55627062440171
5,Garrett Crochet,14.125,1.125991626459604,230.5,15.023790657297038,1.0725,0.014880476182856768,2.9825,0.17152675759609212,6.32775575996312,8.814353382625265,-13.94444622941925,-6.791578855254595,35.87813422726223
6,Logan Webb,14.25,1.281739888923311,190.5,5.264435935053795,1.165,0.02618614682831912,3.2375,0.123143354324485,5.656373857639833,17.556486799388804,-4.391635040999341,-7.3892538090386735,34.993749507066646
7,Freddy Peralta,11.5,0.5345224838248488,179.125,5.488624600025034,1.2037499999999999,0.022638462845343554,3.79875,0.0535690475661351,8.418729120241368,14.76690535542007,-3.3681615452828244,-6.509122634101682,33.06291865504594
8,Yoshinobu Yamamoto,12.375,0.7440238091428447,171.25,5.994044663544928,1.11125,0.06424006315599098,3.3175,0.07667184247539263,7.224231179096658,12.207950408685093,-2.626865412479945,-10.824540968431315,32.88358796869301
9,Joe Ryan,10.875,0.35355339059327356,182.625,6.78101340930269,1.10625,0.028252686345094397,3.80875,0.143271719869225,10.960155108391493,12.468637782666546,-6.149857676460165,-2.363952218268516,31.94260278578672
10,Jesús Luzardo,11.75,0.7071067811865476,193.875,7.100050301632681,1.18125,0.012464234547582375,3.73375,0.18345396464196997,6.717514421272201,13.492862153099178,-7.922668626221749,-2.2549935119001376,30.38803871249327
11,Cristopher Sánchez,12.625,1.6850180160122066,188.75,10.319883720275145,1.145,0.018516401995450977,3.195,0.08734169352933009,3.3382432392694676,8.786436209727222,-7.290833285708864,-10.90472901902415,30.320241753729704
12,George Kirby,11.875,0.8345229603962802,164.125,9.627898450411106,1.1025,0.013887301496588272,3.5375,0.14897267247001073,5.841660722773962,6.8602717758390686,-12.781460821859946,-4.094291187014749,29.577684507487724
13,Jacob deGrom,10.5,0.5345224838248487,176.875,15.751984002023365,1.06875,0.022320714274285357,3.49625,0.08568005268772555,6.547900426854398,5.00254444074334,-9.464302862537473,-7.600222917384928,28.61497064752014
14,Logan Gilbert,10.5,1.1952286093343936,184.5,8.960229588895274,1.065,0.02203892660077356,3.39125,0.14788388302023595,2.9283100928692645,9.645400170003406,-9.75546603946009,-5.11338683131904,27.442563133651802
15,Dylan Cease,12.0,0.7559289460184544,208.25,8.713700214522609,1.19875,0.026423744732991333,3.59875,0.11667261889578034,6.614378277661477,12.643882310339052,-3.0748858960386283,-4.702795781845984,27.03594226588514
16,Hunter Brown,12.5,0.7559289460184546,192.875,7.356969484781081,1.185,0.02828427124746195,3.40875,0.2517616503191631,7.275816105427623,12.88574054793989,-3.358757210636094,-2.9340747451549962,26.4543886091586
17,Framber Valdez,13.0,0.9258200997725514,173.0,7.819389819088006,1.2275,0.028157719063467205,3.4525,0.09437766079503583,6.48074069840786,9.58194970879949,-1.8644976136620135,-7.363368557197304,25.290556578066667
18,Bryan Woo,12.75,0.8864052604279182,190.625,14.070612739221515,1.05,0.03891382420536064,3.37,0.1337374827253537,6.4868748604043125,6.577538712441355,-5.910495940625541,-5.813160859297484,24.788070372768694
19,Zack Wheeler,9.625,0.744023809142845,153.625,12.58045536309625,1.095,0.025634797778466157,3.2925,0.10152409988344085,3.5281129014192967,4.415579436254069,-7.216752852850841,-8.421030090210579,23.581475280734786
20,Chris Sale,11.375,1.1877349391654206,191.125,17.715509750337006,1.1,0.0169030850945703,3.2475,0.231439594093763,3.683481773361115,5.252459641937761,-10.648943609579325,-3.8884336257322003,23.473318650610402
21,Sonny Gray,11.75,0.7071067811865476,178.375,10.377688980280173,1.20125,0.02100170061141313,3.76125,0.0947835880911275,6.717514421272201,7.7377535742868355,-3.749696343981036,-4.07441317402659,22.279377513566665
22,Kevin Gausman,11.5,0.5345224838248487,173.75,7.459413994601531,1.22875,0.020310096011589906,3.9899999999999998,0.2168607189616673,8.41872912024137,10.144898788935288,-2.5233755650763214,-0.7259844048927497,21.81298787914573
23,Nick Pivetta,10.625,0.9161253813129042,184.25,8.224527776283399,1.15875,0.025319388392523033,3.9125,0.10713809513227052,3.9568819660961614,10.477805211929363,-4.788820255856019,-2.1928474620530682,21.41635489593461
24,Nolan McLean,10.25,0.4629100498862759,143.75,4.131758532565597,1.275,0.02563479777846637,3.8137499999999998,0.10769500585316981,7.02080242327518,11.054615036188554,-0.19504737440137693,-3.098449156081999,21.36891398994711
25,Cole Ragans,10.5,1.3093073414159542,190.5,19.227955838161417,1.1475,0.03284161123592183,3.4025,0.07796519369931304,2.673169155390907,4.806803218081331,-4.0345158173930535,-9.554744427019406,21.069232617884698
26,Pablo López,10.375,1.0606601717798214,158.75,11.080871549012482,1.19625,0.009161253813129036,3.81125,0.12322308457196071,3.1819805153394634,5.4756523195512825,-9.141761783739414,-2.7282834313701234,20.527678050000283
27,Brandon Pfaadt,9.75,0.4629100498862759,143.75,3.2841611235921824,1.25625,0.02669269563007826,4.36125,0.24764245539544652,5.940678973540536,13.907661129013414,-0.8897565210026076,0.8633919400394212,19.874704683517137
28,Jack Flaherty,10.375,0.5175491695067657,172.375,7.130167299179293,1.24625,0.028753881725529094,4.02,0.11964232409262898,6.521119535785248,10.420512855084368,-1.1737545671976197,-1.0651539993600923,19.180540957427326
29,Luis Castillo,10.875,0.6408699444616557,161.625,7.89099848833195,1.20875,0.018850918886280987,3.94875,0.2598591651535227,6.046468606442579,8.05348018935353,-3.7796566008171193,-0.7645968533863976,18.644202249999626
30,Ranger Suárez,11.5,0.7559289460184546,145.625,5.974648824109128,1.2525,0.02659215781283756,3.695,0.18593393604027345,5.952940449895327,7.9586267577977905,-1.0341394704992406,-2.4333239516964857,17.379030629888845
31,Tanner Bibee,10.625,0.7440238091428449,164.375,7.46300399111702,1.2275,0.03284161123592185,3.9475,0.2023963579570685,4.872155911483791,8.883822128316536,-1.598581738967057,-0.9878512736993509,16.342411052466737
32,Shohei Ohtani,7.875,1.5526475085202969,130.625,13.958484363077742,1.125,0.017728105208558276,3.41125,0.1710002088553443,0.5635535401295894,2.3319150670899185,-8.743179159675423,-4.305184800228924,15.943832567123854
33,Nick Lodolo,8.875,0.6408699444616557,151.625,6.823017765517796,1.19875,0.01726888200533805,4.1675,0.2711220073272232,2.9257106160206026,7.848433323833816,-4.704994797861526,0.0739980505373984,15.405140687178548
34,Andrew Abbott,9.25,0.4629100498862759,149.125,4.998213966722803,1.26375,0.028753881725529045,4.2625,0.33122068603446714,4.8605555238058935,10.213648383178791,-0.5651410879099703,0.34738923277281963,15.291955762121836
35,Matthew Boyd,10.5,0.5345224838248487,144.625,10.041876603219425,1.21,0.028284271247461926,3.9562500000000003,0.15482132558902498,6.547900426854398,4.635587733180876,-2.4748737341529163,-1.2348912481702221,14.893253142358413
36,Michael King,10.375,1.060660171779821,161.875,15.179285697479779,1.23875,0.009910312089651185,3.75125,0.17175044187924024,3.1819805153394647,4.2030963295323405,-4.162331077653468,-2.3067626241017973,13.85417054662707
37,Shota Imanaga,9.125,0.8345229603962804,134.5,5.154748157905345,1.15625,0.03248626083219083,4.0925,0.1274754878398196,2.5463649304399314,7.066300599795252,-3.809302666109711,-0.4309652069661549,13.85293340331105
38,Blake Snell,10.375,1.407885953173359,166.75,17.018897060116945,1.225,0.017728105208558362,3.55,0.1394888628426759,2.3972112175654487,4.035220364599121,-3.102418411497711,-4.283048035697492,13.817898029359773
39,Spencer Strider,11.0,1.1952286093343938,177.875,10.260012531320667,1.22125,0.031819805153394665,3.965,0.2154065922853802,3.346640106136302,7.777768278196066,-1.8463343730982085,-0.8469448314668965,13.817687588897472
40,Edward Cabrera,8.75,0.7071067811865477,144.625,5.853875395228117,1.23625,0.03662064211031025,3.8775,0.12914554358773458,2.474873734152916,7.951997071537602,-1.19468140040293,-2.0901805242440954,13.711732730337543
41,Hunter Greene,10.375,1.1877349391654208,204.125,21.662591191795524,1.10375,0.047490600573767604,3.64875,0.2257962102680834,2.8415430823071457,4.895536229302306,-3.7112607099215182,-2.2085733830869776,13.65691340461795
42,Merrill Kelly,10.375,0.5175491695067657,149.75,8.031189202104509,1.27,0.03380617018914069,4.10125,0.2746133645691702,6.521119535785248,6.434289953779073,-0.2958039891549808,-0.16819101310841547,13.419404491827718
43,Carlos Rodón,10.375,0.7440238091428449,154.75,13.456278407175905,1.23625,0.015059406173077184,4.046250000000001,0.07998883850709658,4.536145158967668,4.211788600463009,-2.905161033388891,-1.2650202439309302,12.918115036750498
44,Brady Singer,10.25,0.8864052604279183,156.75,5.092010548749032,1.3062500000000001,0.02973093626895346,4.49875,0.23654884726596548,3.6664944863154805,11.52295334785095,0.882918713441651,1.4851583681783904,12.821370752546388
45,Aaron Nola,10.5,1.1952286093343936,164.125,14.701190427989157,1.21625,0.011877349391654378,4.19875,0.16225531028069842,2.9283100928692645,4.492833442538734,-5.367359155468974,0.31624542772271164,12.47225726315426
46,Gavin Williams,9.625,0.5175491695067657,167.625,9.840695387739919,1.3050000000000002,0.03162277660168378,3.91,0.23384976862446163,5.071981861166304,7.067589967945684,0.7905694150420994,-1.0153420351734426,12.364344449243331
47,Zac Gallen,12.125,1.3562026818605373,163.125,8.741322227541684,1.27125,0.04257346591481601,4.08125,0.18003471887388836,3.7789336863492653,7.4416659524395525,-0.205527076830147,-0.3676374224594046,11.79376413807837
48,Mitch Keller,9.625,0.744023809142845,150.5,5.477225575051663,1.30375,0.027742437837054913,4.32125,0.28762264464795856,3.5281129014192967,9.571451692402777,0.8560891490320879,0.6043074258382598,11.639168018951727
49,Nathan Eovaldi,9.875,1.642080561796093,150.0,23.58570995933161,1.1624999999999999,0.03058944729337697,3.765,0.1090216230190796,1.7508276188686813,2.2015449223081816,-3.841193954015655,-3.5079050321335807,11.301471527326099
50,Jack Leiter,9.375,0.517549169506766,146.0,6.414269805898183,1.29125,0.04189698250300545,4.2775,0.20197241678718705,4.588935969626653,7.471622094214219,0.26851575764896607,0.6439616957054268,11.14808061048648
51,Jacob Misiorowski,9.0,0.5345224838248488,161.0,10.90216230190795,1.26875,0.04051013982414073,3.8850000000000002,0.21226667863125123,3.7416573867739413,5.771790793188588,-0.27770824906646957,-1.2363574994071713,11.02751392843617
52,Joe Musgrove,8.625,1.597989808656935,130.875,22.318714120665646,1.2037499999999999,0.010606601717798233,3.95125,0.15697474774170345,1.016902605508959,1.4696187165025512,-7.188918942063234,-1.2498029321430701,10.925243196217814
53,Chase Burns,7.875,0.6408699444616557,149.25,15.397124035722662,1.14875,0.029970223317724587,3.61625,0.2932058029049611,1.3653316208096145,3.3236726470001527,-4.3793467472222,-1.8116541171327951,10.880005132164762
54,Noah Cameron,8.125,0.35355339059327384,121.5,2.5634797778466263,1.3062500000000001,0.03583194903195434,4.2924999999999995,0.20112185361118776,3.1819805153394634,9.137969490704341,0.7325864405698611,0.7212667216186124,10.866096843855331
55,Brandon Woodruff,9.5,1.0690449676496976,147.875,19.94590899694185,1.1425,0.03370036032024407,3.78875,0.18665763158406212,2.338535866733713,2.496752592606106,-4.080075070218244,-1.9216331898996761,10.836996719457739
56,Shane Smith,8.0,0.7559289460184543,148.375,5.235524260827592,1.28375,0.05804862493757164,4.2575,0.21485875759271658,1.3228756555322956,9.607442825992933,0.06460101344403689,0.5122551262659427,10.353462341815248
57,Shane Baz,9.625,0.744023809142845,150.25,7.667184247539265,1.2725,0.03105295017040587,4.22875,0.10789379698838791,3.5281129014192967,6.804975374987923,-0.24152294576982652,0.7536346135705224,9.820976608606525
58,Ryan Pepiot,10.125,0.8345229603962802,166.0,13.416407864998735,1.24,0.035856858280031836,4.172499999999999,0.23523544436524485,3.744654309470488,5.062830579055776,-1.1155467020454342,0.10654219251536677,9.816489398056332
59,Gerrit Cole,7.625,0.744023809142845,122.875,14.237149594333433,1.18125,0.018077215335491097,3.9225,0.14704226797566947,0.8400268812903087,1.7419217123258104,-5.462677639632012,-1.529747215523222,9.574373448771354
60,Quinn Priester,10.125,0.6408699444616557,137.25,10.687108388815272,1.28875,0.035632048174962606,4.08125,0.0832273135111649,4.876184360034338,3.6656313920235992,0.24556545155740878,-0.795261762127175,9.091512062627704
61,Cody Ponce,8.5,1.1952286093343936,154.125,14.055375179217789,1.24,0.01309307341415955,4.08625,0.0838259250726513,1.2549900398011133,3.987798211382879,-3.0550504633038944,-0.72993527893631,9.027773993424196
62,Kyle Bradish,8.25,1.9086270308410551,143.375,16.387604200387905,1.20125,0.029489707647632882,3.65375,0.1701207554314624,0.6549210399944798,2.7642844827145465,-2.670423218194274,-2.9019827636428204,8.991611504546121
63,Clay Holmes,10.25,0.4629100498862758,118.625,7.872873862646527,1.35,0.025071326821120243,3.955,0.10056980518170293,7.020802423275181,2.6102285338904148,2.792034123261144,-1.9134719377482747,8.752468771652726
64,Drew Rasmussen,9.5,0.9258200997725514,139.5,15.955294687702528,1.1875,0.04743416490252569,3.75875,0.27771709654662197,2.7003086243366083,2.5963168221473305,-1.9500712237705013,-1.3995807418170543,8.646277412071495
65,Tyler Glasnow,8.5,2.267786838055364,148.75,12.429802894656055,1.1975,0.036547425158474436,3.7575,0.2437064979495975,0.6614378277661475,4.076894897648515,-2.257340965670473,-1.6000291468660195,8.595702837951155
66,Eury Pérez,8.125,0.8345229603962804,148.375,22.44954660693937,1.18,0.02672612419124244,3.95125,0.16383244925402127,1.3480755514093754,2.2405797711946573,-3.7416573867739444,-1.197488659257069,8.527801368635046
67,Emmet Sheehan,8.75,1.7525491637693285,156.625,25.35427549180386,1.165,0.03422613871631687,3.83,0.2067434573157205,0.9985454537755473,2.309275215492833,-3.3600050812969804,-1.5354173917834646,8.203243142348825
68,Casey Mize,8.875,0.6408699444616557,124.625,7.689278249614849,1.25875,0.016420805617960946,4.12125,0.09187530369240385,2.9257106160206026,3.4528598313281074,-1.294089979163806,-0.28503307142989026,7.957693497942406
69,Sandy Alcantara,10.375,0.9161253813129044,146.375,12.637105229103241,1.2625,0.04621378891320528,4.145,0.1895106480234968,3.683993554641253,3.8220778512443783,-0.3786748589878023,-0.012862074112573743,7.897608338986007
70,Justin Steele,5.75,1.0350983390135313,79.5,17.113069358158484,1.1775,0.02659215781283756,3.58125,0.09046506823867755,-1.20761472884912,-1.0854277284363687,-3.854519844588069,-6.258631215600315,7.820108602902895
71,Zebby Matthews,6.75,0.46291004988627593,115.25,4.713203338949604,1.2225,0.014880476182856942,4.0275,0.14200100603265348,-0.5400617248673214,3.6440184657570223,-3.8641236539354167,-0.8446242977491293,7.812704692574246
72,Spencer Schwellenbach,6.125,0.8345229603962804,85.5,16.518388022356866,1.12,0.041403933560541194,3.54625,0.10662852740773875,-1.0485032066517364,-0.7612728301926504,-3.864367132317187,-5.638148763896061,7.692739859368862
73,Shane McClanahan,8.25,1.0350983390135313,133.375,13.896942109687295,1.18125,0.044219420426517775,3.66625,0.2988997681975874,1.20761472884912,2.5401271532528766,-2.233181689120039,-1.609862406055502,7.5907859772775375
74,Cam Schlittler,8.5,0.5345224838248488,127.875,7.735585673643968,1.2775,0.020528725518857052,4.01875,0.16496211686323603,2.806243040080456,3.8523262823566222,-0.1217805751118609,-0.7801033500721252,7.560453247621064
75,Michael Wacha,9.75,0.4629100498862757,123.5,7.57816411992848,1.3050000000000002,0.031167748898959232,4.42125,0.28200493916647223,5.940678973540539,3.355034226975803,0.8021111848996879,0.9709493060983727,7.522652709518281
76,Bryce Miller,8.5,0.9258200997725514,123.875,7.160157619972981,1.2149999999999999,0.029277002188456015,4.14125,0.18642788724559742,1.620185174601965,3.6032726329978986,-2.2201726659579175,-0.0331897769771323,7.476820250534915
77,Kris Bubic,8.875,1.1259916264596033,131.75,11.865315599920397,1.26,0.03545621041711679,3.7775,0.1696003706195412,1.6651988842008218,2.8381040282001377,-0.5640760748177659,-2.1812304928853496,7.248609480104076
78,JP Sears,8.0,0.0,111.75,9.069178573608529,1.27,0.027080128015453238,4.7825,0.226917753088353,8.0,1.5078543099586224,-0.36927447293799803,2.79864616741878,7.078482615477841
79,Bailey Ober,7.375,0.7440238091428449,124.875,4.911720676097125,1.21875,0.024748737341529256,4.38375,0.16457195560431492,0.5040161287741853,5.456336336555566,-2.4748737341529083,1.435922050827258,6.999304148655401
80,Dean Kremer,8.75,0.4629100498862758,122.0,3.3806170189140663,1.30375,0.015979898086569397,4.435,0.11250396818398375,3.780432074071251,7.077110440532919,1.4862422695900086,2.5560209532319216,6.81527929178224
81,Robbie Ray,9.5,0.9258200997725513,173.25,13.833189901723419,1.2962500000000001,0.016850180160122092,4.22625,0.2028326192420034,2.700308624336609,5.434393696180971,0.964381380233406,0.3885592972891995,6.781761642994974
82,José Soriano,10.375,0.7440238091428449,153.375,13.637527006651274,1.35,0.018516401995451008,3.8475,0.17425350990521157,4.536145158967668,4.054987386864875,3.7804320740712596,-1.7212709239725277,6.5319713957338115
83,Braxton Garrett,6.625,1.0606601717798214,105.5,12.535663410560176,1.23,0.010690449676496976,3.9787500000000002,0.1064273729558599,-0.35355339059327373,0.5923100961489691,-4.6770717334674305,-1.5850010698841692,6.5008295089072945
84,Yusei Kikuchi,8.75,1.035098339013531,166.0,10.309496315810694,1.33625,0.05180664601601386,4.35625,0.27380584883662173,1.6906606203887682,6.588585699946359,1.0857680302757404,0.7626298009601601,6.430848489099225
85,Jameson Taillon,9.375,0.5175491695067657,117.5,7.65319727770221,1.23375,0.03292307050426144,4.395,0.11649647450214357,4.588935969626656,2.538154877647706,-1.4047899935096788,2.125064308237454,6.406816532546587
86,Ryne Nelson,9.0,0.9258200997725511,133.625,9.694438759265173,1.25875,0.032705394924123124,4.18125,0.23393756798403648,2.160246899469288,3.6670508610954036,-0.6497398991603748,0.1445364260703437,6.332501233654723
87,David Peterson,9.5,1.6035674514745462,142.875,6.174544517614234,1.3487500000000001,0.020310096011589816,3.98,0.18647098587026523,1.559023911155809,7.25559591840309,3.385016001931669,-0.8979278959596007,6.32753172358683
88,Cade Horton,8.25,0.4629100498862759,112.625,7.0698050084244075,1.2349999999999999,0.05318431562567514,4.04125,0.14846235694131843,2.7003086243366075,2.0580482746924664,-0.8461141122266516,-0.7152486474532517,6.319719658708977
89,Trey Yesavage,7.75,2.6049403612586386,153.125,24.660190591315388,1.23125,0.03522884370187912,3.78,0.1624807680927192,0.2879144609812179,2.232342844073032,-1.3838092562033117,-2.261421485835928,6.16548804709349
90,Sean Manaea,7.375,1.302470180629319,135.5,13.082157969649238,1.2175,0.020528725518857014,4.175,0.2508841508402977,0.287914460981218,2.8607665560090663,-3.044514377796593,0.10986146357864306,6.083333931208234
91,Reid Detmers,7.875,1.4577379737113252,154.0,12.592514783450863,1.24875,0.037201190457142264,4.10625,0.2985650204370422,0.6002450479987809,4.441130382749035,-0.8400268812903084,-0.13795152539875183,6.019353837436877
92,Shane Bieber,7.0,0.7559289460184544,101.5,8.071112509614592,1.1949999999999998,0.02976095236571386,3.825,0.14677485187475786,0.0,0.4243529000394966,-2.8560913963870505,-2.1968170696921128,5.477261366118659
93,Trevor Rogers,9.125,0.8345229603962804,129.5,11.451762185046341,1.28375,0.04103569874424682,4.11625,0.13447649821224755,2.5463649304399314,2.744119157576869,0.09138384662027152,-0.23191784746488348,5.431018088861412
94,Brayan Bello,9.625,0.7440238091428449,126.75,6.363961030678929,1.355,0.031622776601683736,4.26,0.1627443218232647,3.528112901419297,4.505841544560945,2.371708245126287,0.6916523952352667,4.970593805618689
95,Jeffrey Springs,9.5,0.9258200997725516,138.5,9.304376850247875,1.33,0.0444007721940573,4.675,0.49968561544806733,2.700308624336608,4.344729437621936,1.1261065411536277,1.0557888474074557,4.86314267339746
96,Chad Patrick,7.625,0.9161253813129043,128.125,6.978282637685906,1.25625,0.02722262714308504,4.3100000000000005,0.15071259308460494,0.6822210286372691,4.306217096698881,-0.8724360024169379,1.0786258578189531,4.782248269934135
97,Chris Bassitt,10.5,0.5345224838248487,147.25,12.197774972744593,1.32,0.007559289460184649,4.2225,0.1316651597261563,6.547900426854398,4.031472962067217,5.291502622129112,0.5701014615872503,4.717769305205253
98,Bubba Chandler,8.375,0.7440238091428449,136.125,12.028982856893116,1.3025,0.0365474251584744,4.0975,0.17846568297574708,1.8480591388386793,3.1631934680325653,0.6156384451828557,-0.2798156999560855,4.675429861644474
99,Braxton Ashcraft,7.625,1.0606601717798214,124.25,12.98075498574717,1.27125,0.03136763573220929,3.835,0.1873880618243482,0.5892556509887895,2.0164466572814974,-0.27894993663852247,-1.6673287345960652,4.551980979504875
100,Grayson Rodriguez,7.0,1.0690449676496976,123.25,12.713884423843766,1.23875,0.02695896352395093,3.9299999999999997,0.2306512518934158,0.0,1.9801186766167644,-1.530103335143156,-0.9427111199920045,4.452933131751926
101,Jacob Lopez,7.625,0.5175491695067657,134.375,9.006941767325905,1.295,0.02672612419124247,4.27625,0.23645824155651712,1.20761472884912,4.030224790803462,0.5612486080160869,0.5447579206885554,4.13183299094794
102,Logan Henderson,6.875,0.8345229603962802,109.5,8.68496237346895,1.185,0.048989794855663585,4.04875,0.09775150711297047,-0.14978617237881953,1.3154921701101894,-1.9391793797033479,-1.0095752271721745,4.114460604606892
103,Eduardo Rodriguez,8.125,0.3535533905932738,121.625,3.8521793460696663,1.3675,0.020528725518856903,4.4262500000000005,0.2822834188744157,3.181980515339464,6.113422528997203,4.262320128915249,0.9877041347725809,4.045378780648837
104,Will Warren,7.375,0.7440238091428449,128.625,6.947507261087039,1.2962500000000001,0.020658792662828003,4.22625,0.21533611600737793,0.5040161287741853,4.397260607572221,0.7865900135219044,0.3659975923281737,3.7486891304963277
105,Reynaldo López,8.5,1.6035674514745464,134.75,18.67580558599051,1.27,0.034226138716316995,3.9699999999999998,0.3301947477301412,0.9354143466934853,1.9637707102451012,-0.2921743548953888,-0.537372266578312,3.728731678412287
106,Joey Cantillo,7.0,1.5118578920369088,141.625,13.762656512669142,1.3075,0.02187627547301938,3.84875,0.18803020274109478,0.0,3.1643600172619495,1.2570695607630555,-1.5885080994741723,3.4957985559730664
107,Mike Burrows,6.375,1.7677669529663689,126.625,9.303417190934276,1.2575,0.029640705601780663,4.155,0.18431339769921412,-0.35355339059327373,3.068764886500047,-0.7590912410212083,0.0410306580769675,3.433272078851014
108,Matthew Liberatore,8.125,0.8345229603962803,120.0,6.187545093630776,1.31125,0.03270539492412315,4.3675,0.22288690277486362,1.3480755514093756,3.5434085195708347,0.955499851706433,0.9873280899877886,2.9486561292859887
109,Michael McGreevy,8.5,0.7559289460184544,100.625,4.749060057376769,1.2725,0.03105295017040594,4.11625,0.1867723977771571,1.984313483298443,0.5369483580311998,-0.241522945769826,-0.16698131185963733,2.929766098959106
110,Kodai Senga,7.125,0.8345229603962802,118.5,5.503245795502351,1.3262500000000002,0.01846811924835419,3.97625,0.16749733473359263,0.14978617237881953,3.711446073641267,2.504315646766346,-1.022031187972492,2.3789477872262323
111,Parker Messick,6.875,0.3535533905932738,110.875,5.890367439424183,1.29125,0.02474873734152919,4.06875,0.10696294418428924,-0.35355339059327373,2.173039310642951,0.45456864504849365,-0.7356519643328747,2.1005692393340585
112,Zack Littell,8.75,1.0350983390135309,121.875,8.253787009609589,1.25875,0.02232071427428541,4.61625,0.1310329838519401,1.6906606203887686,2.883524856201223,-0.952030465462347,3.577820532040483,1.9483954100118561
113,Zach Eflin,8.375,1.060660171779821,105.875,13.798938882599426,1.2525,0.013887301496588225,4.4575,0.15116216457830942,1.2963624321753375,0.5652608556615809,-1.9802263245135252,2.051191188383468,1.7906584239669758
114,Seth Lugo,8.5,0.7559289460184544,127.75,8.49789889998026,1.345,0.027774602993176526,4.55375,0.28490286565273937,1.984313483298443,3.4920396617179033,2.34026747442506,1.4261439563589506,1.7099417142323354
115,Slade Cecconi,7.5,0.7559289460184544,122.625,9.241791724861272,1.2675,0.02434865792722758,4.50625,0.16370160135354297,0.6614378277661477,2.6564113032279493,-0.5133753177427487,2.191869212232567,1.6393552365042785
116,Ryan Weathers,7.125,1.1259916264596033,114.125,16.668511802626103,1.27125,0.02948970764763302,4.14875,0.23399862636959456,0.11101325894672145,0.9628933998457712,-0.29671369091047434,0.005609007285055559,1.3650113424179113
117,Dustin May,7.875,1.1259916264596033,126.75,14.743037097462071,1.29875,0.04911720676097131,4.28,0.13255726525328043,0.7770928126270502,1.9449859489898622,0.3817399489194661,1.0000394904550132,1.340299322242433
118,Luis Severino,9.125,0.9910312089651148,136.625,13.201055152632955,1.34125,0.02587745847533829,4.65375,0.27989475062703695,2.1442311612154303,2.920221115227384,2.3669248685442756,1.8089388917288673,0.8885885161696716
119,Connelly Early,4.5,2.3804761428476167,70.25,26.512575632455377,1.2325,0.035939764421413105,3.6500000000000004,0.3102687007525359,-1.0502100630210074,-1.0495019565710548,-1.32165585291648,-1.6032474393759284,0.8251912727003459
120,Corbin Burnes,3.75,2.9640705601780613,50.125,37.97532093346941,1.2175,0.04267819784654189,3.63375,0.31811666772697456,-1.0964651259195266,-1.2626621400779112,-1.4644479653225146,-1.6147770680185638,0.7200977673436406
121,Roki Sasaki,7.0,0.9258200997725516,115.375,13.66891677179599,1.2875,0.039551051999734625,4.1825,0.057507763451058125,0.0,1.2656452803704448,0.18962833150557878,0.6097002890721062,0.4663166597927597
122,Tyler Mahle,7.375,1.1877349391654206,105.75,17.293681752924346,1.2862500000000001,0.023260942125619695,4.1575,0.20225514296833808,0.31572700914523844,0.4438037029739012,0.26869075062597375,0.04975151609160967,0.4410884454015563
123,Nick Martinez,8.25,1.8322507626258087,107.75,6.692212958783836,1.30375,0.038149143409218836,4.5175,0.316803228699276,0.6822210286372691,1.4457101200434948,0.6225565734265135,1.1681146733238648,0.3372599019303857
124,Landen Roupp,7.25,0.7071067811865475,113.75,9.587938851941612,1.34,0.021380899352994014,4.005,0.15250292737237137,0.3535533905932738,1.6348664965490196,2.8062430400804503,-0.9339984645160646,0.11617531157790761
125,Foster Griffin,6.125,0.991031208965115,114.5,13.94888628426759,1.28125,0.015526475085203007,4.17875,0.15141593613053322,-0.8829187134416476,1.1775133630937356,0.08050764858993942,0.20679791572933445,0.007289085332814055
126,Simeon Woods Richardson,6.375,0.5175491695067655,110.25,3.1959796173138706,1.32375,0.03159452936370925,4.42875,0.19149319271750279,-1.2076147288491201,3.809473606791257,1.3847333978727647,1.4690469985270025,-0.25192151845763044
127,Sean Burke,6.875,0.35355339059327373,130.875,4.733995594179856,1.3875,0.03150963571444678,4.7375,0.16654042838216293,-0.3535533905932738,6.928608053696863,3.41165480217572,3.543058617850883,-0.37965875692301454
128,Ian Seymour,5.25,1.0350983390135313,92.75,9.361776388210577,1.23375,0.019226098333849667,4.23625,0.1609736003200526,-1.6906606203887677,-0.5688023062274633,-2.4055842842836133,0.5517209022064531,-0.40559954453907077
129,Steven Matz,6.125,1.6420805617960927,106.5,21.246848505803666,1.29375,0.04838461975226664,4.234999999999999,0.46904157598234314,-0.5328605796556857,0.39652939576891544,0.2841812144107176,0.1866838772588808,-0.6071962755563687
130,Michael Soroka,6.25,0.46291004988627604,108.125,18.90153055027177,1.27,0.023904572186687883,4.1525,0.13392428564571204,-1.620185174601964,0.5317029736438731,-0.41833001326703795,0.03780120965806534,-0.7079533973491183
131,Max Scherzer,6.125,0.6408699444616558,97.875,11.141139977578595,1.2349999999999999,0.020701966780270677,4.45375,0.17991565484176977,-1.3653316208096142,-0.01795148435460699,-2.173706511928418,1.7025338916137842,-0.9121104848495873
132,Tatsuya Imai,7.571428571428571,3.359421718944242,143.0,19.6468827043885,1.3499999999999999,0.038729833462074086,4.385714285714285,0.1280438912843486,0.17009730222502484,2.2866222940276,1.8073922282301276,1.8608992848018144,-1.2115719167793173
133,Lucas Giolito,8.25,0.8864052604279183,129.125,7.586407017064891,1.375,0.03251373336211723,4.705,0.14520920868083484,1.4101901870444156,4.092846578117419,2.9218422548389187,3.839718603697544,-1.2585240933746284
134,Taj Bradley,6.5,0.5345224838248487,117.5,11.904380946285515,1.29,0.015118578920369115,4.2524999999999995,0.07851296526234199,-0.9354143466934856,1.6317522169064262,0.6614378277661471,1.3381547830851332,-1.3032547406383397
135,Justin Verlander,7.5,0.7559289460184544,111.5,7.596991885890475,1.3075,0.01164964745021434,4.43875,0.1880302027410946,0.6614378277661477,1.767146813060787,2.3605864570171273,1.5492856772649366,-1.4812874934551294
136,Max Meyer,6.875,1.3562026818605377,112.875,23.259022826790098,1.31125,0.023566016694748053,4.28,0.16309506430300102,-0.09216911430120156,0.636312200655014,1.326062032662669,0.8127928369047608,-1.5947117832136173
137,Cristian Javier,7.75,1.1649647450214349,126.375,17.614421850939564,1.3425,0.03693623849670821,4.6775,0.2339566504413037,0.6437963064592142,1.6066380287406636,1.6921051667340206,2.2656440797906936,-1.7073149113248363
138,Jared Jones,5.125,0.6408699444616559,87.5,6.458659745975609,1.2625,0.032841611235921934,4.0075,0.12150837713625245,-2.9257106160206017,-1.6373366016980955,-0.5328605796556866,-1.1516695663137824,-2.8785170717492283
139,Kumar Rocker,5.5,1.0690449676496976,88.875,12.158917949977527,1.2825,0.014880476182856893,4.2225,0.12372203868811274,-1.403121520040228,-0.7566462770658793,0.16800537625805825,0.606702741046996,-2.934475914411162
140,Davis Martin,7.0,0.5345224838248488,112.25,9.019819447036777,1.375,0.03338091841585112,4.715,0.3289811110513359,0.0,1.5715392179670329,2.8459372751975778,1.7252130317945058,-2.9996110890250507
141,Luis Morales,6.75,0.46291004988627593,107.0,5.707138387268051,1.34125,0.033567628964311896,4.4975000000000005,0.14916433890176287,-0.5400617248673214,1.5638310120375962,1.8246746013881172,2.346824331990947,-3.1477296462087896
142,Aaron Civale,6.625,0.7440238091428448,104.875,7.698562017861331,1.31375,0.048384619752266565,4.74625,0.20576946184643496,-0.5040161287741853,0.883281836818801,0.6975357080990378,2.9101135543956076,-3.22838355445003
143,Grant Holmes,5.625,1.5059406173077154,99.75,16.077935190813527,1.3325,0.02492846909516437,4.19125,0.12744046228953926,-0.9130506104936542,0.1041800442731638,2.1060258373501144,0.34378798705595054,-3.2586843906265557
144,Kyle Leahy,5.714285714285714,1.1126972805283735,104.14285714285714,8.764104278791065,1.3599999999999999,0.03464101615137751,4.324285714285715,0.2782598990666308,-1.155493329779465,0.6923533711871992,2.309401076758501,0.6355504867173398,-3.4080915220681067
145,José Berríos,6.875,1.2464234547582247,105.5,10.014275524755362,1.3125,0.02659215781283763,4.4775,0.11373528162234546,-0.10028694463571926,0.7414415532751577,1.222164828771822,2.9020238512791736,-3.4830340714115575
146,Hurston Waldrep,8.25,1.0350983390135315,109.875,4.853202182948021,1.4049999999999998,0.020701966780270694,4.41,0.19093753653261308,1.2076147288491197,2.431384383997009,6.038073644245569,1.375122486484754,-3.774197017884194
147,Troy Melton,4.166666666666667,0.7527726527090811,70.0,11.366617790706258,1.2666666666666666,0.008164965809277244,4.073333333333333,0.09852241707685935,-3.763863263545404,-2.469951969613607,-1.6329931618554658,-0.7521553862087674,-3.848666685094778
148,Tyler Wells,4.25,0.4999999999999999,79.75,9.84462628374824,1.1824999999999999,0.014999999999999996,4.37,0.07164728420068281,-5.500000000000001,-1.8614215991369185,-6.5000000000000115,3.106363381152127,-3.9677849802890353
149,Brad Lord,6.75,1.1649647450214349,105.5,10.253919111386491,1.36125,0.02850438562747837,4.5475,0.22435622185648046,-0.21459876881973805,0.7241133774651003,2.850438562747854,1.7831575905923331,-4.124081544694825
150,Ryan Weiss,4.875,1.6420805617960925,92.125,20.559582402651774,1.31125,0.026958963523950906,4.26625,0.07150174823037503,-1.2940899791638083,-0.2894027652639753,1.1591691932902706,1.6616726575298937,-4.404334595247948
151,Patrick Corbin,7.25,0.8864052604279181,104.5,3.585685828003179,1.4224999999999999,0.043011626335213084,4.97,0.25545477654008125,0.28203803740888317,1.7918468901604825,3.31305770419885,3.219992638779016,-4.4591654154085
152,Robby Snelling,5.5,1.2247448713915892,81.0,15.974980438172686,1.3316666666666668,0.013291601358251276,4.06,0.05329165037789702,-1.224744871391589,-1.0688588988314986,3.887166434960274,-1.6407354506751248,-4.540034754508237
153,Kyle Harrison,4.125,0.991031208965115,85.375,14.549791358346987,1.3,0.04208834246473213,4.1899999999999995,0.13093073414159517,-2.9010186298796996,-0.872864750236724,0.4751909633114916,0.32507646336092927,-4.574150806788845
154,Jose Quintana,7.125,1.1259916264596035,88.875,14.106103035819029,1.5225,0.09377023591128025,5.22,0.732861319954679,0.11101325894672144,-0.6521999716462313,2.58610845587974,1.463527233319298,-4.5908224018985475
155,Brandon Sproat,4.25,1.164964745021435,67.0,17.566201313073595,1.3062500000000001,0.03204349722308282,4.11375,0.110056803515276,-2.3605864570171184,-1.7690221947344136,0.8191989724857711,-0.30609193547334157,-4.642715688763961
156,Andre Pallante,7.875,0.3535533905932738,96.875,7.4149944610325145,1.4124999999999999,0.02492846909516453,4.3575,0.12302729081677083,2.4748737341529163,-0.16183424091633003,5.315208065693106,1.7074463609286028,-4.709614933385122
157,Kyle Freeland,7.375,0.5175491695067655,116.125,7.69856201786133,1.4337499999999999,0.03113908889391044,5.24,0.362727760960515,0.7245688373094721,2.3445936992028447,4.937524040084139,3.0120730133995237,-4.880434516971347
158,Adrian Houser,7.875,0.6408699444616557,101.125,7.039429765866794,1.38375,0.017677669529663594,4.34,0.18715921411614048,1.3653316208096145,0.43327373117479384,5.868986283848376,1.028869996646314,-5.0992509285102825
159,Jacob Latz,4.375,1.407885953173359,101.0,10.677078252031311,1.36,0.0403555625480729,4.335,0.11625096005747948,-1.8644976136620155,0.2739513498876465,1.982378511133413,1.6134275356286203,-5.186352310536402
160,Cade Povich,3.25,2.5,61.5,41.0,1.295,0.026457513110645946,4.2775,0.055602757725374395,-1.5,-0.892073170731707,0.5669467095138363,2.3391375773551966,-5.298157457600739
161,Johan Oviedo,6.25,0.8864052604279182,104.375,10.253048327204938,1.34,0.01772810520855837,4.3125,0.09238892945431454,-0.8461141122266495,0.6144514098586562,3.3844564489065996,1.786604747721665,-5.402723898996258
162,Michael Lorenzen,6.125,0.6408699444616557,107.875,7.453426824526518,1.4637499999999999,0.0592663479556485,5.30375,0.43378524969982846,-1.3653316208096145,1.3148314501125542,3.100410373480541,2.6656335152016988,-5.8165440593793
163,Cade Cavalli,6.875,1.1259916264596033,112.0,12.850792082313728,1.3362500000000002,0.009161253813129083,4.28875,0.17183359890977576,-0.11101325894672145,1.0835907943110132,6.139989257735411,0.8223799122906064,-5.989791634661725
164,Hunter Barco,4.125,0.9910312089651148,81.375,7.9451242910353495,1.34375,0.04627171304989078,4.10625,0.12894489409932328,-2.9010186298797,-2.101918030262025,1.3777315728783128,-0.3194193945226998,-6.061248838497337
165,Andrew Painter,5.25,0.8864052604279183,89.875,10.02051467169797,1.3512499999999998,0.06151364540838529,4.5962499999999995,0.19992409273807615,-1.9742662618621818,-0.8183212408400679,1.1582795902758725,2.244914526574826,-6.195781619552948
166,Griffin Canning,7.375,0.916125381312904,105.625,7.42462120245875,1.36125,0.01552647508520299,4.5525,0.15899236279951118,0.40933261718236164,1.016886894849227,5.2329971583461825,2.5476852653028557,-6.35446291161745
167,Robert Gasser,4.625,0.5175491695067657,76.125,4.257346591481602,1.2349999999999999,0.02672612419124244,3.96875,0.10561892417013687,-4.588935969626656,-5.155793527339092,-1.6837458240482792,-1.6918132939146384,-6.36917037900283
168,Bryce Elder,6.0,1.4142135623730951,88.125,17.852070708223977,1.35375,0.031139088893910503,4.5,0.1157583690279026,-0.7071067811865475,-0.5573583122442085,2.36840584036556,3.0456761179402765,-6.678547051736592
169,Colin Rea,4.25,1.2817398889233116,69.5,12.783918469255482,1.2962500000000001,0.015979898086569393,4.47875,0.17480090715684887,-2.1455211184151084,-2.2352301501860374,1.0169026055089623,1.8953705984072118,-7.2930244725173194
170,Trevor McDonald,3.375,1.5059406173077154,55.125,18.63512428568313,1.34,0.02563479777846628,4.202500000000001,0.12769942387161662,-2.407133427665088,-2.3047874187239703,2.3405684928164794,0.43118831965411464,-7.483677658859652
171,Anthony Kay,6.0,0.5345224838248488,100.75,5.092010548749034,1.42,0.029277002188456015,4.67625,0.3632762624465611,-1.8708286933869707,0.5253327687345787,4.781910357447806,1.4556758992140029,-7.583082181314201
172,Kutter Crawford,5.166666666666667,0.408248290463863,80.66666666666667,6.408327915038889,1.2416666666666667,0.0325064096243598,4.36,0.13053735097664548,-4.490731195102493,-2.7165172513222857,-1.179254607823773,1.6283653560430404,-7.656359194644045
173,Kohl Drake,3.25,1.892969448600091,51.0,16.772994167212165,1.3225,0.037749172176353804,4.2625,0.06184658438426441,-1.981014539232654,-2.8065949067115374,1.125852503505285,1.8604503570495607,-7.773912306499038
174,Janson Junk,4.75,1.388730149658827,69.125,8.201698430377519,1.27875,0.015526475085203047,4.4125,0.09483067616998768,-1.6201851746019653,-3.5297567017064098,-0.08050764858993921,2.7951134664996498,-7.864547694218086
175,Logan Allen,6.625,0.7440238091428447,98.5,8.141603913585714,1.39375,0.017677669529663584,4.5075,0.3304434250259147,-0.5040161287741854,0.05220101647180641,6.434671708797621,1.0896343299061346,-7.976121151006135
176,Thomas White,3.0,1.4142135623730951,68.5,51.61879502661797,1.39,0.0,4.24,0.028284271247461613,-2.82842712474619,-0.5729502206463599,1.39,3.272578571679043,-8.063955917071592
177,J.T. Ginn,3.25,0.7071067811865476,63.875,15.338443765351723,1.2975,0.02251983252919207,4.14875,0.2012416812832629,-5.303300858899106,-2.2296916508084714,0.7770928126270532,0.006522008719220581,-8.316607331053852
178,Germán Márquez,6.25,1.2817398889233114,88.375,13.47948176197544,1.4525,0.04682795258023937,5.2725,0.33276976167571803,-0.5851421232041205,-0.7196122351945997,3.683697246947159,3.38090364441336,-8.36935524975924
179,Joe Boyle,4.375,1.0606601717798212,83.0,17.776388834631174,1.3912499999999999,0.02232071427428527,4.2212499999999995,0.2812948376957632,-2.4748737341529163,-0.84803500532299,4.9841594956558435,0.2624026114543644,-8.569470846586114
180,Luis Gil,5.375,0.5175491695067655,96.375,6.323143431644015,1.3525,0.019820624179302235,4.45125,0.14196956414266115,-3.1397982950077123,-0.2688536197822717,3.6578060985439813,2.13998332554369,-9.206441338877656
181,Kyle Hart,3.5,1.7320508075688772,62.5,21.763884457207237,1.35,0.03162277660168373,4.62,0.1361371857110806,-2.0207259421636903,-1.634588718293766,2.213594362117872,3.4712227781974576,-9.340131800772786
182,Chris Paddack,5.625,0.9161253813129043,93.625,9.709163565563058,1.3225,0.011649647450214374,4.86125,0.1874214121019411,-1.5008862630019921,-0.4583299034927652,3.6481790699355376,3.808596317755561,-9.415991554185856
183,Mick Abel,5.125,0.991031208965115,90.875,7.9181076382825575,1.4,0.029760952365713782,4.465,0.11795883059053162,-1.8919686716606736,-0.9093081742396815,4.032129030193481,2.69214689913593,-9.525552775229766
184,Stephen Kolek,4.125,1.2464234547582247,57.875,12.855654675778172,1.365,0.02672612419124234,4.3575,0.17950328289874962,-2.306599726621543,-3.127028612221697,3.1804087787578608,1.1702432212255853,-9.784280338826685
185,Andrew Alvarez,4.75,0.7071067811865476,80.875,6.556076788533128,1.40125,0.036815175442433276,4.39875,0.29997321308981667,-3.181980515339464,-2.623520217164564,3.2934788044021377,0.8377831387389685,-9.936762675645134
186,Patrick Sandoval,4.75,0.7071067811865475,72.5,5.503245795502346,1.3925,0.04166190448976473,4.07375,0.16843290313101783,-3.1819805153394642,-4.647257445942492,2.700308624336615,-0.43748874851774305,-10.092057837100828
187,Tyler Anderson,6.0,0.9258200997725515,94.0,3.251373336211727,1.40875,0.04051013982414066,4.9075,0.15276031646247107,-1.0801234497346432,-1.253316546154584,3.1782166282051607,4.9755232091753765,-10.487179833269764
188,Mitchell Parker,4.25,1.5811388300841898,65.25,15.818163158669392,1.38875,0.02748376143938703,4.70625,0.20013834500878927,-1.7392527130926085,-2.0751461260538164,3.956881966096172,2.7921311129831685,-10.563411918225766
189,Richard Fitts,5.125,0.6408699444616557,80.125,3.603074084326171,1.30875,0.03603074084326171,4.39625,0.12838975259509058,-2.9257106160206026,-4.981857042042173,0.797929749073609,1.9379467205976588,-10.643444127734043
190,Jason Alexander,4.0,1.4142135623730951,62.0,29.698484809834994,1.385,0.03535533905932725,4.59,0.09899494936611705,-2.1213203435596424,-1.2147084348240331,2.9698484809835097,4.470556354983862,-10.776433614351047
191,Logan Evans,4.5,1.0,55.25,21.18765363759439,1.33,0.014142135623730963,4.49,0.12569805089976546,-2.5,-2.0212242814850105,3.5355339059327378,2.725280921604487,-10.782039109022236
192,Tomoyuki Sugano,5.625,1.0606601717798212,75.5,5.042675027063655,1.44,0.05503245795502356,5.4125,0.49059002377603594,-1.2963624321753373,-4.476790568268165,2.907375137246519,2.578655167634485,-11.259183305324507
193,Charlie Morton,4.375,1.407885953173359,68.625,24.05314057308466,1.4175,0.023754698783308444,4.675,0.2213594362117866,-1.8644976136620155,-1.224372339675027,5.788328500996029,2.383284440132258,-11.260482894465328
194,Miles Mikolas,6.875,0.8345229603962802,89.5,5.237229365663816,1.33125,0.01457737973711325,4.87875,0.12111830108263104,-0.14978617237881953,-1.6373161076769285,3.515720995421433,6.038001635286101,-11.340824910763281
195,Alek Manoah,4.875,0.6408699444616557,81.875,6.334429729659964,1.3900000000000001,0.05345224838248483,4.85375,0.19970961061358197,-3.3158053648233494,-2.5574520030028993,2.057911562725671,3.5366975972260235,-11.467866527777943
196,Chase Dollander,5.375,0.5175491695067655,101.875,7.219764539096825,1.5,0.04503966505838419,5.36375,0.30042529378009614,-3.1397982950077123,0.5263329544089789,4.884583393655737,4.048635468391388,-11.546684202645856
197,Josiah Gray,5.5,0.5345224838248486,95.25,6.13537750614069,1.41,0.03545621041711669,5.03625,0.18980723303996036,-2.806243040080457,-0.46044436502440844,3.666494486315482,4.68271143182872,-11.615893323249066
198,Emerson Hancock,4.166666666666667,0.983192080250175,64.83333333333333,15.867156855173098,1.3133333333333335,0.008164965809277282,4.376666666666666,0.08238122763510293,-2.881769890388444,-2.094998301843158,4.082482904638632,2.782541280909378,-11.841792377779612
199,Alex Cobb,2.75,1.0350983390135313,39.25,16.351059380270836,1.3525,0.016690459207925615,4.1725,0.239030781042347,-4.105890078087008,-3.597626222982111,4.343798998985764,0.10485051293691144,-12.152165812991795
200,Sean Sullivan,4.5,0.7071067811865476,63.0,9.899494936611665,1.3900000000000001,0.02828427124746169,4.895,0.6151828996322961,-3.5355339059327373,-3.543110050016878,3.8890872965260437,1.215187386461537,-12.182918638937196
201,Lance McCullers Jr.,5.75,1.164964745021435,93.375,15.361710284247092,1.42125,0.018850918886280932,4.4825,0.0993910027546327,-1.0729938440986901,-0.30595551621746686,7.493003436707634,3.3711552425642743,-12.243108039588066
202,Randy Vásquez,6.75,0.8864052604279182,86.875,3.943801646707326,1.39875,0.02167124493754003,4.85875,0.18066840185425748,-0.2820380374088831,-2.839899417697858,5.479611362533914,3.937116245561331,-12.538665063201986
203,Jordan Montgomery,3.875,1.246423454758225,52.75,16.9094225634281,1.35125,0.01246423454758224,4.5475,0.20041029343395939,-2.507173615892981,-2.680458178272121,5.716355844236004,1.996217325692565,-12.900204964093671
204,Tanner Gordon,3.5,1.1952286093343936,53.625,15.426669856360538,1.4249999999999998,0.04440077219405727,5.52,0.3111728963591965,-2.9283100928692645,-2.8813736479667322,3.265708969345516,4.410932044722843,-13.486324754904356
205,Martín Pérez,2.625,1.0606601717798214,37.375,17.888044690718516,1.4425,0.03770183777256187,4.76375,0.34989539253080437,-4.1247895569215265,-3.393327837083005,4.310134720230055,1.7614193074741356,-13.589671421708722
206,Rhett Lowder,4.125,0.8345229603962802,67.375,7.229651246281327,1.335,0.02070196678027062,4.578749999999999,0.12933207534979746,-3.445081964712849,-4.246401237651812,2.6567524034680616,3.3349229016348203,-13.683158507467544
207,Caden Dana,5.0,0.9258200997725516,79.625,12.058636501931483,1.415,0.03116774889895919,5.0525,0.15970955781399815,-2.1602468994692865,-1.530023730049809,4.331400398458298,5.666927592737183,-13.688598620714577
208,Hayden Birdsong,3.0,0.9258200997725513,62.625,16.578277525553904,1.4049999999999998,0.021380899352993993,4.555,0.20770858707058107,-4.320493798938574,-2.1383403640913263,5.846339666834261,1.9621841626678005,-14.267357992531961
209,Luis Medina,4.5,0.5345224838248487,78.75,9.676923950453324,1.44875,0.03356762896431199,4.77,0.22953368878165625,-4.677071733467428,-1.9970188976316894,5.027164718110102,2.712292488760602,-14.413547837969821
210,Matt Waldron,3.25,1.2583057392117918,45.5,27.03701166919155,1.3625,0.022173557826083393,5.0925,0.15945218719102006,-2.980197803396348,-1.9445566190256434,3.7206478386140134,5.926933437845148,-14.572335698881151
211,Keider Montero,5.0,2.8284271247461903,76.0,33.94112549695428,1.34,0.0,4.49,0.028284271247461613,-0.7071067811865475,-0.6503909247788763,1.34,12.111413336510976,-14.8089110424764
212,Quinn Mathews,2.6666666666666665,1.2110601416389968,47.833333333333336,25.28570083400234,1.4733333333333334,0.028047578623950256,4.376666666666666,0.0911409165340498,-3.578132236660672,-1.9869596257781146,6.893048983852141,2.515107104294123,-14.973247950585051
213,Jake Irvin,5.75,1.3887301496588271,89.25,16.816233653399156,1.37,0.010690449676496907,4.9325,0.14498768420603375,-0.9001028747788695,-0.5247905197972879,8.41872912024143,5.414684042296949,-15.258306557114537
214,Bailey Falter,5.0,1.4142135623730951,67.0,22.627416997969522,1.335,0.007071067811865403,4.550000000000001,0.0848528137423861,-1.414213562373095,-1.3733339515857472,7.778174593052093,4.744244560023483,-15.309966667034416
215,Hunter Dobbins,4.625,0.5175491695067657,67.375,6.0222800618085754,1.3562500000000002,0.023260942125619643,4.4575,0.1169554249642635,-4.588935969626656,-5.097737017361552,3.278027157636847,2.6511168686253033,-15.615817013250357
216,Erick Fedde,5.0,1.1952286093343936,74.75,15.84523362312556,1.42625,0.021339098923270954,5.0675,0.1628978645830395,-1.6733200530681511,-1.4720515048738678,6.853616477709366,5.648094297337981,-15.647082332989367
217,Spencer Arrighetti,5.125,0.35355339059327373,91.0,5.7569833370313965,1.3587500000000001,0.01125991626459605,4.5275,0.17027289021701936,-5.303300858899107,-1.228942240372756,6.99383531364345,2.2320787502672674,-15.758157163182581
218,Jon Gray,4.0,0.5345224838248488,57.125,7.453426824526517,1.31125,0.022951812875799504,4.5675,0.1231433543244854,-5.612486080160912,-5.494117130827451,1.361548221445729,3.4111666220584382,-15.879318054492531
219,Ryan Bergert,2.625,0.5175491695067655,56.625,12.374368670764582,1.3912499999999999,0.04120939559996333,4.645,0.23009314883945833,-8.453303101943842,-3.3496658377351296,2.6996270724266296,2.1624394403292797,-16.66503545243488
220,Cody Bradford,4.4,0.5477225575051661,61.2,3.3466401061363027,1.222,0.02167948338867883,4.372,0.05357238094391564,-4.74692883171144,-11.018513742301435,-2.675340503283765,4.191758813839025,-17.281860884568133
221,Walker Buehler,6.125,0.8345229603962802,86.875,4.189698250300541,1.44625,0.023867192066576656,5.11625,0.14569415127000032,-1.0485032066517366,-2.673223542816377,6.9656287818127804,6.649632065219952,-17.336987596500844
222,Taijuan Walker,5.125,0.8345229603962802,80.5,4.566962103755936,1.42625,0.022638462845343484,5.05625,0.15212189661114328,-2.246792585682293,-3.848291183661466,6.460244275378539,5.974238556354076,-18.529566601076375
223,River Ryan,2.125,0.6408699444616559,35.375,8.052284502815688,1.38125,0.05330170192940764,4.58625,0.2868019475925107,-7.606847601653564,-7.786610120156004,1.899564110243511,1.530019247370895,-18.823041079423973
224,Jonathan Cannon,4.5,1.0690449676496976,77.875,8.609587678861287,1.385,0.017728105208558317,4.8462499999999995,0.06653409437488203,-2.338535866733713,-2.346221532721723,5.9227987855865605,10.503073748364052,-21.11062993340605
225,José Urquidy,4.625,0.744023809142845,65.125,7.039429765866796,1.3487500000000001,0.02748376143938709,4.8625,0.06227817778782085,-3.192102148903173,-4.680776866298163,2.501477105003327,11.481750516789175,-21.856106636993836
226,Drew Thorpe,3.0,0.5345224838248489,41.625,6.479362843454815,1.3625,0.05725881092523163,4.7700000000000005,0.1260385428577879,-7.483314773547881,-8.712276401841494,1.4408262879878566,4.939461262277936,-22.575878725655166
227,Ryan Feltner,4.375,0.5175491695067655,80.375,3.9618718519695424,1.50125,0.029489707647632868,5.29625,0.20479519386101666,-5.071981861166305,-4.467585187340395,7.502617613022001,5.6095676775483145,-22.651752339077014
228,Spencer Turnbull,2.25,0.7071067811865476,32.0,8.618916073713347,1.4537499999999999,0.03461523198989557,4.94625,0.1599944195455403,-6.717514421272201,-7.666277224988971,5.019466576180067,4.992752261416398,-24.396010483857637
229,McCade Brown,2.75,0.5,55.75,16.214705259938174,1.4675,0.020615528128088267,5.4925,0.23443193752842928,-8.5,-2.6102848816236435,9.095085938862502,5.7375394930432035,-25.94291031352935
230,Marcus Stroman,5.125,0.640869944461656,62.75,3.9910614413425693,1.43625,0.01995530720671287,4.79125,0.08526220063511651,-2.9257106160206012,-8.851028860161287,7.829997222364898,7.550972121341615,-27.157708819888402
231,Sam Aldegheri,2.375,1.5059406173077154,35.75,22.783139129001267,1.51125,0.017268882005338007,5.415,0.15080735109024754,-3.0711702352968366,-2.735575622266417,13.391139040067443,8.405177140479404,-27.603062038110103
232,Mitch Farris,2.5,1.7320508075688772,49.25,41.16936563352254,1.4249999999999998,0.005773502691896284,5.09,0.23452078799117182,-2.598076211353316,-1.1859546351679457,25.11473670974857,4.019100004198696,-32.91786756046853
233,Antonio Senzatela,4.2,0.4472135954999579,53.6,4.159326868617085,1.582,0.038340579025361685,5.564,0.17415510328440006,-6.260990336999411,-10.692835981603743,7.876772017455235,8.133913237596689,-32.96451157365508
234,Wade Miley,2.5,0.5773502691896257,29.0,2.82842712474619,1.435,0.012909944487358068,5.175,0.33151168908501566,-7.794228634059948,-24.421700455230383,12.006248373242983,3.0996267517326768,-47.32180421426599
235,Cal Quantrill,3.0,2.0,40.5,31.67017524422623,1.365,0.017320508075688683,5.115,0.019148542155126586,-2.0,-1.8179564702754984,4.907477288111843,50.52930359719096,-59.2547373555783
236,AJ Blubaugh,7.0,,105.0,,1.37,,4.45,,,,,,
237,AJ Smith-Shawver,5.0,,88.0,,1.31,,3.9,,,,,,
238,Aaron Ashby,5.0,,86.0,,1.4,,3.95,,,,,,
239,Aaron Brooks,4.0,,45.0,,1.53,,5.31,,,,,,
240,Aaron Brown,4.0,,51.0,,1.46,,5.11,,,,,,
241,Aaron Davenport,5.0,,85.0,,1.49,,4.97,,,,,,
242,Aaron Rozek,3.0,,66.0,,1.4,,5.05,,,,,,
243,Aaron Wilkerson,4.0,,81.0,,1.37,,4.8,,,,,,
244,Abdiel Mendoza,4.0,,55.0,,1.39,,4.77,,,,,,
245,Adam Kloffenstein,5.0,,76.0,,1.39,,4.88,,,,,,
246,Adam Laskey,4.0,,47.0,,1.54,,4.99,,,,,,
247,Adam Macko,5.0,,66.0,,1.4,,4.76,,,,,,
248,Adam Mazur,7.0,,89.0,,1.35,,4.45,,,,,,
249,Adam Plutko,4.0,,44.0,,1.47,,5.35,,,,,,
250,Adam Seminaris,5.0,,65.0,,1.45,,4.84,,,,,,
251,Adrian Sampson,4.0,,49.0,,1.51,,5.26,,,,,,
252,Alan Rangel,4.0,,94.0,,1.36,,4.95,,,,,,
253,Albert Suárez,4.0,,73.0,,1.47,,4.86,,,,,,
254,Alec Baker,3.0,,47.0,,1.45,,4.76,,,,,,
255,Alec Marsh,5.0,,84.0,,1.39,,4.88,,,,,,
256,Alejandro Hidalgo,3.0,,71.0,,1.54,,5.4,,,,,,
257,Alessandro Ercolani,3.0,,55.0,,1.48,,4.96,,,,,,
258,Alex Amalfi,5.0,,63.0,,1.45,,4.61,,,,,,
259,Alex Clemmey,4.0,,90.0,,1.59,,5.31,,,,,,
260,Alex Cornwell,4.0,,56.0,,1.44,,4.74,,,,,,
261,Alex Faedo,3.0,,53.0,,1.34,,4.52,,,,,,
262,Alex Pham,3.0,,62.0,,1.38,,4.74,,,,,,
263,Alex Santos II,3.0,,36.0,,1.5,,4.91,,,,,,
264,Alex Williams,4.0,,53.0,,1.44,,4.94,,,,,,
265,Alexander Cornielle,4.0,,78.0,,1.5,,5.68,,,,,,
266,Allan Winans,6.0,,82.0,,1.25,,4.56,,,,,,
267,Alonzo Tredwell,3.0,,72.0,,1.44,,4.77,,,,,,
268,Anders Tolhurst,3.0,,51.0,,1.36,,4.82,,,,,,
269,Andrew Bash,3.0,,52.0,,1.49,,4.95,,,,,,
270,Andrew Dalquist,3.0,,43.0,,1.63,,5.37,,,,,,
271,Andrew Heaney,7.0,,103.0,,1.4,,4.91,,,,,,
272,Andrew Hoffmann,6.0,,70.0,,1.38,,4.05,,,,,,
273,Andrew Morris,6.0,,80.0,,1.3,,4.14,,,,,,
274,Andrew Quezada,3.0,,41.0,,1.62,,5.54,,,,,,
275,Andrew Sears,5.0,,76.0,,1.41,,5.1,,,,,,
276,Andry Lara,5.0,,56.0,,1.52,,4.95,,,,,,
277,Angel Bastardo,3.0,,69.0,,1.43,,4.44,,,,,,
278,Anthony DeSclafani,3.0,,46.0,,1.4,,4.52,,,,,,
279,Anthony Molina,4.0,,67.0,,1.4,,4.95,,,,,,
280,Anthony Solometo,4.0,,47.0,,1.52,,4.85,,,,,,
281,Anthony Veneziano,3.0,,66.0,,1.43,,4.81,,,,,,
282,Antonio Santos,5.0,,58.0,,1.43,,4.78,,,,,,
283,Antwone Kelly,3.0,,76.0,,1.42,,4.39,,,,,,
284,Austin Bergner,5.0,,64.0,,1.5,,4.91,,,,,,
285,Austin Cox,3.0,,56.0,,1.42,,4.82,,,,,,
286,Austin Gomber,4.0,,74.0,,1.32,,5.2,,,,,,
287,Austin Krob,3.0,,56.0,,1.53,,4.84,,,,,,
288,Austin Love,4.0,,54.0,,1.43,,4.52,,,,,,
289,Austin Peterson,6.0,,92.0,,1.3,,4.37,,,,,,
290,Avery Short,5.0,,56.0,,1.46,,4.78,,,,,,
291,Bailey Dees,5.0,,72.0,,1.39,,4.93,,,,,,
292,Baron Stuart,3.0,,46.0,,1.58,,5.63,,,,,,
293,Beau Brieske,3.0,,48.0,,1.41,,4.81,,,,,,
294,Ben Anderson,4.0,,51.0,,1.51,,5.34,,,,,,
295,Ben Brown,6.0,,106.0,,1.24,,4.1,,,,,,
296,Ben Casparius,6.0,,77.0,,1.36,,4.8,,,,,,
297,Ben Hess,5.0,,96.0,,1.34,,4.61,,,,,,
298,Ben Kudrna,4.0,,77.0,,1.46,,4.85,,,,,,
299,Ben Lively,5.0,,62.0,,1.37,,4.57,,,,,,
300,Ben Peoples,3.0,,48.0,,1.5,,5.03,,,,,,
301,Ben Shields,2.0,,56.0,,1.39,,4.81,,,,,,
302,Billy Corcoran,5.0,,53.0,,1.39,,4.46,,,,,,
303,Blade Tidwell,6.0,,91.0,,1.38,,4.33,,,,,,
304,Blake Adams,4.0,,59.0,,1.44,,5.21,,,,,,
305,Blake Beers,4.0,,66.0,,1.38,,4.82,,,,,,
306,Blake Burkhalter,4.0,,63.0,,1.42,,4.93,,,,,,
307,Blake Money,5.0,,87.0,,1.33,,4.59,,,,,,
308,Blake Townsend,4.0,,51.0,,1.35,,4.64,,,,,,
309,Blake Walston,4.0,,60.0,,1.48,,4.59,,,,,,
310,Blake Wehunt,4.0,,57.0,,1.42,,4.78,,,,,,
311,Blane Abeyta,4.0,,65.0,,1.38,,4.67,,,,,,
312,Blas Castaño,5.0,,74.0,,1.39,,4.71,,,,,,
313,Bobby Miller,4.0,,89.0,,1.39,,5.04,,,,,,
314,Bowden Francis,5.0,,67.0,,1.28,,4.69,,,,,,
315,Brad Keller,5.0,,74.0,,1.35,,4.43,,,,,,
316,Braden Nett,4.0,,73.0,,1.52,,4.97,,,,,,
317,Bradley Blalock,4.0,,73.0,,1.5,,5.25,,,,,,
318,Brady Basso,4.0,,62.0,,1.31,,4.22,,,,,,
319,Braeden Fausnaught,4.0,,51.0,,1.48,,5.27,,,,,,
320,Brandon Birdsell,4.0,,62.0,,1.32,,4.97,,,,,,
321,Brandon Komar,3.0,,52.0,,1.46,,5.46,,,,,,
322,Brandon Leibrandt,2.0,,43.0,,1.39,,4.96,,,,,,
323,Brandon Waddell,5.0,,68.0,,1.36,,4.67,,,,,,
324,Brandon Walter,3.0,,56.0,,1.21,,3.93,,,,,,
325,Brandon Williamson,3.0,,60.0,,1.52,,5.35,,,,,,
326,Brandon Young,5.0,,71.0,,1.32,,4.54,,,,,,
327,Brandyn Garcia,5.0,,59.0,,1.42,,4.39,,,,,,
328,Brant Hurter,5.0,,80.0,,1.22,,3.87,,,,,,
329,Braxton Bragg,4.0,,61.0,,1.29,,4.48,,,,,,
330,Braydon Tucker,3.0,,50.0,,1.48,,5.53,,,,,,
331,Brendan Beck,8.0,,86.0,,1.25,,4.42,,,,,,
332,Brendan Girton,3.0,,66.0,,1.45,,5.03,,,,,,
333,Brent Headrick,3.0,,65.0,,1.19,,4.14,,,,,,
334,Brett Kerry,5.0,,75.0,,1.4,,5.57,,,,,,
335,Brett Sears,8.0,,87.0,,1.28,,4.89,,,,,,
336,Brett Wichrowski,3.0,,62.0,,1.47,,5.4,,,,,,
337,Brian Van Belle,6.0,,72.0,,1.3,,4.38,,,,,,
338,Brock Selvidge,4.0,,55.0,,1.52,,5.29,,,,,,
339,Brody Hopkins,5.0,,92.0,,1.4,,4.73,,,,,,
340,Bruce Zimmermann,6.0,,76.0,,1.37,,4.53,,,,,,
341,Bryan Hoeing,4.0,,51.0,,1.3,,4.3,,,,,,
342,Bryce Conley,3.0,,64.0,,1.46,,5.54,,,,,,
343,Bryce Jarvis,4.0,,73.0,,1.45,,4.65,,,,,,
344,Bryce Mayer,4.0,,66.0,,1.28,,4.66,,,,,,
345,Bryce Osmond,2.0,,39.0,,1.57,,6.0,,,,,,
346,Brycen Mautz,5.0,,86.0,,1.37,,4.64,,,,,,
347,Bryse Wilson,4.0,,66.0,,1.35,,4.91,,,,,,
348,C.J. Culpepper,3.0,,56.0,,1.47,,4.83,,,,,,
349,CJ Van Eyk,6.0,,71.0,,1.41,,4.75,,,,,,
350,Cade Gibson,5.0,,57.0,,1.38,,4.4,,,,,,
351,Cade Winquest,4.0,,64.0,,1.44,,5.55,,,,,,
352,Caleb Bolden,3.0,,42.0,,1.53,,5.12,,,,,,
353,Caleb Boushley,3.0,,65.0,,1.39,,4.66,,,,,,
354,Caleb Kilian,3.0,,50.0,,1.42,,4.61,,,,,,
355,Cameron Foster,3.0,,48.0,,1.42,,4.48,,,,,,
356,Cameron Weston,5.0,,94.0,,1.39,,4.97,,,,,,
357,Carl Edwards Jr.,2.0,,45.0,,1.42,,4.44,,,,,,
358,Carlos Carrasco,4.0,,72.0,,1.53,,5.36,,,,,,
359,Carlos Duran,2.0,,51.0,,1.63,,5.75,,,,,,
360,Carlos Lagrange,8.0,,106.0,,1.39,,4.84,,,,,,
361,Carlos Peña,6.0,,65.0,,1.41,,4.96,,,,,,
362,Carlos Rodriguez,5.0,,94.0,,1.34,,4.56,,,,,,
363,Carlos Tavera,2.0,,43.0,,1.58,,5.36,,,,,,
364,Carmen Mlodzinski,7.0,,89.0,,1.28,,3.59,,,,,,
365,Carson Fulmer,2.0,,57.0,,1.43,,4.96,,,,,,
366,Carson Palmquist,4.0,,93.0,,1.52,,5.26,,,,,,
367,Carson Ragsdale,5.0,,71.0,,1.48,,4.88,,,,,,
368,Carson Seymour,7.0,,83.0,,1.37,,4.23,,,,,,
369,Carson Spiers,4.0,,73.0,,1.42,,5.22,,,,,,
370,Carson Whisenhunt,6.0,,87.0,,1.36,,4.41,,,,,,
371,Carter Spivey,2.0,,41.0,,1.55,,5.05,,,,,,
372,Casey Anderson,6.0,,56.0,,1.53,,5.07,,,,,,
373,Casey Kelly,4.0,,53.0,,1.57,,5.23,,,,,,
374,Casey Lawrence,5.0,,53.0,,1.4,,4.98,,,,,,
375,Cesar Gomez,3.0,,40.0,,1.45,,4.7,,,,,,
376,Chad Kuhl,3.0,,57.0,,1.54,,5.05,,,,,,
377,Chandler Champlain,5.0,,76.0,,1.43,,5.0,,,,,,
378,Charles King,5.0,,68.0,,1.44,,5.22,,,,,,
379,Charlie Barnes,5.0,,85.0,,1.38,,5.35,,,,,,
380,Chase Chaney,5.0,,60.0,,1.4,,5.2,,,,,,
381,Chase Petty,7.0,,88.0,,1.48,,5.51,,,,,,
382,Chase Silseth,3.0,,67.0,,1.36,,4.36,,,,,,
383,Chase Solesky,4.0,,63.0,,1.44,,5.01,,,,,,
384,Chayce McDermott,5.0,,77.0,,1.44,,4.67,,,,,,
385,Chen Zhong-Ao Zhuang,6.0,,92.0,,1.28,,4.55,,,,,,
386,Chris Campos,5.0,,76.0,,1.36,,5.26,,,,,,
387,Chris Clarke,3.0,,43.0,,1.28,,4.5,,,,,,
388,Chris Flexen,5.0,,70.0,,1.42,,4.89,,,,,,
389,Chris Kachmar,4.0,,74.0,,1.47,,5.16,,,,,,
390,Chris Murphy,3.0,,66.0,,1.44,,4.6,,,,,,
391,Chris Rodriguez,1.0,,28.0,,1.59,,5.54,,,,,,
392,Christian MacLeod,4.0,,67.0,,1.51,,4.73,,,,,,
393,Christian Roa,5.0,,65.0,,1.46,,4.39,,,,,,
394,Christian Romero,4.0,,57.0,,1.43,,5.52,,,,,,
395,Christian Scott,3.0,,55.0,,1.26,,4.55,,,,,,
396,Clarke Schmidt,5.0,,83.0,,1.27,,4.19,,,,,,
397,Clayton Beeter,3.0,,80.0,,1.38,,4.17,,,,,,
398,Clayton Kershaw,7.0,,84.0,,1.29,,4.21,,,,,,
399,Cody Poteet,2.0,,40.0,,1.33,,4.31,,,,,,
400,Cole Percival,3.0,,40.0,,1.54,,5.17,,,,,,
401,Cole Wilcox,5.0,,65.0,,1.38,,4.57,,,,,,
402,Cole Winn,3.0,,62.0,,1.43,,4.82,,,,,,
403,Coleman Crow,4.0,,74.0,,1.24,,4.11,,,,,,
404,Colton Gordon,6.0,,104.0,,1.3,,4.35,,,,,,
405,Connor Gillispie,3.0,,55.0,,1.47,,5.47,,,,,,
406,Connor McCullough,3.0,,43.0,,1.33,,5.05,,,,,,
407,Connor Noland,7.0,,85.0,,1.34,,4.46,,,,,,
408,Connor Phillips,4.0,,83.0,,1.41,,4.92,,,,,,
409,Connor Prielipp,5.0,,77.0,,1.34,,4.12,,,,,,
410,Connor Schultz,3.0,,52.0,,1.34,,4.71,,,,,,
411,Connor Seabold,3.0,,63.0,,1.39,,5.01,,,,,,
412,Connor Staine,3.0,,51.0,,1.65,,6.41,,,,,,
413,Connor Thomas,5.0,,59.0,,1.37,,4.46,,,,,,
414,Connor Van Scoyoc,5.0,,47.0,,1.55,,5.14,,,,,,
415,Cooper Criswell,4.0,,75.0,,1.3,,4.24,,,,,,
416,Cory Abbott,3.0,,68.0,,1.39,,4.9,,,,,,
417,Cory Lewis,4.0,,66.0,,1.59,,5.06,,,,,,
418,Cristian Mena,4.0,,85.0,,1.29,,3.83,,,,,,
419,Curtis Taylor,5.0,,79.0,,1.41,,4.81,,,,,,
420,DJ Herz,5.0,,82.0,,1.43,,4.48,,,,,,
421,DL Hall,3.0,,63.0,,1.37,,4.16,,,,,,
422,Dakota Hudson,5.0,,67.0,,1.5,,5.35,,,,,,
423,Dallas Keuchel,3.0,,34.0,,1.6,,5.07,,,,,,
424,Dalton Rogers,4.0,,76.0,,1.57,,4.86,,,,,,
425,Dane Acker,2.0,,52.0,,1.44,,5.02,,,,,,
426,Dane Dunning,4.0,,89.0,,1.31,,4.34,,,,,,
427,Daniel Eagen,8.0,,94.0,,1.38,,4.12,,,,,,
428,Daniel Espino,4.0,,72.0,,1.44,,4.27,,,,,,
429,Daniel Lynch IV,4.0,,75.0,,1.37,,4.35,,,,,,
430,Daniel Missaki,2.0,,54.0,,1.42,,5.25,,,,,,
431,Danny Wirchansky,3.0,,41.0,,1.51,,5.16,,,,,,
432,Darren Bowen,3.0,,41.0,,1.55,,5.68,,,,,,
433,Darren McCaughan,5.0,,80.0,,1.36,,4.71,,,,,,
434,David Buchanan,4.0,,56.0,,1.45,,4.96,,,,,,
435,David Davalillo,5.0,,85.0,,1.28,,4.53,,,,,,
436,David Festa,5.0,,93.0,,1.29,,4.22,,,,,,
437,David Sandlin,6.0,,69.0,,1.4,,4.62,,,,,,
438,Davis Daniel,6.0,,76.0,,1.42,,5.63,,,,,,
439,Dax Fulton,6.0,,80.0,,1.48,,4.7,,,,,,
440,Derek Diamond,4.0,,40.0,,1.44,,4.76,,,,,,
441,Devereaux Harrison,5.0,,68.0,,1.56,,5.24,,,,,,
442,Devin Smeltzer,4.0,,45.0,,1.45,,5.25,,,,,,
443,Didier Fuentes,6.0,,82.0,,1.3,,4.45,,,,,,
444,Dietrich Enns,6.0,,103.0,,1.36,,3.98,,,,,,
445,Dom Hamel,5.0,,78.0,,1.38,,4.91,,,,,,
446,Domingo Robles,4.0,,51.0,,1.38,,4.7,,,,,,
447,Dominic Perachi,3.0,,47.0,,1.51,,4.89,,,,,,
448,Doug Nikhazy,5.0,,81.0,,1.49,,4.5,,,,,,
449,Douglas Orellana,2.0,,51.0,,1.49,,4.82,,,,,,
450,Drake Fellows,5.0,,62.0,,1.46,,5.14,,,,,,
451,Drew Anderson,8.0,,147.0,,1.27,,4.19,,,,,,
452,Drew Parrish,4.0,,54.0,,1.51,,5.84,,,,,,
453,Drew Rom,4.0,,68.0,,1.27,,4.19,,,,,,
454,Drey Jameson,6.0,,66.0,,1.35,,3.92,,,,,,
455,Drue Hackenberg,4.0,,67.0,,1.55,,5.17,,,,,,
456,Duncan Davitt,5.0,,95.0,,1.34,,4.82,,,,,,
457,Dustin Saenz,4.0,,39.0,,1.5,,5.19,,,,,,
458,Dylan Cumming,4.0,,55.0,,1.47,,5.45,,,,,,
459,Dylan DeLucia,4.0,,65.0,,1.4,,4.97,,,,,,
460,Dylan Dodd,5.0,,72.0,,1.27,,4.11,,,,,,
461,Dylan File,4.0,,58.0,,1.44,,5.35,,,,,,
462,Dylan Ray,7.0,,87.0,,1.38,,4.5,,,,,,
463,Dylan Smith,3.0,,48.0,,1.38,,4.5,,,,,,
464,Easton Lucas,4.0,,66.0,,1.39,,4.74,,,,,,
465,Edgar Barclay,4.0,,65.0,,1.46,,5.4,,,,,,
466,Edgar Sanchez,2.0,,36.0,,1.52,,5.09,,,,,,
467,Eduardo Rivera,4.0,,70.0,,1.47,,4.77,,,,,,
468,Eiberson Castellano,3.0,,49.0,,1.49,,5.09,,,,,,
469,Elieser Hernández,4.0,,54.0,,1.37,,4.95,,,,,,
470,Elmer Rodríguez,8.0,,111.0,,1.36,,4.6,,,,,,
471,Elvin Rodríguez,3.0,,45.0,,1.43,,5.0,,,,,,
472,Emiliano Teodo,3.0,,58.0,,1.43,,4.7,,,,,,
473,Enmanuel Pinales,5.0,,65.0,,1.5,,5.32,,,,,,
474,Erian Rodriguez,4.0,,48.0,,1.53,,5.47,,,,,,
475,Eric Lauer,6.0,,97.0,,1.29,,4.25,,,,,,
476,Eric Yost,5.0,,74.0,,1.5,,5.13,,,,,,
477,Erick Leal,6.0,,89.0,,1.4,,5.37,,,,,,
478,Erik Tolman,2.0,,57.0,,1.59,,5.54,,,,,,
479,Estibenzon Jimenez,5.0,,67.0,,1.44,,5.61,,,,,,
480,Ethan Bosacker,4.0,,46.0,,1.48,,5.72,,,,,,
481,Ethan Pecko,7.0,,88.0,,1.3,,3.9,,,,,,
482,Evan Fitterer,5.0,,69.0,,1.48,,4.91,,,,,,
483,Evan McKendry,4.0,,52.0,,1.34,,5.19,,,,,,
484,Felipe De La Cruz,4.0,,70.0,,1.45,,4.66,,,,,,
485,Fernando Perez,5.0,,71.0,,1.34,,4.8,,,,,,
486,Forrest Whitley,4.0,,57.0,,1.35,,4.42,,,,,,
487,Frank Mozzicato,3.0,,61.0,,1.68,,5.57,,,,,,
488,Frankie Montas,4.0,,71.0,,1.49,,5.44,,,,,,
489,Freddy Tarnok,3.0,,63.0,,1.41,,4.41,,,,,,
490,Gabe Mosser,5.0,,81.0,,1.37,,4.66,,,,,,
491,Gabriel Barbosa,3.0,,51.0,,1.43,,5.42,,,,,,
492,Gabriel Hughes,4.0,,63.0,,1.47,,5.02,,,,,,
493,Gage Jump,8.0,,97.0,,1.26,,4.17,,,,,,
494,Garrett Burhenn,5.0,,73.0,,1.39,,4.93,,,,,,
495,Garrett Davila,4.0,,54.0,,1.43,,4.84,,,,,,
496,Garrett Hill,3.0,,52.0,,1.47,,4.74,,,,,,
497,Garrett McMillan,3.0,,38.0,,1.33,,4.1,,,,,,
498,Garrett Stallings,4.0,,64.0,,1.32,,4.74,,,,,,
499,Gavin Stone,5.0,,80.0,,1.34,,4.66,,,,,,
500,George Klassen,6.0,,94.0,,1.39,,4.68,,,,,,
501,Gerson Garabito,3.0,,40.0,,1.38,,5.09,,,,,,
502,Gordon Graceffo,5.0,,77.0,,1.31,,4.37,,,,,,
503,Grant Kipp,5.0,,70.0,,1.47,,5.08,,,,,,
504,Grant Rogers,8.0,,77.0,,1.34,,4.78,,,,,,
505,Grant Taylor,3.0,,60.0,,1.19,,3.58,,,,,,
506,Griff McGarry,3.0,,77.0,,1.5,,4.68,,,,,,
507,Gunnar Hoglund,4.0,,51.0,,1.36,,5.0,,,,,,
508,Hagen Smith,3.0,,86.0,,1.38,,4.88,,,,,,
509,Hancel Rincon,5.0,,68.0,,1.37,,4.79,,,,,,
510,Hayden Mullins,4.0,,78.0,,1.47,,4.83,,,,,,
511,Hayden Wesneski,4.0,,71.0,,1.28,,4.42,,,,,,
512,Henry Baez,4.0,,74.0,,1.38,,4.47,,,,,,
513,Henry Williams,4.0,,67.0,,1.45,,5.23,,,,,,
514,Hogan Harris,4.0,,90.0,,1.39,,4.21,,,,,,
515,Houston Harding,2.0,,36.0,,1.57,,5.05,,,,,,
516,Hunter Gaddis,4.0,,80.0,,1.19,,3.65,,,,,,
517,Hunter Owen,4.0,,71.0,,1.4,,4.86,,,,,,
518,Hunter Parks,2.0,,41.0,,1.7,,6.28,,,,,,
519,Hunter Patteson,4.0,,64.0,,1.4,,5.04,,,,,,
520,Hyun-il Choi,5.0,,60.0,,1.39,,5.4,,,,,,
521,Ian Anderson,4.0,,51.0,,1.49,,4.57,,,,,,
522,Ian Bedell,2.0,,55.0,,1.42,,4.9,,,,,,
523,Ian Mejia,6.0,,83.0,,1.37,,4.61,,,,,,
524,Ike Buxton,3.0,,36.0,,1.6,,5.37,,,,,,
525,Isaac Coffey,4.0,,61.0,,1.41,,5.09,,,,,,
526,Ixan Henderson,6.0,,86.0,,1.41,,4.5,,,,,,
527,J.P. France,5.0,,69.0,,1.39,,4.17,,,,,,
528,JJ Goss,3.0,,36.0,,1.46,,5.1,,,,,,
529,JR Ritchie,6.0,,103.0,,1.32,,4.41,,,,,,
530,JT Brubaker,2.0,,51.0,,1.41,,4.36,,,,,,
531,Jack Choate,4.0,,77.0,,1.41,,4.76,,,,,,
532,Jack Cushing,5.0,,66.0,,1.33,,4.59,,,,,,
533,Jack Kochanowicz,6.0,,77.0,,1.44,,5.26,,,,,,
534,Jack Mahoney,4.0,,56.0,,1.57,,5.49,,,,,,
535,Jack O'Loughlin,3.0,,53.0,,1.51,,4.71,,,,,,
536,Jack Perkins,5.0,,88.0,,1.25,,3.89,,,,,,
537,Jack Wenninger,7.0,,95.0,,1.35,,4.7,,,,,,
538,Jackson Baumeister,2.0,,54.0,,1.45,,5.3,,,,,,
539,Jackson Ferris,7.0,,101.0,,1.45,,5.2,,,,,,
540,Jackson Jobe,3.0,,58.0,,1.47,,4.94,,,,,,
541,Jackson Kent,6.0,,87.0,,1.38,,5.01,,,,,,
542,Jackson Nezuh,5.0,,64.0,,1.42,,4.86,,,,,,
543,Jackson Rutledge,4.0,,74.0,,1.44,,4.92,,,,,,
544,Jackson Wolf,6.0,,92.0,,1.36,,4.77,,,,,,
545,Jacob Meador,3.0,,42.0,,1.62,,5.98,,,,,,
546,Jacob Miller,4.0,,74.0,,1.46,,4.79,,,,,,
547,Jacob Waguespack,3.0,,47.0,,1.37,,4.53,,,,,,
548,Jacob Watters,3.0,,36.0,,1.57,,5.59,,,,,,
549,Jaden Hamm,3.0,,65.0,,1.42,,5.07,,,,,,
550,Jagger Haynes,3.0,,76.0,,1.53,,5.17,,,,,,
551,Jairo Iriarte,3.0,,66.0,,1.51,,5.16,,,,,,
552,Jake Bennett,3.0,,46.0,,1.4,,4.68,,,,,,
553,Jake Bloss,4.0,,54.0,,1.46,,4.78,,,,,,
554,Jake Brooks,5.0,,58.0,,1.43,,5.12,,,,,,
555,Jake Eder,4.0,,65.0,,1.42,,4.92,,,,,,
556,Jake Palisch,4.0,,46.0,,1.42,,4.89,,,,,,
557,Jake Woodford,4.0,,67.0,,1.37,,4.7,,,,,,
558,James Gonzalez,4.0,,67.0,,1.44,,4.9,,,,,,
559,James Hicks,3.0,,50.0,,1.32,,4.36,,,,,,
560,Jared Karros,2.0,,35.0,,1.47,,5.82,,,,,,
561,Jared Kollar,5.0,,56.0,,1.5,,5.53,,,,,,
562,Jared Lyons,4.0,,53.0,,1.46,,5.29,,,,,,
563,Jared Shuster,4.0,,55.0,,1.41,,4.56,,,,,,
564,Jarlin Susana,4.0,,77.0,,1.46,,4.8,,,,,,
565,Jarod Bayless,3.0,,45.0,,1.29,,5.21,,,,,,
566,Jaron DeBerry,4.0,,77.0,,1.29,,4.6,,,,,,
567,Javier Assad,5.0,,82.0,,1.34,,4.06,,,,,,
568,Jaxon Wiggins,4.0,,63.0,,1.41,,4.48,,,,,,
569,Jaylen Nowlin,3.0,,58.0,,1.57,,5.29,,,,,,
570,Jean Cabrera,5.0,,84.0,,1.46,,5.2,,,,,,
571,Jedixson Paez,4.0,,62.0,,1.27,,4.44,,,,,,
572,Jeff Criswell,3.0,,70.0,,1.47,,4.66,,,,,,
573,Jerming Rosario,3.0,,66.0,,1.6,,5.71,,,,,,
574,Jesse Scholtens,3.0,,63.0,,1.36,,4.52,,,,,,
575,Jhancarlos Lara,4.0,,87.0,,1.43,,4.25,,,,,,
576,Jhonathan Díaz,7.0,,88.0,,1.29,,4.14,,,,,,
577,Jhony Brito,5.0,,54.0,,1.34,,4.33,,,,,,
578,Jimmy Endersby,3.0,,42.0,,1.45,,4.7,,,,,,
579,Joan Adon,3.0,,59.0,,1.52,,5.16,,,,,,
580,Joander Suarez,5.0,,72.0,,1.31,,4.56,,,,,,
581,Joe Miller,4.0,,58.0,,1.43,,5.24,,,,,,
582,Joe Rock,5.0,,85.0,,1.34,,4.3,,,,,,
583,Joe Whitman,6.0,,77.0,,1.42,,4.72,,,,,,
584,Joel Hurtado,4.0,,54.0,,1.55,,5.52,,,,,,
585,Joey Estes,5.0,,70.0,,1.32,,5.12,,,,,,
586,Joey Gerber,1.0,,40.0,,1.29,,4.43,,,,,,
587,Joey Lucchesi,4.0,,55.0,,1.4,,4.22,,,,,,
588,Joey Mancini,4.0,,62.0,,1.48,,5.19,,,,,,
589,Joey Wentz,5.0,,88.0,,1.41,,4.54,,,,,,
590,John Gant,3.0,,45.0,,1.53,,5.13,,,,,,
591,John Holobetz,5.0,,80.0,,1.33,,4.49,,,,,,
592,John Klein,6.0,,79.0,,1.37,,4.68,,,,,,
593,John Means,2.0,,24.0,,1.28,,4.5,,,,,,
594,John Michael Bertrand,7.0,,69.0,,1.47,,4.71,,,,,,
595,Jonah Tong,9.0,,132.0,,1.29,,4.07,,,,,,
596,Jonatan Bernal,4.0,,36.0,,1.45,,4.66,,,,,,
597,Jonathan Bowlan,4.0,,77.0,,1.33,,4.48,,,,,,
598,Jonathan Heasley,3.0,,52.0,,1.4,,4.95,,,,,,
599,Jonathan Pintaro,4.0,,71.0,,1.34,,4.1,,,,,,
600,Jonathan Santucci,6.0,,91.0,,1.35,,4.7,,,,,,
601,Jordan Balazovic,3.0,,52.0,,1.44,,4.64,,,,,,
602,Jordan Geber,3.0,,35.0,,1.45,,4.97,,,,,,
603,Jordan Hicks,4.0,,66.0,,1.44,,4.56,,,,,,
604,Jordan Wicks,5.0,,76.0,,1.27,,4.02,,,,,,
605,Jordany Ventura,3.0,,46.0,,1.57,,5.33,,,,,,
606,Jose Acuna,4.0,,56.0,,1.46,,5.63,,,,,,
607,Jose Cabrera,6.0,,76.0,,1.46,,4.82,,,,,,
608,Jose Corniell,3.0,,49.0,,1.24,,4.65,,,,,,
609,Jose Fleury,3.0,,66.0,,1.37,,4.54,,,,,,
610,Jose Franco,4.0,,76.0,,1.51,,5.48,,,,,,
611,Jose Gonzalez,5.0,,67.0,,1.37,,5.24,,,,,,
612,Joseph Montalvo,3.0,,43.0,,1.47,,5.29,,,,,,
613,Josh Hartle,6.0,,77.0,,1.35,,4.41,,,,,,
614,Josh Maciejewski,4.0,,52.0,,1.37,,4.5,,,,,,
615,Josh Stephan,5.0,,68.0,,1.32,,4.93,,,,,,
616,Josh Trentadue,2.0,,60.0,,1.4,,5.05,,,,,,
617,Josh Winckowski,5.0,,67.0,,1.31,,4.08,,,,,,
618,José De León,4.0,,62.0,,1.46,,4.83,,,,,,
619,José Suarez,4.0,,78.0,,1.32,,4.16,,,,,,
620,José Ureña,2.0,,48.0,,1.56,,5.22,,,,,,
621,Juan Mercedes,3.0,,49.0,,1.47,,5.16,,,,,,
622,Juan Nuñez,1.0,,39.0,,1.6,,5.74,,,,,,
623,Juaron Watts-Brown,5.0,,98.0,,1.4,,4.68,,,,,,
624,Julian Aguiar,3.0,,61.0,,1.39,,5.42,,,,,,
625,Junior Santos,4.0,,42.0,,1.58,,5.18,,,,,,
626,Jurrangelo Cijntje,5.0,,87.0,,1.37,,4.72,,,,,,
627,Justin Dunn,3.0,,39.0,,1.54,,5.5,,,,,,
628,Justin Hagenman,3.0,,74.0,,1.24,,4.46,,,,,,
629,Justin Jarvis,4.0,,56.0,,1.53,,5.66,,,,,,
630,Justin Wrobleski,6.0,,103.0,,1.28,,4.42,,,,,,
631,K.C. Hunt,7.0,,93.0,,1.29,,4.49,,,,,,
632,Kade Morris,8.0,,94.0,,1.35,,4.67,,,,,,
633,Kai-Wei Teng,4.0,,76.0,,1.39,,4.8,,,,,,
634,Karl Kauffmann,3.0,,56.0,,1.63,,5.38,,,,,,
635,Karson Milbrandt,3.0,,75.0,,1.52,,5.0,,,,,,
636,Keaton Winn,4.0,,56.0,,1.3,,4.12,,,,,,
637,Ken Waldichuk,4.0,,73.0,,1.43,,4.84,,,,,,
638,Kendry Rojas,4.0,,76.0,,1.39,,4.36,,,,,,
639,Kenny Serwa,5.0,,51.0,,1.52,,5.46,,,,,,
640,Kenta Maeda,5.0,,76.0,,1.41,,5.09,,,,,,
641,Kevin Abel,4.0,,73.0,,1.59,,6.01,,,,,,
642,Khal Stephen,5.0,,73.0,,1.3,,4.41,,,,,,
643,Kolby Allard,3.0,,66.0,,1.34,,4.1,,,,,,
644,Konner Eaton,5.0,,98.0,,1.42,,4.98,,,,,,
645,Konnor Pilkington,3.0,,68.0,,1.49,,4.82,,,,,,
646,Ky Bush,3.0,,50.0,,1.54,,5.1,,,,,,
647,Kyle Brnovich,3.0,,62.0,,1.48,,5.27,,,,,,
648,Kyle Carr,5.0,,72.0,,1.51,,5.33,,,,,,
649,Kyle Funkhouser,2.0,,47.0,,1.48,,5.11,,,,,,
650,Kyle Gibson,6.0,,102.0,,1.46,,4.88,,,,,,
651,Kyle Hendricks,5.0,,85.0,,1.41,,5.16,,,,,,
652,Kyle Hurt,4.0,,70.0,,1.44,,4.77,,,,,,
653,Kyle Luckham,5.0,,64.0,,1.43,,5.05,,,,,,
654,Kyle Robinson,6.0,,63.0,,1.51,,5.15,,,,,,
655,Kyle Tyler,4.0,,63.0,,1.49,,4.94,,,,,,
656,Kyle Virbitsky,3.0,,47.0,,1.41,,4.82,,,,,,
657,Kyle Wright,5.0,,63.0,,1.34,,4.52,,,,,,
658,Lael Lockhart,5.0,,77.0,,1.5,,4.92,,,,,,
659,Landon Harper,5.0,,65.0,,1.31,,4.64,,,,,,
660,Landon Knack,6.0,,105.0,,1.39,,5.16,,,,,,
661,Lazaro Estrada,4.0,,76.0,,1.32,,4.67,,,,,,
662,Leandro Lopez,3.0,,81.0,,1.37,,4.55,,,,,,
663,Levi Stoudt,4.0,,44.0,,1.53,,5.43,,,,,,
664,Levi Wells,3.0,,67.0,,1.41,,4.82,,,,,,
665,Logan Clayton,3.0,,32.0,,1.61,,5.34,,,,,,
666,Logan Gillaspie,2.0,,42.0,,1.39,,4.63,,,,,,
667,Logan Workman,6.0,,95.0,,1.32,,4.73,,,,,,
668,Louis Varland,7.0,,104.0,,1.19,,3.64,,,,,,
669,Lucas Braun,6.0,,110.0,,1.28,,4.29,,,,,,
670,Lucas Gordon,5.0,,73.0,,1.51,,5.15,,,,,,
671,Luinder Avila,4.0,,69.0,,1.39,,4.46,,,,,,
672,Luis Angel Rodriguez,2.0,,35.0,,1.62,,5.4,,,,,,
673,Luis De León,4.0,,72.0,,1.46,,4.76,,,,,,
674,Luis Garcia,5.0,,72.0,,1.17,,3.84,,,,,,
675,Luis Moreno,5.0,,64.0,,1.51,,5.08,,,,,,
676,Luis Ortiz,7.0,,102.0,,1.31,,3.98,,,,,,
677,Luis Palacios,5.0,,55.0,,1.41,,4.8,,,,,,
678,Luis Patiño,1.0,,28.0,,1.43,,4.79,,,,,,
679,Luis Perales,3.0,,56.0,,1.41,,4.39,,,,,,
680,Luis Vargas,3.0,,56.0,,1.5,,5.11,,,,,,
681,Luke Albright,3.0,,53.0,,1.59,,4.8,,,,,,
682,Luke Fox,3.0,,67.0,,1.53,,5.79,,,,,,
683,Luke Russo,3.0,,49.0,,1.46,,5.19,,,,,,
684,Luke Young,2.0,,39.0,,1.53,,5.89,,,,,,
685,Lyon Richardson,3.0,,64.0,,1.45,,4.86,,,,,,
686,Manuel Mercedes,5.0,,42.0,,1.63,,5.59,,,,,,
687,Manuel Urias,4.0,,59.0,,1.46,,5.1,,,,,,
688,Marcelo Perez,4.0,,46.0,,1.39,,5.04,,,,,,
689,Marco Raya,4.0,,78.0,,1.48,,4.88,,,,,,
690,Mason Albright,4.0,,60.0,,1.54,,5.9,,,,,,
691,Mason Barnett,5.0,,110.0,,1.4,,4.7,,,,,,
692,Mason Black,5.0,,87.0,,1.44,,5.0,,,,,,
693,Mason Erla,2.0,,28.0,,1.5,,5.17,,,,,,
694,Mason Green,4.0,,55.0,,1.65,,5.42,,,,,,
695,Mason Montgomery,3.0,,88.0,,1.3,,3.84,,,,,,
696,Matt Manning,3.0,,58.0,,1.5,,5.22,,,,,,
697,Matt Sauer,5.0,,76.0,,1.37,,5.03,,,,,,
698,Max Alba,2.0,,55.0,,1.38,,5.04,,,,,,
699,Max Rajcic,5.0,,76.0,,1.41,,5.0,,,,,,
700,Michael Arias,3.0,,44.0,,1.56,,5.25,,,,,,
701,Michael Cuevas,4.0,,44.0,,1.6,,5.38,,,,,,
702,Michael Dominguez,2.0,,53.0,,1.56,,5.31,,,,,,
703,Michael Forret,4.0,,78.0,,1.33,,4.52,,,,,,
704,Michael Grove,3.0,,55.0,,1.32,,4.68,,,,,,
705,Michael Kopech,6.0,,90.0,,1.36,,4.43,,,,,,
706,Michael Mariot,4.0,,47.0,,1.45,,5.19,,,,,,
707,Michael Mercado,3.0,,54.0,,1.49,,5.31,,,,,,
708,Michael Morales,5.0,,65.0,,1.4,,4.97,,,,,,
709,Michael Plassmeyer,5.0,,71.0,,1.3,,4.75,,,,,,
710,Michael Prosecky,5.0,,76.0,,1.57,,5.65,,,,,,
711,Miguel Cienfuegos,4.0,,49.0,,1.48,,4.95,,,,,,
712,Miguel Mendez,5.0,,65.0,,1.49,,5.42,,,,,,
713,Miguel Ullola,6.0,,104.0,,1.46,,4.49,,,,,,
714,Mike Clevinger,4.0,,72.0,,1.44,,4.96,,,,,,
715,Mike Vasil,5.0,,86.0,,1.36,,4.23,,,,,,
716,Misael Tamarez,3.0,,60.0,,1.48,,5.04,,,,,,
717,Mitch Bratt,6.0,,99.0,,1.23,,3.88,,,,,,
718,Mitch Myers,4.0,,52.0,,1.37,,4.79,,,,,,
719,Mitch Neunborn,4.0,,56.0,,1.49,,5.45,,,,,,
720,Mitch Spence,5.0,,93.0,,1.33,,4.49,,,,,,
721,Moisés Chace,3.0,,65.0,,1.47,,4.86,,,,,,
722,Morgan McSweeney,2.0,,32.0,,1.52,,4.93,,,,,,
723,Nabil Crismatt,4.0,,68.0,,1.32,,4.89,,,,,,
724,Nate Peterson,4.0,,48.0,,1.59,,5.88,,,,,,
725,Nathan Wiles,6.0,,73.0,,1.3,,4.3,,,,,,
726,Nestor Cortes,6.0,,94.0,,1.24,,4.19,,,,,,
727,Nestor German,5.0,,89.0,,1.33,,4.73,,,,,,
728,Nic Swanson,3.0,,53.0,,1.53,,5.06,,,,,,
729,Nick Dean,4.0,,53.0,,1.32,,4.52,,,,,,
730,Nick Dombkowski,4.0,,55.0,,1.4,,4.52,,,,,,
731,Nick Frasso,3.0,,60.0,,1.42,,5.01,,,,,,
732,Nick Fraze,2.0,,41.0,,1.41,,4.98,,,,,,
733,Nick Garcia,3.0,,42.0,,1.52,,5.16,,,,,,
734,Nick Krauth,3.0,,39.0,,1.47,,5.71,,,,,,
735,Nick Margevicius,3.0,,43.0,,1.33,,4.31,,,,,,
736,Nick Nastrini,4.0,,69.0,,1.61,,5.81,,,,,,
737,Nick Sinacola,3.0,,47.0,,1.44,,4.84,,,,,,
738,Nick Zwack,3.0,,46.0,,1.43,,4.79,,,,,,
739,Nico Tellache,4.0,,53.0,,1.38,,4.6,,,,,,
740,Noah Davis,3.0,,65.0,,1.42,,4.79,,,,,,
741,Noah Schultz,4.0,,77.0,,1.43,,4.79,,,,,,
742,Omar Cruz,4.0,,73.0,,1.47,,4.75,,,,,,
743,Orlando Ortiz-Mayr,4.0,,59.0,,1.61,,5.48,,,,,,
744,Osvaldo Bido,4.0,,81.0,,1.42,,4.75,,,,,,
745,Owen White,3.0,,57.0,,1.52,,5.22,,,,,,
746,Owen Wild,5.0,,71.0,,1.4,,5.23,,,,,,
747,Pat Gallagher,4.0,,54.0,,1.38,,4.63,,,,,,
748,Patrick Copen,4.0,,90.0,,1.6,,5.49,,,,,,
749,Patrick Monteverde,5.0,,69.0,,1.4,,4.5,,,,,,
750,Paul Blackburn,4.0,,64.0,,1.4,,4.96,,,,,,
751,Paxton Schultz,4.0,,69.0,,1.4,,4.44,,,,,,
752,Payton Tolle,5.0,,106.0,,1.23,,4.15,,,,,,
753,Pedro Avila,5.0,,67.0,,1.4,,4.21,,,,,,
754,Pete Hansen,5.0,,83.0,,1.39,,4.69,,,,,,
755,Peter Heubeck,3.0,,63.0,,1.53,,5.5,,,,,,
756,Peter Solomon,4.0,,55.0,,1.46,,4.84,,,,,,
757,Peter Van Loon,4.0,,46.0,,1.42,,4.81,,,,,,
758,Peyton Pallette,3.0,,64.0,,1.34,,4.41,,,,,,
759,Pierson Ohl,6.0,,78.0,,1.23,,4.1,,,,,,
760,Po-Yu Chen,6.0,,71.0,,1.47,,4.89,,,,,,
761,Prelander Berroa,2.0,,57.0,,1.52,,4.67,,,,,,
762,R.J. Gordon,6.0,,95.0,,1.36,,4.85,,,,,,
763,Rafael Sanchez,4.0,,55.0,,1.44,,5.02,,,,,,
764,Randy Dobnak,5.0,,72.0,,1.38,,4.24,,,,,,
765,Randy Wynne,2.0,,34.0,,1.43,,5.57,,,,,,
766,Raúl Alcantara,5.0,,68.0,,1.41,,4.59,,,,,,
767,Reese Olson,6.0,,101.0,,1.23,,3.87,,,,,,
768,Reggie Crawford,0.0,,19.0,,1.47,,5.21,,,,,,
769,Reid VanScoter,5.0,,58.0,,1.4,,4.72,,,,,,
770,Reiss Knehr,2.0,,47.0,,1.4,,4.74,,,,,,
771,Rhett Kouba,3.0,,49.0,,1.53,,4.94,,,,,,
772,Rich Hill,4.0,,66.0,,1.5,,5.4,,,,,,
773,Ricky Castro,3.0,,60.0,,1.39,,4.76,,,,,,
774,Ricky Tiedemann,2.0,,42.0,,1.42,,4.68,,,,,,
775,Ricky Vanasco,3.0,,43.0,,1.45,,4.5,,,,,,
776,Riley Cornelio,5.0,,78.0,,1.53,,5.19,,,,,,
777,Riley Gowens,4.0,,98.0,,1.38,,4.9,,,,,,
778,Roansy Contreras,3.0,,65.0,,1.42,,4.99,,,,,,
779,Robert Dugger,3.0,,57.0,,1.49,,5.29,,,,,,
780,Robert Stock,3.0,,64.0,,1.44,,4.86,,,,,,
781,Robinson Piña,5.0,,63.0,,1.35,,4.5,,,,,,
782,Roddery Muñoz,4.0,,89.0,,1.39,,4.66,,,,,,
783,Rodney Boone,4.0,,55.0,,1.37,,4.44,,,,,,
784,Roel Garcia III,3.0,,40.0,,1.4,,5.12,,,,,,
785,Roman Angelo,5.0,,85.0,,1.53,,4.94,,,,,,
786,Ronel Blanco,7.0,,105.0,,1.33,,4.2,,,,,,
787,Roque Gutierrez,3.0,,67.0,,1.45,,5.4,,,,,,
788,Rorik Maltrud,4.0,,55.0,,1.46,,4.65,,,,,,
789,Ross Carver,2.0,,49.0,,1.48,,5.02,,,,,,
790,Ryan Cardona,3.0,,54.0,,1.66,,6.38,,,,,,
791,Ryan Costeiu,4.0,,73.0,,1.48,,5.53,,,,,,
792,Ryan Cusick,2.0,,46.0,,1.58,,5.56,,,,,,
793,Ryan Gallagher,5.0,,83.0,,1.38,,5.11,,,,,,
794,Ryan Garcia,3.0,,56.0,,1.55,,5.67,,,,,,
795,Ryan Gusto,6.0,,86.0,,1.4,,4.56,,,,,,
796,Ryan Johnson,4.0,,64.0,,1.33,,4.24,,,,,,
797,Ryan Long,3.0,,47.0,,1.49,,5.72,,,,,,
798,Ryan Murphy,2.0,,34.0,,1.48,,5.09,,,,,,
799,Ryan Ramsey,5.0,,71.0,,1.48,,5.15,,,,,,
800,Ryan Watson,4.0,,43.0,,1.41,,5.33,,,,,,
801,Ryan Webb,5.0,,88.0,,1.45,,4.54,,,,,,
802,Ryan Yarbrough,3.0,,57.0,,1.26,,4.58,,,,,,
803,Sam Armstrong,5.0,,66.0,,1.45,,5.23,,,,,,
804,Sam Benschoter,4.0,,61.0,,1.44,,5.6,,,,,,
805,Sam Whiting,2.0,,35.0,,1.63,,5.92,,,,,,
806,Santiago Suarez,4.0,,59.0,,1.32,,4.94,,,,,,
807,Sauryn Lao,3.0,,62.0,,1.32,,4.42,,,,,,
808,Sawyer Gipson-Long,3.0,,63.0,,1.26,,4.34,,,,,,
809,Scott Blewett,3.0,,47.0,,1.4,,4.38,,,,,,
810,Sean Boyle,7.0,,88.0,,1.32,,4.57,,,,,,
811,Sean Hunley,3.0,,38.0,,1.39,,5.05,,,,,,
812,Sem Robberse,4.0,,66.0,,1.37,,4.48,,,,,,
813,Seth Johnson,5.0,,63.0,,1.49,,5.04,,,,,,
814,Seth Lonsway,6.0,,70.0,,1.57,,4.82,,,,,,
815,Seth Shuman,4.0,,58.0,,1.31,,4.71,,,,,,
816,Shane Drohan,5.0,,63.0,,1.42,,4.62,,,,,,
817,Shane Murphy,4.0,,68.0,,1.33,,4.85,,,,,,
818,Shane Panzini,4.0,,67.0,,1.53,,5.13,,,,,,
819,Shane Rademacher,4.0,,50.0,,1.45,,5.31,,,,,,
820,Shaun Anderson,4.0,,70.0,,1.45,,5.29,,,,,,
821,Shinnosuke Ogasawara,2.0,,50.0,,1.4,,5.04,,,,,,
822,Spencer Giesting,8.0,,102.0,,1.41,,4.43,,,,,,
823,Steven Zobac,4.0,,55.0,,1.34,,4.88,,,,,,
824,T.J. Nichols,6.0,,86.0,,1.29,,4.68,,,,,,
825,T.J. Sikkema,4.0,,48.0,,1.4,,4.92,,,,,,
826,TJ Shook,4.0,,52.0,,1.46,,5.07,,,,,,
827,Tanner Houck,6.0,,79.0,,1.31,,4.29,,,,,,
828,Tanner McDougal,3.0,,88.0,,1.47,,4.94,,,,,,
829,Tate Kuehner,6.0,,90.0,,1.45,,4.5,,,,,,
830,Tekoah Roby,5.0,,68.0,,1.26,,4.2,,,,,,
831,Thaddeus Ward,5.0,,86.0,,1.52,,4.74,,,,,,
832,Thomas Farr,3.0,,40.0,,1.54,,6.33,,,,,,
833,Thomas Harrington,6.0,,79.0,,1.35,,4.54,,,,,,
834,Thomas Hatch,6.0,,72.0,,1.41,,4.24,,,,,,
835,Tink Hence,3.0,,63.0,,1.37,,4.32,,,,,,
836,Tobias Myers,6.0,,89.0,,1.34,,4.38,,,,,,
837,Tommy Henry,5.0,,74.0,,1.4,,4.55,,,,,,
838,Tommy Mace,5.0,,61.0,,1.64,,5.31,,,,,,
839,Tommy Romero,3.0,,48.0,,1.51,,5.29,,,,,,
840,Tommy Vail,3.0,,62.0,,1.53,,5.05,,,,,,
841,Tony Gonsolin,4.0,,64.0,,1.24,,4.9,,,,,,
842,Touki Toussaint,2.0,,63.0,,1.52,,5.14,,,,,,
843,Trace Bright,4.0,,66.0,,1.57,,5.31,,,,,,
844,Travis Adams,6.0,,75.0,,1.38,,4.55,,,,,,
845,Trent Baker,4.0,,66.0,,1.43,,4.81,,,,,,
846,Trent Sellers,3.0,,74.0,,1.45,,4.98,,,,,,
847,Trenton Denholm,7.0,,75.0,,1.35,,4.43,,,,,,
848,Trenton Wallace,2.0,,66.0,,1.41,,4.48,,,,,,
849,Trevor Martin,4.0,,62.0,,1.39,,4.91,,,,,,
850,Trevor Williams,3.0,,51.0,,1.45,,4.93,,,,,,
851,Trey Dombroski,7.0,,83.0,,1.4,,4.68,,,,,,
852,Trey Gibson,5.0,,98.0,,1.31,,4.53,,,,,,
853,Trey Supak,5.0,,75.0,,1.32,,5.12,,,,,,
854,Triston McKenzie,4.0,,81.0,,1.49,,5.1,,,,,,
855,Troy Watson,4.0,,58.0,,1.48,,4.97,,,,,,
856,Trystan Vrieling,4.0,,65.0,,1.39,,4.72,,,,,,
857,Tucker Davidson,5.0,,64.0,,1.41,,4.77,,,,,,
858,Ty Blach,3.0,,47.0,,1.38,,5.21,,,,,,
859,Ty Cummings,4.0,,67.0,,1.42,,4.93,,,,,,
860,Ty Johnson,6.0,,94.0,,1.24,,4.21,,,,,,
861,Ty Madden,3.0,,73.0,,1.44,,4.71,,,,,,
862,Tyler Alexander,6.0,,78.0,,1.27,,4.85,,,,,,
863,Tyler Cleveland,3.0,,48.0,,1.33,,4.95,,,,,,
864,Tyler Holton,5.0,,63.0,,1.11,,3.59,,,,,,
865,Tyler Ivey,5.0,,72.0,,1.55,,5.11,,,,,,
866,Tyler Phillips,4.0,,71.0,,1.38,,4.32,,,,,,
867,Tyler Schlaffer,3.0,,60.0,,1.48,,5.17,,,,,,
868,Tyler Schweitzer,4.0,,68.0,,1.44,,4.95,,,,,,
869,Tyler Stuart,4.0,,60.0,,1.41,,4.5,,,,,,
870,Tyler Uberstine,5.0,,88.0,,1.35,,4.38,,,,,,
871,Tylor Megill,6.0,,105.0,,1.33,,4.22,,,,,,
872,Tyson Guerrero,4.0,,67.0,,1.43,,5.0,,,,,,
873,Tyson Hardin,5.0,,72.0,,1.27,,4.45,,,,,,
874,Valente Bellozo,3.0,,70.0,,1.39,,4.68,,,,,,
875,Victor Juarez,4.0,,53.0,,1.43,,5.06,,,,,,
876,Victor Lizarraga,5.0,,68.0,,1.56,,5.54,,,,,,
877,Victor Mederos,5.0,,77.0,,1.47,,5.12,,,,,,
878,Vince Velasquez,3.0,,60.0,,1.43,,4.48,,,,,,
879,Walbert Urena,5.0,,85.0,,1.56,,5.4,,,,,,
880,Walker Powell,3.0,,37.0,,1.32,,4.6,,,,,,
881,Wes Benjamin,6.0,,82.0,,1.43,,4.57,,,,,,
882,Wikelman González,2.0,,64.0,,1.59,,5.35,,,,,,
883,Wil Crowe,3.0,,31.0,,1.56,,5.15,,,,,,
884,Wil Jensen,4.0,,60.0,,1.36,,4.43,,,,,,
885,Wilber Dotel,6.0,,86.0,,1.4,,4.61,,,,,,
886,Wilkel Hernandez,4.0,,64.0,,1.47,,5.21,,,,,,
887,Will Dion,5.0,,79.0,,1.34,,4.15,,,,,,
888,Will Johnston,4.0,,69.0,,1.41,,4.52,,,,,,
889,Will Sanders,6.0,,90.0,,1.32,,4.57,,,,,,
890,Will Schomberg,4.0,,75.0,,1.45,,4.99,,,,,,
891,Will Watson,5.0,,90.0,,1.45,,4.98,,,,,,
892,William Fleming,3.0,,46.0,,1.45,,5.14,,,,,,
893,Winston Santos,5.0,,65.0,,1.3,,4.95,,,,,,
894,Wyatt Crowell,4.0,,74.0,,1.44,,5.22,,,,,,
895,Xzavion Curry,4.0,,52.0,,1.49,,5.17,,,,,,
896,Yariel Rodríguez,3.0,,71.0,,1.34,,4.26,,,,,,
897,Yilber Díaz,5.0,,81.0,,1.42,,4.16,,,,,,
898,Yoendrys Gómez,5.0,,92.0,,1.32,,4.44,,,,,,
899,Yoniel Curet,4.0,,70.0,,1.47,,5.59,,,,,,
900,Yordanny Monegro,4.0,,69.0,,1.32,,4.28,,,,,,
901,Yorman Gómez,6.0,,89.0,,1.39,,4.4,,,,,,
902,Yu Darvish,6.0,,80.0,,1.28,,4.5,,,,,,
903,Yu-Min Lin,5.0,,77.0,,1.46,,4.5,,,,,,
904,Yunior Tur,4.0,,79.0,,1.49,,5.16,,,,,,
905,Zach Fruit,2.0,,46.0,,1.57,,5.29,,,,,,
906,Zach Messinger,4.0,,68.0,,1.45,,5.34,,,,,,
907,Zach Penrod,2.0,,37.0,,1.49,,4.47,,,,,,
908,Zach Plesac,4.0,,46.0,,1.51,,5.26,,,,,,
909,Zach Thompson,4.0,,45.0,,1.47,,4.82,,,,,,
910,Zach Thornton,4.0,,53.0,,1.33,,4.65,,,,,,
911,Zach Willeman,2.0,,24.0,,1.63,,5.59,,,,,,
912,Zack Thompson,4.0,,71.0,,1.45,,4.56,,,,,,
913,Zak Kent,2.0,,54.0,,1.35,,4.36,,,,,,
914,Zane Mills,5.0,,52.0,,1.36,,4.7,,,,,,
