#	Name	Team	G	PA	AB	H	2B	3B	HR	R	RBI	BB	SO	HBP	SB	CS	AVG	OBP	SLG	OPS	wOBA	wRC+	BsR	Fld	Off	Def	WAR	ADP	Vol	Skew	Dim
1	Aaron Judge	NYY	145	638	512	149	25	1	47	107	113	114	157	6	9	3	.291	.422	.617	1.039	.433	182	-1.5	0.8	60.5	-6.2	7.8	2.0	3.78	-0.57	3.01
2	Bobby Witt Jr.	KCR	151	660	598	174	37	6	28	100	92	48	113	7	34	9	.291	.347	.513	.860	.364	135	3.3	5.0	30.5	12.0	6.6	2.8	2.95	-0.22	4.06
3	Shohei Ohtani	LAD	148	660	559	158	27	5	46	122	109	92	159	5	24	7	.283	.386	.599	.986	.411	167	1.2	0.0	53.5	-14.0	6.3	1.3	3.36	0.49	3.72
4	Juan Soto	NYM	154	675	542	148	25	1	38	108	99	124	121	4	21	5	.273	.409	.535	.945	.402	161	-0.2	-6.5	48.3	-13.9	5.9	4.3	1.32	0.40	4.05
5	Gunnar Henderson	BAL	153	658	580	156	33	4	26	96	84	67	140	6	24	5	.270	.349	.476	.825	.354	130	2.2	-0.4	25.5	6.6	5.6	13.1	1.94	0.06	4.47
6	Julio Rodríguez	SEA	151	659	599	162	28	3	30	93	91	47	145	9	28	6	.271	.332	.476	.807	.345	129	1.8	4.6	24.3	6.8	5.5	11.0	2.80	0.97	4.64
7	Cal Raleigh	SEA	151	626	540	124	23	0	40	85	102	76	169	6	8	2	.229	.328	.493	.820	.347	130	-1.6	3.3	20.6	10.0	5.3	18.4	2.51	-1.13	2.62
8	José Ramírez	CLE	151	650	575	157	33	3	28	92	89	64	74	4	33	8	.273	.347	.485	.832	.352	128	2.1	0.5	23.8	0.7	4.8	6.0	2.09	0.22	4.24
9	Fernando Tatis Jr.	SDP	148	648	567	153	28	2	28	99	79	71	128	6	26	6	.269	.355	.478	.833	.359	131	2.1	5.6	25.8	-1.5	4.7	15.5	2.93	0.31	4.30
10	Ketel Marte	ARI	141	616	536	148	30	2	28	89	87	68	100	7	5	2	.275	.361	.499	.859	.367	136	-0.7	0.2	25.5	0.3	4.7	32.3	3.36	-0.10	3.81
11	Francisco Lindor	NYM	144	633	560	145	28	1	25	93	78	56	116	11	23	5	.259	.336	.450	.785	.340	118	0.9	2.9	14.5	9.1	4.6	20.0	3.77	-0.82	4.27
12	Ronald Acuña Jr.	ATL	142	623	528	147	25	2	28	105	77	85	133	7	24	7	.279	.384	.491	.875	.378	144	2.2	-3.1	34.7	-10.5	4.6	7.3	3.83	-0.07	4.03
13	Kyle Tucker	LAD	143	619	527	142	28	2	30	94	89	84	92	3	23	5	.269	.370	.498	.869	.371	140	1.1	0.1	30.3	-6.6	4.6	14.8	1.83	-0.41	4.65
14	Corbin Carroll	ARI	145	632	550	141	28	10	27	101	81	67	134	8	33	7	.257	.343	.491	.835	.356	129	4.9	3.1	26.4	-3.3	4.5	9.5	1.22	0.87	3.68
15	Vladimir Guerrero Jr.	TOR	154	666	579	171	32	0	29	94	96	75	91	6	5	2	.294	.379	.501	.880	.376	144	-1.3	-1.0	33.2	-13.0	4.4	18.1	2.83	-0.26	3.20
16	Corey Seager	TEX	124	529	461	126	24	0	27	70	76	60	98	4	2	1	.273	.359	.498	.857	.363	136	-1.5	0.3	21.0	3.7	4.4	100.3	3.35	0.05	3.88
17	William Contreras	MIL	145	603	526	140	27	1	19	76	77	69	116	4	6	2	.266	.353	.431	.784	.341	120	-1.2	1.7	13.1	8.9	4.3	52.3	1.82	0.58	4.23
18	Will Smith	LAD	124	501	429	112	21	1	20	69	69	58	98	8	2	1	.262	.356	.457	.814	.352	126	-1.5	1.8	14.0	10.8	4.3	104.7	2.87	-0.18	4.28
19	Mookie Betts	LAD	142	622	546	146	30	2	22	89	80	66	72	4	9	2	.268	.349	.451	.800	.346	122	-0.6	-1.9	15.9	4.7	4.3	57.1	2.75	-0.91	4.14
20	Trea Turner	PHI	143	625	575	162	29	4	18	90	71	40	113	5	28	5	.283	.333	.440	.773	.335	113	3.7	0.6	13.5	7.2	4.2	28.9	2.36	-1.58	3.61
21	Junior Caminero	TBR	148	631	580	157	26	1	37	84	103	43	122	4	6	2	.271	.323	.509	.833	.354	128	-0.5	-2.6	20.2	-0.9	4.2	16.1	3.50	0.44	3.39
22	Zach Neto	LAA	147	633	566	142	30	1	27	86	75	44	155	16	27	8	.251	.322	.450	.772	.333	112	1.6	0.4	10.9	7.2	4.1	27.4	1.62	0.66	4.03
23	Elly De La Cruz	CIN	148	637	569	147	30	5	23	92	77	61	171	3	40	10	.258	.332	.450	.782	.336	111	4.1	-0.6	12.1	6.0	4.0	8.9	2.63	0.49	3.30
24	Geraldo Perdomo	ARI	151	648	549	144	28	4	13	89	65	76	87	8	21	5	.262	.356	.395	.751	.332	112	1.0	0.2	10.1	7.2	4.0	82.1	2.68	0.39	3.74
25	Yordan Alvarez	HOU	128	551	468	136	27	1	29	77	84	69	93	7	3	1	.291	.385	.538	.923	.388	153	-1.5	-1.9	32.6	-13.6	3.9	36.0	4.25	0.14	3.51
26	Jeremy Peña	HOU	146	631	577	157	29	2	18	82	69	37	113	11	18	4	.273	.327	.422	.749	.326	109	1.2	0.7	8.2	7.4	3.8	96.6	2.52	-0.65	4.09
27	Jackson Merrill	SDP	143	607	556	150	31	4	22	77	81	40	119	4	8	3	.269	.319	.458	.778	.333	113	0.6	4.3	10.2	6.3	3.8	69.4	1.91	0.15	4.24
28	Pete Crow-Armstrong	CHC	148	619	562	138	28	5	23	84	79	35	150	8	34	8	.246	.297	.436	.733	.314	100	3.0	9.0	3.2	11.3	3.6	29.5	2.58	0.33	3.51
29	Wyatt Langford	TEX	143	613	532	133	28	2	24	84	74	72	144	5	23	5	.250	.343	.447	.790	.342	122	1.3	1.4	16.9	-3.0	3.6	41.8	3.28	0.85	4.23
30	Shea Langeliers	ATH	128	526	478	121	25	1	29	70	76	39	119	4	6	1	.253	.312	.493	.805	.343	120	-0.4	-2.6	12.1	4.6	3.5	54.8	1.67	-0.44	4.05
31	Alex Bregman	CHC	149	641	563	142	28	1	23	80	79	66	90	8	2	1	.253	.337	.426	.764	.333	113	-1.6	1.3	8.5	3.6	3.5	120.3	1.90	-0.57	4.02
32	Bryce Harper	PHI	140	606	522	142	32	1	26	83	84	74	129	5	9	3	.272	.365	.486	.851	.364	133	-0.2	0.8	23.6	-10.1	3.4	51.0	1.91	1.83	4.24
33	Alejandro Kirk	TOR	122	484	428	114	19	0	15	52	63	47	60	4	1	0	.267	.341	.421	.763	.332	114	-2.1	1.9	5.7	10.5	3.4	161.9	2.19	-0.41	3.91
34	Matt Chapman	SFG	145	613	532	126	28	2	23	81	74	70	151	7	9	3	.238	.332	.429	.761	.332	113	-0.5	1.3	8.5	3.6	3.4	169.9	2.44	0.93	4.04
35	Willy Adames	SFG	152	649	570	132	26	1	27	84	84	70	165	4	11	3	.231	.316	.422	.738	.320	105	-0.2	-0.3	3.5	6.7	3.3	136.1	3.01	-0.17	3.53
36	Maikel Garcia	KCR	150	640	577	155	32	4	12	83	65	53	95	2	26	7	.268	.329	.400	.729	.319	104	1.9	3.5	4.5	5.9	3.3	70.0	2.58	0.82	3.55
37	Gabriel Moreno	ARI	112	441	392	108	20	1	11	53	54	41	76	3	4	2	.275	.347	.414	.761	.332	112	-0.4	3.7	5.9	11.5	3.3	181.0	1.13	-0.89	3.73
38	Nick Kurtz	ATH	142	577	514	135	26	2	38	94	95	54	177	4	3	1	.262	.335	.540	.875	.369	138	-0.6	-2.7	25.4	-13.9	3.2	17.7	3.30	-0.43	3.24
39	Adley Rutschman	BAL	139	564	495	123	25	1	17	65	64	61	90	3	1	0	.249	.332	.406	.738	.323	108	-1.2	1.2	4.2	6.9	3.1	156.5	2.72	0.97	4.47
40	Byron Buxton	MIN	121	520	467	116	25	4	27	78	72	40	141	8	15	2	.249	.317	.493	.810	.344	121	2.0	-1.9	14.7	-2.2	3.1	71.0	2.67	-4.44	4.40
41	Dansby Swanson	CHC	153	628	568	137	25	2	22	78	75	53	159	3	16	4	.241	.307	.407	.714	.310	98	1.1	2.4	-0.4	9.5	3.1	157.2	3.48	0.62	4.23
42	Bo Bichette	NYM	139	608	562	160	30	2	17	75	77	38	99	3	5	2	.285	.333	.436	.769	.333	113	-0.6	0.3	9.0	0.7	3.1	102.0	2.25	0.71	3.53
43	Jacob Wilson	ATH	136	565	522	153	29	1	10	70	63	31	50	7	6	2	.293	.339	.414	.753	.329	110	-0.6	-1.7	6.3	4.5	3.1	189.2	2.31	-0.12	3.05
44	Austin Riley	ATL	146	626	568	146	29	2	28	81	85	46	163	7	2	1	.258	.319	.462	.781	.336	115	-0.9	-3.0	10.2	-1.2	3.1	73.5	2.94	1.24	3.81
45	Freddie Freeman	LAD	143	618	540	150	33	2	22	84	84	65	115	8	8	2	.278	.361	.469	.830	.355	129	-1.2	0.1	19.9	-11.0	3.1	72.2	2.76	0.04	3.94
46	Jordan Westburg	BAL	133	565	519	135	27	3	23	77	72	36	127	7	5	2	.261	.317	.455	.772	.333	115	-0.4	-0.9	9.7	0.6	3.0	127.5	2.54	0.86	4.34
47	Jazz Chisholm Jr.	NYY	141	589	523	125	19	2	28	80	77	57	157	5	33	8	.238	.317	.445	.762	.328	110	2.4	-1.7	9.6	0.1	3.0	21.8	1.87	-0.81	3.38
48	Rafael Devers	SFG	151	656	562	143	28	1	31	88	92	83	161	6	2	1	.254	.353	.472	.825	.352	127	-1.5	0.7	19.2	-12.0	3.0	56.3	1.70	-0.52	3.46
49	Yainer Diaz	HOU	134	529	499	134	24	1	20	59	69	23	91	3	1	0	.269	.302	.444	.746	.319	105	-0.6	-0.8	2.6	7.7	2.9	112.2	1.57	-0.17	3.89
50	Riley Greene	DET	148	629	565	145	27	3	28	82	89	56	176	5	4	1	.257	.327	.463	.790	.339	118	-0.8	1.6	12.6	-5.8	2.9	80.7	2.78	-1.07	3.81
51	Roman Anthony	BOS	139	599	516	137	30	2	18	84	66	73	151	5	11	3	.265	.360	.439	.799	.349	121	-0.1	1.2	14.5	-6.7	2.9	54.3	2.82	-0.19	4.25
52	Kyle Schwarber	PHI	150	657	549	126	20	1	42	98	104	97	185	7	6	2	.230	.351	.497	.848	.363	133	-1.9	-1.3	23.5	-17.3	2.9	25.0	1.91	-0.14	2.37
53	Brendan Donovan	SEA	128	548	487	130	26	1	12	62	56	47	76	9	5	2	.267	.340	.400	.740	.325	115	-1.0	-0.7	8.4	0.6	2.9	310.5	4.06	0.86	4.03
54	Matt Olson	ATL	153	666	576	143	30	1	29	88	92	79	160	5	1	0	.247	.342	.456	.798	.344	121	-1.8	2.8	14.8	-9.0	2.9	50.3	2.72	0.36	3.34
55	Pete Alonso	BAL	153	655	576	145	27	1	36	85	103	60	150	13	2	1	.252	.333	.491	.824	.351	128	-2.1	-1.7	19.4	-14.1	2.8	26.4	2.58	0.61	3.04
56	Manny Machado	SDP	146	623	566	148	27	0	26	78	87	51	121	2	9	3	.262	.323	.450	.773	.332	113	-0.7	-1.5	8.5	-1.8	2.8	39.4	2.55	-0.45	4.27
57	Brice Turang	MIL	150	636	569	146	25	3	15	80	67	58	133	2	30	6	.257	.326	.391	.717	.314	102	2.3	0.6	3.5	3.1	2.8	54.0	1.58	-0.84	3.63
58	Andy Pages	LAD	142	582	532	136	28	2	23	74	77	36	129	8	10	4	.256	.310	.443	.753	.324	107	0.0	1.1	5.0	2.9	2.8	142.0	2.28	2.63	4.63
59	Gleyber Torres	DET	149	639	557	143	26	1	17	79	69	71	110	4	6	2	.257	.343	.400	.743	.327	110	-1.7	-2.5	5.6	-0.2	2.8	251.6	2.69	0.83	4.31
60	Masyn Winn	STL	144	611	558	140	28	2	13	72	60	41	111	5	14	4	.250	.305	.379	.684	.299	90	0.8	5.9	-6.2	12.6	2.8	281.7	3.08	-0.38	4.36
61	Brent Rooker	ATH	150	641	569	150	31	2	33	87	96	61	163	6	6	2	.264	.339	.497	.837	.357	130	-0.9	-1.6	22.0	-16.7	2.8	53.6	1.65	0.60	3.69
62	Carlos Correa	HOU	130	550	494	130	24	1	16	65	64	49	109	3	0	0	.263	.332	.413	.744	.324	109	-0.9	1.2	4.6	3.3	2.8	278.5	1.84	-0.29	4.11
63	Nico Hoerner	CHC	146	605	553	154	27	3	7	74	55	38	57	9	26	6	.278	.332	.372	.705	.310	98	2.1	3.4	0.6	5.8	2.7	109.7	2.67	-0.05	2.98
64	Jackson Chourio	MIL	145	629	580	156	34	4	23	86	84	39	127	4	24	7	.269	.317	.459	.776	.332	114	2.0	-0.5	12.2	-7.0	2.7	20.6	1.62	0.93	4.52
65	Xander Bogaerts	SDP	137	567	511	135	25	1	13	66	59	46	99	4	16	4	.264	.327	.393	.719	.314	101	1.0	-1.1	1.4	5.3	2.6	241.6	3.14	0.46	4.05
66	Luke Keaschall	MIN	126	534	469	125	27	2	11	69	55	49	92	11	24	6	.267	.346	.401	.748	.329	110	0.9	-1.3	7.4	0.1	2.6	136.0	2.25	-0.56	3.55
67	CJ Abrams	WSN	140	610	553	137	29	4	18	80	64	39	118	13	30	7	.248	.310	.410	.720	.312	100	2.7	-3.4	2.5	2.6	2.6	56.2	2.10	0.01	3.57
68	Michael Harris II	ATL	138	567	532	141	27	3	20	68	70	25	110	4	18	5	.265	.301	.437	.738	.316	102	1.3	1.8	2.4	4.0	2.6	101.1	3.00	0.90	4.43
69	J.T. Realmuto	PHI	120	469	428	108	21	2	14	55	53	31	113	7	7	2	.252	.311	.407	.719	.312	98	-0.4	1.9	-1.6	10.8	2.5	217.0	2.19	-0.20	4.42
70	Michael Busch	CHC	140	584	513	128	25	3	29	77	79	59	146	8	3	1	.249	.334	.476	.809	.348	124	-1.2	0.3	15.1	-10.6	2.5	108.5	1.63	-0.12	3.90
71	Drake Baldwin	ATL	131	517	464	120	21	1	20	61	74	46	91	4	1	0	.259	.330	.437	.768	.333	114	-1.0	-2.3	7.2	-0.4	2.5	91.8	2.91	0.22	4.07
72	J.P. Crawford	SEA	144	597	517	125	24	1	11	65	55	68	116	5	6	1	.241	.333	.355	.687	.307	103	-0.8	-4.5	1.2	2.2	2.5	735.5	3.06	-0.69	4.63
73	Oneil Cruz	PIT	127	528	466	110	22	3	21	69	64	55	158	4	28	6	.237	.320	.433	.753	.324	106	2.5	-1.7	6.2	0.1	2.4	89.2	2.86	-1.12	3.60
74	Seiya Suzuki	CHC	141	605	532	135	26	3	26	76	85	65	152	3	8	3	.255	.336	.461	.798	.343	121	-1.0	-3.1	13.7	-10.4	2.4	97.9	1.89	0.54	4.20
75	Steven Kwan	CLE	147	646	577	157	27	3	9	81	54	58	59	4	18	5	.272	.340	.374	.714	.316	103	1.1	4.8	3.5	-2.0	2.4	171.1	2.77	0.51	3.40
76	Taylor Ward	BAL	149	628	552	134	26	2	27	79	83	65	153	6	5	2	.242	.325	.442	.768	.332	115	-1.4	-0.7	9.7	-7.6	2.4	160.8	1.77	0.95	3.78
77	James Wood	WSN	146	631	550	142	31	2	24	83	80	73	187	3	16	6	.258	.347	.452	.800	.345	122	0.4	-1.8	16.8	-14.2	2.4	31.0	2.27	0.19	4.69
78	Max Muncy	LAD	113	459	381	85	16	1	22	61	65	67	112	6	3	1	.222	.343	.441	.784	.340	119	-1.3	-2.2	8.8	-0.8	2.4	257.0	3.74	-0.89	4.12
79	Cody Bellinger	NYY	139	595	535	138	24	3	23	77	80	49	89	3	11	3	.257	.320	.440	.759	.326	109	0.2	2.3	6.2	-2.8	2.4	78.0	2.29	0.86	4.61
80	Jose Altuve	HOU	138	595	536	141	25	1	20	77	69	50	102	5	12	4	.263	.329	.425	.755	.328	111	-0.5	-3.5	7.1	-4.1	2.4	121.8	2.85	-0.40	4.60
81	Ezequiel Tovar	COL	148	630	585	153	34	4	20	79	71	31	157	4	9	3	.262	.301	.435	.736	.316	89	0.1	3.8	-8.5	10.7	2.4	209.4	3.57	-0.36	4.46
82	Yandy Díaz	TBR	142	615	548	158	27	1	19	73	74	57	91	6	2	1	.288	.359	.447	.806	.350	125	-1.7	-0.2	16.6	-14.4	2.4	133.5	2.97	0.06	3.33
83	Tyler Soderstrom	ATH	140	585	525	134	27	1	24	72	79	50	138	6	5	2	.255	.325	.451	.776	.334	114	-0.7	0.8	9.2	-6.0	2.4	90.1	2.30	-0.64	4.28
84	Marcus Semien	NYM	137	581	519	125	23	2	18	73	68	52	96	4	9	2	.240	.311	.397	.708	.309	97	0.1	3.4	-1.9	5.2	2.4	258.6	2.14	0.40	4.47
85	Kyle Stowers	MIA	139	576	507	123	24	3	25	69	83	57	163	7	5	1	.243	.326	.451	.777	.335	114	-0.4	1.3	8.8	-5.1	2.3	130.3	2.25	-1.25	3.97
86	Ian Happ	CHC	146	633	545	131	29	1	22	80	76	79	149	4	8	2	.240	.339	.416	.755	.331	112	-0.7	0.2	8.2	-6.7	2.3	189.2	1.40	1.43	4.09
87	Bryson Stott	PHI	141	574	514	131	23	3	13	68	60	50	95	3	24	5	.255	.322	.389	.711	.311	97	1.9	1.7	-0.2	4.0	2.3	185.1	2.19	0.66	3.83
88	Brandon Nimmo	TEX	144	624	551	138	25	3	22	79	73	59	137	9	9	2	.250	.329	.422	.751	.328	112	-0.3	0.6	8.2	-7.2	2.3	153.1	3.34	0.10	4.52
89	Ben Rice	NYY	131	539	473	117	23	2	27	74	75	53	114	8	4	2	.247	.331	.472	.803	.346	122	-0.9	-1.2	13.2	-9.0	2.3	49.4	2.15	0.66	4.09
90	George Springer	TOR	131	568	500	130	22	2	24	82	71	58	110	7	14	3	.260	.342	.457	.799	.346	123	0.7	-1.3	16.4	-13.5	2.3	97.0	3.01	-1.42	4.64
91	Xavier Edwards	MIA	134	578	520	144	23	4	4	69	44	48	83	3	27	6	.277	.339	.356	.695	.308	95	2.2	2.3	-1.2	4.4	2.3	184.7	2.10	-0.33	2.61
92	Trent Grisham	NYY	127	526	450	99	17	1	24	71	63	67	132	5	5	2	.220	.326	.421	.747	.327	109	-0.5	-2.8	5.3	-0.8	2.3	264.5	1.41	-0.41	3.81
93	Jackson Holliday	BAL	128	550	487	121	24	2	14	72	54	55	122	5	14	5	.248	.328	.394	.722	.317	105	0.0	-1.7	2.9	0.4	2.3	143.9	3.00	-0.52	4.25
94	Kazuma Okamoto	TOR	127	527	467	114	23	0	23	62	71	49	97	7	2	1	.244	.322	.439	.761	.328	111	-0.9	-0.2	6.0	-2.0	2.3	999.0	2.61	-0.06	4.20
95	Dillon Dingler	DET	110	416	381	92	19	2	12	45	49	26	105	6	1	1	.242	.300	.394	.694	.302	92	-0.5	3.6	-4.3	12.0	2.3	240.6	1.82	-0.80	4.37
96	Bo Naylor	CLE	121	449	395	86	19	1	17	51	52	46	112	2	4	2	.218	.301	.398	.700	.305	96	-0.5	-0.2	-2.7	9.2	2.2	605.5	1.16	2.42	4.33
97	Ceddanne Rafaela	BOS	141	558	520	131	28	4	16	70	63	26	121	7	20	6	.252	.294	.412	.706	.305	90	1.4	5.2	-5.1	7.3	2.2	139.5	2.84	-0.26	4.25
98	Ryan Jeffers	MIN	127	504	444	108	22	1	16	58	57	47	106	9	2	1	.243	.326	.403	.729	.320	104	-1.1	-1.9	1.4	2.6	2.2	325.8	2.77	-2.09	4.73
99	Trevor Story	BOS	136	576	531	132	26	1	20	72	72	35	157	5	23	5	.248	.300	.414	.714	.308	93	1.7	-1.5	-3.3	4.8	2.2	105.3	3.49	1.61	4.17
100	Isaac Paredes	HOU	115	489	421	101	18	1	19	60	62	55	83	10	1	1	.241	.341	.427	.767	.336	117	-1.1	1.1	8.5	-4.1	2.2	214.0	3.39	-0.73	4.44
101	Jakob Marsee	MIA	132	571	494	117	23	4	12	71	56	63	125	7	33	9	.237	.330	.375	.705	.313	98	2.4	-0.5	1.4	0.9	2.2	150.8	1.62	-0.21	2.98
102	Salvador Perez	KCR	141	576	533	133	25	1	26	60	88	29	118	10	0	0	.251	.300	.447	.747	.318	103	-2.8	1.6	-0.5	2.1	2.2	97.6	2.69	0.71	3.57
103	Austin Wells	NYY	119	448	400	89	19	1	18	50	58	37	111	5	4	1	.222	.292	.409	.701	.303	93	-0.3	0.9	-3.9	9.8	2.1	245.0	1.05	0.08	4.26
104	Brandon Lowe	PIT	125	534	481	116	23	1	23	68	72	44	137	4	4	1	.242	.308	.437	.746	.321	104	-0.8	0.0	1.7	1.5	2.1	191.8	3.76	-0.26	4.26
105	Mike Trout	LAA	119	511	431	101	17	2	25	67	65	70	153	6	3	1	.235	.347	.454	.801	.344	121	-1.0	0.7	11.4	-8.2	2.1	171.5	3.01	0.50	4.12
106	Otto Lopez	MIA	135	556	511	135	25	3	11	62	60	38	85	3	15	5	.265	.318	.390	.708	.309	96	0.5	-1.8	-2.2	4.5	2.1	233.5	2.59	-0.07	3.96
107	Randy Arozarena	SEA	152	654	566	132	26	2	23	85	73	64	171	19	24	7	.233	.329	.405	.734	.323	114	-0.2	-4.9	10.2	-12.1	2.1	92.2	2.02	0.46	3.51
108	Josh Naylor	SEA	144	607	546	143	27	0	22	73	87	50	90	5	17	4	.261	.327	.431	.758	.326	116	0.0	0.1	11.1	-11.4	2.1	66.6	3.67	0.19	4.45
109	Lawrence Butler	ATH	135	556	502	121	25	2	21	72	65	48	145	1	18	4	.241	.306	.423	.730	.316	102	1.3	2.9	2.5	-0.8	2.1	151.6	2.43	0.91	4.25
110	Kyle Teel	CHW	115	463	405	100	18	1	13	55	48	50	118	4	7	2	.248	.334	.393	.727	.321	105	-0.6	-1.6	2.2	2.5	2.1	185.0	1.96	-1.30	4.44
111	Jarren Duran	BOS	140	607	547	142	34	7	17	81	69	49	142	7	23	5	.260	.327	.438	.766	.331	108	3.0	-0.7	9.1	-9.7	2.1	69.7	2.82	-0.01	4.08
112	Colton Cowser	BAL	128	515	455	103	22	1	21	65	62	49	162	7	13	3	.227	.310	.416	.726	.316	103	0.6	-2.2	2.7	-0.3	2.1	267.6	3.32	-0.46	4.12
113	Alec Bohm	PHI	134	565	518	141	26	2	14	64	71	37	89	5	3	1	.273	.323	.412	.735	.319	102	-1.0	-0.7	0.6	0.7	2.1	285.1	2.34	-0.45	3.82
114	Andrés Giménez	TOR	139	558	505	123	23	2	11	63	55	31	98	14	20	4	.244	.305	.361	.666	.293	87	1.4	1.6	-7.2	8.0	2.1	472.4	1.95	1.05	3.85
115	Iván Herrera	STL	127	536	467	125	22	1	17	67	65	53	108	11	9	3	.267	.353	.426	.779	.341	119	-0.1	-0.6	12.0	-10.2	2.0	158.9	2.47	0.78	4.34
116	Wilyer Abreu	BOS	125	505	447	110	24	1	22	64	70	51	125	2	8	3	.246	.324	.451	.775	.333	110	-0.3	3.1	5.4	-2.8	2.0	220.0	1.88	-1.01	4.54
117	Francisco Alvarez	NYM	114	438	389	91	15	1	20	52	58	40	113	6	1	0	.233	.312	.429	.740	.321	105	-0.8	-3.5	2.0	3.2	2.0	177.9	2.16	0.32	4.32
118	Daulton Varsho	TOR	134	543	491	110	22	3	26	70	74	43	141	4	8	2	.223	.288	.440	.728	.312	100	0.0	-1.0	0.0	1.1	2.0	211.2	2.80	0.20	3.65
119	Luis Robert Jr.	NYM	126	517	469	110	20	1	19	66	61	39	145	5	29	7	.234	.297	.405	.702	.303	93	1.1	2.9	-3.1	4.6	1.9	106.4	2.96	-2.29	3.43
120	Colson Montgomery	CHW	130	549	491	107	19	2	23	61	70	47	162	9	2	1	.219	.296	.404	.700	.305	94	-0.6	-1.1	-4.6	5.0	1.9	229.2	3.57	-1.43	3.70
121	Willson Contreras	BOS	133	562	489	123	25	1	22	70	74	52	142	17	5	1	.251	.342	.441	.783	.342	116	-1.3	1.1	9.1	-9.8	1.9	173.9	1.70	1.05	4.39
122	Jonathan Aranda	TBR	136	565	495	129	24	1	20	69	74	56	142	9	2	1	.261	.344	.434	.779	.339	117	-2.2	1.5	9.3	-9.8	1.9	188.9	3.01	0.69	4.15
123	Konnor Griffin	PIT	89	372	338	87	16	1	10	49	42	23	91	8	17	4	.257	.316	.396	.712	.311	97	0.7	2.7	-0.8	6.9	1.9	999.0	3.82	0.44	3.55
124	Carson Kelly	CHC	97	370	328	77	13	1	12	41	43	34	75	4	2	0	.234	.312	.385	.697	.307	95	-1.0	2.7	-3.0	9.0	1.9	591.3	1.24	-0.38	4.27
125	Joey Ortiz	MIL	138	541	492	118	24	3	10	60	54	37	94	4	13	4	.240	.297	.364	.661	.290	85	0.5	3.1	-9.1	9.5	1.9	735.5	3.64	1.00	4.28
126	Kevin McGonigle	DET	78	323	285	72	16	2	10	41	39	33	47	2	6	2	.253	.331	.426	.757	.329	111	-0.2	0.9	3.9	3.1	1.8	999.0	3.55	-1.04	3.79
127	Jeff McNeil	ATH	132	535	476	122	26	3	12	60	57	44	68	9	4	1	.257	.328	.398	.727	.317	103	-1.4	-1.5	0.2	-0.3	1.8	685.7	2.76	1.56	4.37
128	Vinnie Pasquantino	KCR	147	630	566	147	31	1	26	73	93	52	93	6	1	0	.259	.324	.456	.780	.334	114	-1.9	-0.3	8.8	-12.3	1.8	80.3	2.46	0.32	3.63
129	Miguel Vargas	CHW	137	576	505	118	28	2	18	71	66	59	111	6	7	2	.233	.319	.405	.723	.316	102	-0.5	-3.8	0.9	-2.6	1.8	319.4	3.38	0.21	4.33
130	Ozzie Albies	ATL	141	592	538	134	27	2	17	69	71	43	88	5	11	3	.249	.308	.405	.713	.310	97	0.1	-2.2	-1.9	-0.1	1.8	162.3	1.77	-0.93	4.73
131	Matt Wallner	MIN	117	480	414	94	21	2	24	60	63	51	148	12	5	2	.226	.326	.461	.787	.340	118	-0.8	-2.5	9.5	-8.2	1.8	422.6	2.68	-1.26	4.05
132	JJ Wetherholt	STL	119	485	429	106	21	1	10	55	47	45	86	7	11	2	.247	.326	.371	.697	.309	97	0.1	1.1	-1.9	3.1	1.8	999.0	2.39	-0.13	4.19
133	Hunter Goodman	COL	138	558	515	130	29	3	28	71	86	34	146	6	2	1	.253	.304	.480	.784	.335	101	-0.8	-5.2	-0.1	-1.1	1.8	67.0	3.92	-0.07	3.79
134	Caleb Durbin	BOS	135	539	480	122	26	2	10	64	55	35	58	16	21	6	.254	.324	.381	.705	.311	95	1.1	-1.0	-2.3	1.1	1.8	244.0	1.65	1.20	3.76
135	Christian Yelich	MIL	135	577	506	131	22	1	19	74	74	64	138	4	16	4	.258	.344	.419	.764	.332	114	1.2	0.4	10.8	-12.7	1.8	127.8	3.54	-0.86	4.68
136	Jake Cronenworth	SDP	142	580	498	117	25	2	14	64	61	62	115	12	4	2	.235	.331	.377	.708	.314	100	-0.7	-3.4	-0.5	-2.0	1.8	999.0	2.89	-0.43	4.62
137	Brenton Doyle	COL	138	563	518	129	24	3	18	70	64	35	150	3	21	5	.249	.298	.414	.711	.307	83	1.5	6.4	-10.2	8.5	1.7	164.5	3.46	0.00	4.23
138	TJ Friedl	CIN	134	577	498	120	20	3	13	69	55	58	97	12	11	3	.242	.333	.374	.707	.314	96	0.3	0.5	-2.4	0.1	1.7	262.7	2.98	0.67	4.43
139	Teoscar Hernández	LAD	132	554	510	132	26	1	26	71	83	35	146	5	6	2	.259	.310	.464	.774	.332	113	-1.0	-3.1	7.2	-9.2	1.7	138.1	1.78	1.79	4.15
140	Anthony Volpe	NYY	110	452	410	94	21	2	14	54	49	33	109	4	16	4	.230	.291	.395	.687	.298	90	1.3	0.4	-4.2	5.5	1.7	687.0	1.80	0.10	3.98
141	Ryan McMahon	NYY	119	482	421	92	17	1	17	54	52	54	152	3	3	2	.218	.309	.382	.691	.304	93	-0.6	2.8	-4.4	4.6	1.7	719.7	1.86	-0.37	4.32
142	Nolan Arenado	ARI	132	551	504	127	24	1	16	60	68	37	76	4	3	1	.252	.306	.399	.705	.305	93	-0.8	1.7	-5.2	3.4	1.7	653.7	1.74	1.83	4.44
143	Carlos Narváez	BOS	108	415	371	84	18	0	12	43	45	38	111	4	2	1	.228	.304	.375	.679	.299	86	-0.8	1.7	-7.7	9.8	1.7	586.3	1.45	-0.05	4.45
144	Matt McLain	CIN	131	535	474	112	22	2	17	66	56	49	150	6	16	4	.235	.313	.395	.708	.310	93	0.7	-0.3	-3.6	1.9	1.6	184.9	2.76	0.67	4.20
145	Luis Arraez	SFG	140	608	563	169	28	3	4	68	54	32	25	4	8	3	.300	.339	.382	.722	.315	101	-0.2	-4.3	0.8	-5.4	1.6	287.1	2.94	0.35	2.38
146	Chase Meidroth	CHW	124	530	463	117	19	1	6	62	39	54	80	8	13	4	.252	.339	.340	.679	.306	95	-0.3	-1.0	-3.4	1.4	1.6	593.3	2.20	-0.11	3.72
147	Colt Keith	DET	117	475	426	110	21	3	15	61	53	42	100	3	3	1	.257	.325	.424	.750	.325	108	0.1	0.4	4.7	-5.4	1.6	490.0	1.58	-0.72	4.35
148	Evan Carter	TEX	105	416	366	86	17	3	11	52	43	40	94	7	17	4	.236	.321	.387	.708	.311	100	1.0	0.2	1.0	0.3	1.6	291.6	2.93	0.06	3.78
149	Kyle Manzardo	CLE	135	549	484	115	24	1	26	63	74	53	131	6	2	0	.238	.318	.453	.771	.331	114	-0.7	-0.5	8.3	-11.6	1.6	234.5	2.59	1.57	3.89
150	Sal Frelick	MIL	131	547	491	128	22	3	8	66	52	44	78	6	19	4	.261	.327	.366	.693	.307	96	0.9	3.8	-1.5	-1.2	1.6	205.2	2.20	-0.36	3.62
151	Ernie Clement	TOR	141	555	518	136	27	2	10	64	57	24	57	4	9	3	.262	.297	.384	.682	.296	89	0.1	1.4	-7.3	3.6	1.6	316.2	3.28	-0.20	4.12
152	Josh Jung	TEX	128	518	483	119	23	1	17	55	61	29	132	3	4	1	.247	.292	.403	.695	.301	93	-1.2	0.8	-5.2	2.8	1.6	493.0	1.55	1.01	4.60
153	Carter Jensen	KCR	103	385	343	83	17	3	11	45	46	37	96	2	4	1	.241	.316	.405	.721	.314	100	-0.2	-0.2	0.0	2.4	1.6	999.0	2.39	-0.28	4.30
154	Bryan Reynolds	PIT	146	633	566	144	28	4	18	74	74	55	153	8	5	2	.254	.326	.413	.739	.322	104	-0.7	-1.1	2.5	-8.3	1.6	205.7	2.10	0.79	4.42
155	Freddy Fermin	SDP	116	429	391	94	15	1	9	42	41	27	85	3	2	1	.239	.292	.351	.643	.282	79	-0.4	2.9	-11.2	11.9	1.5	735.5	2.49	-0.33	4.26
156	Patrick Bailey	SFG	131	488	441	98	19	2	9	48	49	36	129	3	2	1	.221	.282	.335	.617	.272	72	-0.8	5.5	-17.0	15.6	1.5	999.0	1.83	-0.05	4.64
157	Jake Meyers	HOU	114	446	402	98	19	2	9	52	42	35	92	5	13	3	.245	.311	.367	.679	.300	91	0.5	1.9	-4.0	3.7	1.5	999.0	2.26	-0.66	3.94
158	Spencer Torkelson	DET	147	616	539	125	27	1	27	75	79	64	161	7	2	1	.232	.319	.434	.753	.325	108	-0.7	0.0	5.5	-11.6	1.5	195.4	3.45	-0.49	3.57
159	Brandon Marsh	PHI	119	466	413	106	21	3	13	57	51	45	131	2	11	3	.256	.330	.412	.743	.324	106	0.3	-0.4	3.5	-4.1	1.5	687.4	2.30	-0.37	4.22
160	Royce Lewis	MIN	120	486	445	108	22	0	19	56	62	35	104	2	10	2	.243	.299	.420	.719	.310	98	0.0	-2.2	-1.4	-0.7	1.5	170.0	2.96	0.34	4.50
161	Davis Schneider	TOR	97	369	317	70	14	1	15	44	44	45	105	4	5	1	.220	.322	.417	.739	.323	108	-0.4	0.9	3.1	-1.3	1.5	999.0	2.88	0.10	4.26
162	Chase DeLauter	CLE	107	463	415	101	22	1	12	53	51	42	86	2	3	1	.244	.313	.390	.703	.307	97	-0.7	0.7	-2.1	0.6	1.5	999.0	2.73	0.88	4.61
163	Sean Murphy	ATL	86	332	290	64	12	0	13	38	42	32	91	7	0	0	.220	.312	.404	.716	.314	100	-0.6	1.5	-0.5	3.9	1.5	658.0	2.06	1.25	4.23
164	Lars Nootbaar	STL	124	527	457	111	22	2	16	62	53	62	106	3	6	2	.242	.334	.400	.734	.322	106	-0.2	-1.8	3.5	-7.0	1.5	685.1	3.11	1.75	4.75
165	Jurickson Profar	ATL	137	590	510	128	25	1	18	74	66	66	96	9	9	2	.250	.344	.407	.751	.331	112	-0.7	-2.0	7.4	-12.7	1.5	188.4	1.77	0.56	4.66
166	Jorge Polanco	NYM	123	507	452	112	21	0	21	61	69	46	104	3	5	2	.247	.320	.437	.756	.327	109	-0.8	2.2	4.8	-7.6	1.5	223.0	3.06	-1.97	4.46
167	Logan O'Hoppe	LAA	116	450	412	95	15	1	19	47	53	30	128	5	2	1	.229	.288	.406	.695	.302	91	-1.4	-2.4	-6.2	5.0	1.5	258.4	1.13	-0.33	4.27
168	Munetaka Murakami	CHW	133	539	459	100	16	0	27	68	73	71	174	5	8	3	.217	.326	.431	.757	.329	110	-0.6	-0.2	6.1	-10.2	1.4	999.0	5.17	1.87	3.49
169	Tommy Edman	LAD	115	462	423	103	20	2	13	58	52	30	81	5	10	2	.243	.297	.391	.688	.299	90	0.6	1.2	-4.7	3.1	1.4	422.1	2.51	0.23	4.53
170	Jared Triolo	PIT	128	507	448	108	21	2	9	57	45	51	116	4	13	3	.241	.322	.361	.683	.303	91	0.1	0.0	-5.1	2.2	1.4	999.0	2.79	2.76	4.05
171	Ramón Laureano	SDP	125	511	462	113	22	3	19	65	65	36	136	9	8	3	.245	.311	.427	.738	.320	104	-0.8	0.5	1.8	-5.3	1.4	220.4	3.48	-1.41	4.80
172	Tyler Stephenson	CIN	108	425	377	89	17	1	14	48	52	41	121	5	1	1	.235	.315	.398	.713	.312	94	-0.9	-1.1	-3.7	3.2	1.4	279.4	1.97	-1.45	4.57
173	Addison Barger	TOR	116	473	429	102	24	1	17	57	60	38	115	4	4	1	.239	.305	.422	.727	.314	101	-0.5	-0.3	0.2	-3.0	1.4	206.4	2.87	0.93	4.65
174	Kerry Carpenter	DET	117	480	440	111	19	3	24	62	70	30	115	6	2	1	.253	.308	.473	.782	.334	114	-0.8	-0.6	7.2	-10.4	1.4	237.1	1.19	0.43	4.18
175	Harrison Bader	SFG	123	485	441	107	19	2	13	58	51	32	116	8	13	5	.243	.303	.387	.690	.302	92	0.1	-0.5	-4.6	1.4	1.4	427.1	2.63	0.34	4.28
176	Josh Smith	TEX	121	491	430	103	21	2	9	56	42	46	94	10	9	3	.239	.325	.362	.687	.305	96	-0.2	-2.1	-2.4	-1.2	1.4	574.2	1.43	-1.36	4.25
177	Eugenio Suárez	CIN	142	598	532	124	23	1	34	76	95	49	176	11	3	1	.234	.308	.471	.780	.334	109	-1.9	-0.3	4.7	-11.3	1.4	111.0	2.69	0.65	3.03
178	Jonathan India	KCR	124	525	454	111	24	2	12	63	51	53	101	13	5	2	.244	.337	.383	.720	.320	104	-0.3	-3.0	2.4	-7.1	1.3	640.8	3.00	1.00	4.60
179	Daylen Lile	WSN	131	542	495	131	27	8	11	65	59	36	96	6	14	5	.266	.320	.416	.736	.319	104	0.6	-1.5	3.1	-8.1	1.3	205.0	2.04	0.57	3.97
180	Jung Hoo Lee	SFG	135	560	508	135	29	6	8	64	55	42	63	5	9	3	.266	.327	.394	.721	.315	101	0.2	-2.0	1.0	-6.9	1.3	326.5	2.69	0.69	3.84
181	Gavin Lux	TBR	110	445	396	100	21	2	7	51	43	45	97	2	3	1	.253	.330	.369	.699	.310	97	-0.5	-1.9	-1.8	-0.2	1.3	999.0	1.63	-0.05	4.05
182	Danny Jansen	TEX	89	330	287	60	12	0	12	36	37	36	77	5	1	0	.211	.306	.380	.685	.303	95	-0.8	-2.5	-2.9	4.4	1.3	999.0	2.41	1.11	4.20
183	Joshua Baez	STL	32	88	79	18	3	0	3	10	11	9	22	0	5	1	.230	.309	.383	.693	.306	95	0.0	11.3	-0.5	10.4	1.3	999.0	7.65	-0.09	2.56
184	Jo Adell	LAA	138	559	509	119	21	1	30	68	82	38	153	8	8	3	.234	.296	.455	.751	.322	105	-0.5	-5.9	2.9	-9.4	1.3	122.7	2.43	1.04	3.65
185	Luis García Jr.	WSN	124	505	470	125	24	2	15	59	62	28	80	2	13	5	.265	.305	.419	.725	.312	99	-0.1	0.1	-0.6	-3.7	1.3	235.1	1.83	1.56	4.14
186	Dylan Crews	WSN	136	560	509	120	22	4	16	67	60	39	125	9	25	7	.236	.300	.386	.686	.300	91	1.0	2.8	-4.8	-1.3	1.3	158.9	2.74	1.13	3.65
187	Sal Stewart	CIN	119	479	434	114	24	0	18	60	63	37	94	4	7	2	.263	.325	.448	.773	.334	109	-0.2	0.4	5.1	-8.7	1.3	198.9	2.30	-0.44	4.39
188	José Caballero	NYY	93	352	303	68	14	1	6	45	30	38	89	6	37	8	.225	.321	.341	.663	.298	89	2.4	0.3	-2.1	2.5	1.3	209.5	3.98	-1.05	2.05
189	Nolan Schanuel	LAA	140	599	517	135	23	1	13	71	56	66	84	9	6	2	.260	.352	.383	.735	.325	107	-1.5	-1.3	3.7	-12.2	1.2	572.7	2.92	0.14	4.20
190	Alec Burleson	STL	139	577	528	141	25	1	20	64	74	40	82	4	6	2	.267	.320	.431	.751	.325	108	-1.2	-0.9	4.2	-11.6	1.2	178.4	2.35	-0.66	4.18
191	Heliot Ramos	SFG	146	614	554	140	25	2	22	74	72	46	149	9	6	2	.253	.318	.421	.739	.321	105	-0.9	-4.4	2.8	-11.7	1.2	225.8	3.26	0.63	4.50
192	Nick Gonzales	PIT	96	400	367	95	21	3	7	44	41	24	82	5	2	1	.258	.309	.391	.701	.305	93	-0.5	-0.4	-4.0	2.5	1.2	999.0	2.96	0.43	3.84
193	Samuel Basallo	BAL	110	425	385	92	19	0	16	50	55	33	104	4	3	1	.240	.304	.415	.720	.311	100	-0.4	0.1	-0.2	-2.9	1.2	176.0	2.70	-0.55	4.51
194	Brayan Rocchio	CLE	124	472	423	98	22	2	8	50	45	35	92	7	11	4	.232	.299	.348	.647	.286	83	-0.2	-0.4	-9.8	5.1	1.2	999.0	1.51	2.35	4.15
195	Christian Walker	HOU	137	575	514	119	22	1	26	68	79	47	147	8	3	1	.231	.303	.428	.731	.315	102	-1.2	1.8	0.4	-8.8	1.2	202.5	2.76	-0.75	3.69
196	Joey Bart	PIT	86	324	285	67	11	0	8	33	34	31	89	6	1	1	.236	.321	.363	.685	.305	93	-0.8	-2.4	-3.6	4.2	1.2	999.0	2.57	0.55	3.88
197	Jesús Sánchez	TOR	110	440	397	97	18	2	16	54	51	37	106	3	10	2	.244	.312	.418	.730	.317	103	0.1	-0.3	1.7	-5.6	1.2	636.3	1.45	0.11	4.40
198	Cedric Mullins	TBR	111	450	400	90	19	2	14	53	50	41	101	4	19	5	.225	.300	.386	.687	.300	91	0.9	-1.4	-3.9	-0.1	1.1	357.0	1.84	-0.14	3.76
199	Ryan O'Hearn	PIT	125	509	453	120	23	1	14	60	60	47	96	5	3	1	.264	.338	.410	.748	.326	107	-1.2	-0.9	3.0	-8.7	1.1	308.2	1.39	0.93	4.16
200	Cole Young	SEA	98	375	330	77	16	2	7	39	36	36	66	5	5	2	.232	.313	.351	.665	.295	94	-0.3	-0.7	-2.8	0.9	1.1	999.0	2.74	1.07	4.05
201	Spencer Horwitz	PIT	114	477	418	108	25	1	11	58	51	51	88	5	2	1	.258	.344	.402	.745	.328	108	-1.1	0.7	3.5	-8.4	1.1	999.0	2.43	-1.49	4.22
202	Parker Meadows	DET	118	468	418	94	17	5	12	55	44	42	119	3	12	3	.225	.298	.372	.670	.294	87	1.0	-0.6	-6.4	1.2	1.1	999.0	2.37	0.57	4.09
203	Ha-Seong Kim	ATL	76	309	271	65	11	1	7	37	30	32	56	2	12	3	.241	.324	.368	.692	.306	95	0.4	-1.6	-1.5	2.0	1.1	719.8	3.13	1.85	3.42
204	Marcell Ozuna	PIT	120	504	435	106	18	0	22	61	66	62	123	3	0	0	.242	.338	.434	.773	.336	114	-1.5	0.0	6.9	-13.0	1.1	465.6	3.10	1.98	4.23
205	Zach McKinstry	DET	110	426	381	89	17	5	8	51	38	36	93	4	14	4	.233	.304	.370	.674	.296	88	1.1	-0.3	-5.0	0.9	1.1	508.5	1.64	0.01	3.80
206	Carson Williams	TBR	95	369	333	71	13	2	12	44	42	29	125	3	10	3	.214	.283	.374	.658	.288	82	0.0	1.1	-7.7	5.5	1.1	999.0	2.98	1.27	4.03
207	Dylan Beavers	BAL	103	408	356	84	17	2	12	50	43	45	98	2	11	3	.237	.325	.396	.720	.316	104	0.1	-1.0	1.8	-5.6	1.1	422.1	2.02	-0.10	4.14
208	Colt Emerson	SEA	73	288	257	60	13	1	5	30	29	23	62	4	6	1	.235	.307	.354	.661	.291	92	-0.2	2.0	-3.0	3.2	1.0	999.0	2.83	0.54	3.56
209	Nathan Lukes	TOR	107	419	375	96	19	2	8	49	45	33	67	3	4	2	.257	.319	.381	.700	.306	96	-0.5	2.2	-2.4	-1.9	1.0	999.0	4.69	-0.79	4.01
210	Willi Castro	COL	129	525	466	118	23	4	12	68	51	42	119	12	15	5	.253	.329	.399	.728	.320	91	0.4	-3.8	-5.3	-2.1	1.0	289.9	3.23	1.96	4.10
211	Jake Burger	TEX	129	530	490	118	22	1	25	61	74	27	131	8	2	1	.241	.290	.443	.733	.314	102	-0.8	1.1	0.7	-9.0	1.0	266.4	2.06	0.89	3.97
212	Denzel Clarke	ATH	98	376	339	76	16	3	8	45	34	27	124	6	14	3	.224	.292	.363	.654	.288	83	0.8	2.5	-6.9	4.0	1.0	999.0	3.03	0.30	3.68
213	Brooks Lee	MIN	137	548	504	121	23	2	14	55	62	35	95	3	4	1	.240	.291	.375	.666	.290	83	-1.0	-3.6	-11.6	2.6	1.0	538.3	2.10	1.03	4.70
214	Brett Baty	NYM	115	453	409	99	16	1	17	52	53	37	113	3	5	1	.242	.309	.408	.717	.312	99	-0.4	1.0	-0.9	-4.6	1.0	283.6	1.19	0.50	4.52
215	Luis Torrens	NYM	62	223	204	48	9	1	5	21	23	15	50	2	1	1	.234	.290	.360	.650	.285	81	-0.3	2.8	-5.5	7.6	1.0	999.0	1.85	0.52	3.32
216	Pedro Pagés	STL	89	329	301	67	12	1	9	31	35	20	86	3	1	0	.223	.276	.355	.631	.275	74	-0.7	2.5	-10.8	9.3	1.0	999.0	2.29	0.54	4.00
217	Yoán Moncada	LAA	91	358	319	76	16	1	11	40	40	33	96	4	1	0	.237	.316	.402	.717	.314	99	-0.7	-2.2	-1.0	-1.8	1.0	720.2	2.56	0.51	4.18
218	Justin Crawford	PHI	99	393	358	95	17	2	5	49	35	28	82	2	21	5	.267	.321	.368	.689	.303	92	1.4	-2.5	-2.5	-1.3	1.0	999.0	2.38	0.16	2.95
219	Ke'Bryan Hayes	CIN	127	504	463	112	19	2	8	51	46	33	99	4	11	3	.242	.296	.346	.642	.283	74	0.3	5.6	-15.0	7.6	1.0	999.0	2.23	1.92	4.17
220	Dalton Rushing	LAD	55	199	176	39	8	0	7	24	25	19	57	3	1	0	.223	.307	.385	.692	.304	94	-0.3	1.3	-1.8	4.4	0.9	999.0	1.97	-2.47	3.49
221	Agustín Ramírez	MIA	121	502	456	111	25	1	18	60	63	36	99	6	12	3	.244	.305	.419	.724	.313	99	-0.2	-6.9	-1.0	-6.6	0.9	82.2	1.26	-3.17	4.58
222	Tyler O'Neill	BAL	87	361	317	73	13	1	17	46	46	36	100	4	5	1	.231	.315	.437	.752	.324	109	-0.2	-1.4	3.8	-7.2	0.9	999.0	2.28	0.40	4.25
223	Mike Yastrzemski	ATL	110	442	385	88	20	2	15	54	49	48	102	4	4	1	.229	.319	.411	.729	.317	102	-0.4	-1.4	0.8	-6.5	0.9	999.0	1.77	-0.64	4.60
224	Austin Martin	MIN	87	333	290	73	15	1	3	39	26	35	59	5	14	4	.251	.339	.346	.685	.308	96	0.3	1.1	-1.3	-1.2	0.9	999.0	1.80	-0.04	3.10
225	Marcelo Mayer	BOS	104	403	369	90	21	2	10	48	45	29	98	2	5	2	.243	.299	.394	.693	.300	87	-0.2	0.1	-6.3	1.3	0.9	607.4	3.33	-0.05	4.31
226	Luis Campusano	SDP	82	298	268	62	11	1	8	33	33	26	67	2	1	0	.232	.304	.372	.675	.298	89	-0.3	0.2	-4.2	3.0	0.9	999.0	2.49	-1.12	3.90
227	Victor Caratini	MIN	96	365	326	81	13	0	10	38	41	27	66	8	1	0	.250	.319	.386	.705	.309	97	-1.1	-1.5	-2.4	-1.3	0.9	735.8	2.07	0.15	3.91
228	Romy Gonzalez	BOS	78	303	280	74	15	2	9	37	38	17	76	2	8	3	.263	.308	.425	.733	.315	97	-0.2	-0.1	-1.1	-0.6	0.9	654.8	4.60	0.21	3.49
229	Casey Schmitt	SFG	74	287	261	62	12	0	10	31	33	19	67	3	1	1	.238	.296	.403	.699	.303	93	-0.4	0.6	-2.8	1.7	0.9	999.0	4.02	-0.35	3.72
230	Garrett Mitchell	MIL	89	338	300	68	13	2	8	39	32	31	101	3	12	3	.226	.303	.370	.673	.296	89	0.6	0.3	-3.6	0.9	0.9	999.0	2.76	1.06	3.65
231	Connor Norby	MIA	113	436	399	97	20	2	13	51	48	30	118	4	8	2	.242	.299	.397	.696	.303	92	-0.4	-2.6	-4.8	-1.2	0.9	649.5	4.80	2.39	4.41
232	Adolis García	PHI	132	547	500	117	23	1	23	67	76	36	142	5	11	3	.234	.290	.424	.713	.307	94	0.0	0.1	-3.7	-6.0	0.9	228.9	2.28	-0.84	4.08
233	Victor Scott II	STL	131	508	451	99	18	3	7	56	39	38	114	8	33	6	.220	.290	.319	.609	.272	72	3.4	2.9	-13.6	4.9	0.9	381.7	2.37	-0.20	2.52
234	Jett Williams	MIL	87	350	311	69	16	3	8	41	34	33	92	4	13	3	.223	.304	.369	.673	.297	90	0.5	-1.7	-3.8	0.4	0.9	999.0	6.12	0.33	3.71
235	Josh Bell	MIN	131	543	479	118	20	1	20	60	66	55	101	4	1	1	.247	.328	.417	.745	.325	108	-2.0	-2.4	3.0	-13.5	0.8	671.0	2.74	1.84	4.36
236	Vaughn Grissom	LAA	81	321	291	71	14	1	6	35	30	23	66	4	5	1	.242	.305	.361	.665	.293	85	0.0	1.5	-5.5	2.6	0.8	999.0	2.94	-0.04	3.65
237	Max Muncy	ATH	87	339	309	72	15	1	10	37	37	20	96	6	3	2	.233	.290	.384	.674	.294	86	-0.4	0.9	-5.8	2.5	0.8	999.0	2.17	-0.37	4.03
238	Joe Mack	MIA	61	237	215	47	9	1	7	25	26	18	67	2	2	1	.218	.283	.363	.646	.283	78	-0.1	2.1	-6.3	6.6	0.8	999.0	2.04	1.18	3.60
239	Chandler Simpson	TBR	110	454	421	120	16	3	1	57	33	25	48	1	42	9	.285	.324	.343	.667	.295	87	3.7	0.3	-3.1	-4.1	0.8	167.9	1.99	-1.42	1.45
240	Isaac Collins	KCR	105	400	345	81	18	3	8	47	40	45	90	5	13	4	.235	.329	.367	.697	.309	97	0.2	0.4	-1.1	-4.4	0.8	527.6	2.56	1.07	3.85
241	Gabriel Arias	CLE	110	436	401	90	19	2	11	45	45	26	136	5	8	3	.225	.279	.364	.643	.281	79	0.1	1.2	-10.7	3.6	0.8	999.0	1.81	0.16	4.23
242	Kody Clemens	MIN	74	285	259	60	12	2	13	34	36	21	70	3	3	1	.230	.291	.439	.730	.314	100	-0.1	1.3	-0.1	-1.9	0.8	735.0	2.96	-0.03	3.84
243	Henry Davis	PIT	73	269	239	52	11	1	7	28	27	21	71	5	3	1	.217	.293	.357	.650	.287	80	-0.3	-0.1	-6.7	5.5	0.8	999.0	1.54	0.12	3.70
244	Jacob Young	WSN	86	325	291	71	12	2	2	35	24	22	60	5	16	5	.244	.305	.320	.625	.279	77	1.4	3.0	-7.5	4.4	0.8	735.4	1.67	-0.33	2.95
245	Victor Robles	SEA	92	358	318	76	15	2	6	42	31	23	78	9	19	5	.241	.309	.355	.664	.294	94	0.9	1.0	-1.7	-2.9	0.8	505.4	2.00	0.02	3.18
246	Brooks Baldwin	CHW	102	387	353	85	16	1	12	42	42	26	92	2	8	2	.239	.293	.396	.689	.299	90	0.1	-0.8	-4.3	-1.3	0.8	999.0	2.48	0.32	4.06
247	Trevor Larnach	MIN	108	444	392	96	19	1	14	52	51	44	104	3	3	2	.246	.324	.403	.727	.317	102	-0.8	-0.9	0.4	-8.3	0.8	734.3	2.24	0.23	4.51
248	Christian Moore	LAA	113	441	395	87	15	3	12	48	44	39	137	3	8	2	.221	.293	.365	.658	.289	82	0.0	-0.5	-9.1	1.3	0.8	999.0	1.43	0.28	4.27
249	Miguel Amaya	CHC	76	285	256	59	12	1	8	30	34	19	61	5	1	0	.231	.296	.372	.668	.293	86	-0.6	-1.6	-5.3	3.0	0.8	735.8	3.06	-1.89	3.82
250	Braxton Fulford	COL	58	210	188	45	10	1	6	25	24	15	57	4	2	1	.238	.305	.398	.703	.307	82	-0.1	0.4	-4.6	4.9	0.7	999.0	1.78	-0.61	3.34
251	Lane Thomas	KCR	95	388	348	80	17	2	12	47	42	31	101	5	13	5	.231	.300	.394	.694	.303	93	0.4	-0.4	-3.1	-3.0	0.7	703.3	2.58	0.00	3.95
252	Nolan Gorman	STL	122	495	440	93	18	1	21	56	62	49	162	2	4	1	.211	.291	.395	.686	.299	90	-1.4	0.8	-7.4	-2.4	0.7	609.2	2.37	2.77	3.83
253	Cam Smith	HOU	102	406	364	87	17	2	9	47	42	34	108	5	6	1	.239	.312	.374	.686	.302	93	0.1	0.6	-3.1	-3.9	0.7	487.1	2.29	0.66	4.23
254	Alek Thomas	ARI	115	439	404	96	20	3	10	49	45	25	101	4	8	3	.238	.286	.374	.660	.287	81	1.0	0.1	-8.8	1.1	0.7	999.0	1.70	0.86	4.30
255	Blaze Alexander	BAL	79	308	272	61	12	1	7	34	30	25	94	7	5	2	.225	.304	.356	.660	.293	88	-0.2	-0.3	-4.5	0.9	0.7	999.0	3.54	-0.36	3.82
256	Nacho Alvarez Jr.	ATL	20	71	64	15	2	0	1	9	7	6	15	1	0	0	.235	.308	.300	.608	.275	74	-0.1	6.0	-2.3	6.9	0.7	999.0	4.43	0.31	2.56
257	Nasim Nuñez	WSN	94	314	277	63	10	1	4	35	25	28	73	1	22	5	.228	.301	.312	.613	.275	74	1.6	2.4	-8.0	4.5	0.7	999.0	3.35	-0.52	2.76
258	Harry Ford	WSN	95	278	240	55	11	0	6	31	28	27	68	5	5	1	.228	.316	.352	.667	.297	89	-0.2	0.1	-3.9	1.5	0.7	720.5	3.99	-1.59	3.64
259	Jake Rogers	DET	53	191	171	36	7	1	6	21	21	15	55	2	1	0	.208	.278	.365	.643	.282	78	-0.2	1.3	-5.1	5.4	0.7	999.0	1.77	-0.41	3.46
260	Carson Benge	NYM	95	378	337	80	16	2	10	46	40	34	82	4	8	2	.237	.312	.382	.694	.304	93	0.2	0.3	-2.7	-3.3	0.7	999.0	2.17	0.23	4.11
261	Mitch Garver		55	207	181	38	7	1	8	22	24	22	57	2	1	0	.211	.303	.380	.684	.301	91	-0.6	-1.8	-2.7	2.4	0.7	999.0	2.80	-0.07	3.50
262	Jac Caglianone	KCR	125	512	463	110	21	2	19	60	65	39	114	7	3	1	.238	.305	.414	.718	.311	98	-0.5	-1.6	-1.5	-9.1	0.7	214.0	3.48	-0.44	4.49
263	Jordan Lawlar	ARI	78	295	265	63	14	2	6	35	29	23	80	4	10	2	.236	.304	.376	.680	.298	89	0.6	0.3	-3.4	0.3	0.7	438.1	5.53	-0.73	3.50
264	Wenceel Pérez	DET	114	463	418	99	19	4	12	56	48	37	101	3	11	3	.236	.301	.393	.693	.302	92	0.5	-1.2	-3.8	-5.5	0.7	735.9	1.76	-1.36	4.37
265	Kyle Isbel	KCR	118	442	399	93	18	4	7	51	39	27	86	4	9	3	.234	.287	.353	.640	.281	77	0.5	1.1	-11.3	2.9	0.7	999.0	1.65	1.25	4.14
266	Joc Pederson	TEX	102	402	346	79	14	1	16	48	50	45	91	8	3	1	.229	.329	.418	.747	.326	111	-0.8	-0.7	4.2	-11.5	0.7	999.0	3.38	1.30	4.44
267	Kyle Higashioka	TEX	73	265	245	54	11	1	10	26	34	16	65	1	2	1	.220	.270	.390	.660	.285	82	-0.7	-1.4	-6.2	3.6	0.7	999.0	3.59	-0.40	3.74
268	Luis Rengifo	MIL	100	398	366	91	15	2	8	44	38	25	72	4	11	4	.250	.303	.363	.666	.293	86	0.3	-2.2	-6.4	-0.6	0.7	688.7	3.52	-0.95	3.70
269	Edmundo Sosa	PHI	60	222	205	51	10	1	7	26	26	9	51	5	2	1	.247	.294	.406	.700	.303	92	0.1	0.9	-2.1	1.1	0.7	999.0	4.35	-1.67	3.33
270	Spencer Steer	CIN	106	438	388	91	19	1	14	51	54	42	95	5	8	2	.235	.316	.402	.718	.315	96	-0.3	1.1	-2.2	-6.0	0.6	292.3	4.36	-0.92	4.51
271	Colby Thomas	ATH	68	265	242	56	13	1	11	32	33	16	82	4	4	1	.233	.289	.426	.715	.308	96	-0.1	0.6	-1.3	-1.4	0.6	999.0	1.96	2.06	3.70
272	Gary Sánchez	MIL	58	217	193	42	7	0	9	24	29	17	58	5	0	0	.218	.296	.400	.696	.304	95	-0.5	-1.1	-1.9	0.9	0.6	999.0	1.76	0.46	3.62
273	Kyle Karros	COL	57	225	201	52	11	1	4	26	22	19	53	3	2	0	.257	.328	.377	.705	.310	84	-0.3	2.4	-4.5	3.3	0.6	999.0	2.64	-0.16	3.13
274	Javier Sanoja	MIA	65	240	221	57	12	2	4	26	24	14	27	1	5	2	.259	.304	.383	.687	.298	89	-0.1	0.4	-3.3	1.4	0.6	999.0	3.90	-0.44	3.07
275	Austin Hays	CHW	112	452	413	101	21	2	14	53	53	30	110	5	6	1	.245	.301	.407	.707	.306	95	-0.3	-0.4	-3.0	-6.3	0.6	655.0	3.72	-1.61	4.57
276	JJ Bleday	CIN	82	324	287	65	15	1	13	39	38	34	76	1	2	1	.227	.310	.419	.729	.316	97	-0.6	0.4	-1.6	-3.2	0.6	999.0	2.09	1.30	4.13
277	Edouard Julien	COL	94	359	310	75	15	1	9	41	34	44	104	3	4	1	.242	.340	.384	.725	.321	92	-0.6	-1.7	-4.1	-1.9	0.6	999.0	3.05	1.43	3.93
278	Keibert Ruiz	WSN	85	330	308	74	14	0	7	30	36	16	38	4	2	1	.240	.283	.359	.642	.281	78	-0.8	-2.2	-9.4	4.4	0.6	999.0	2.07	-1.09	3.75
279	Jose Trevino	CIN	74	267	247	58	11	0	6	26	26	15	42	2	1	0	.234	.281	.356	.637	.279	72	-0.5	0.7	-9.5	6.4	0.6	999.0	1.50	0.72	3.55
280	Nick Fortes	TBR	90	308	280	63	11	0	7	29	30	17	55	6	2	1	.224	.280	.341	.621	.274	73	-0.2	-1.6	-10.0	5.4	0.6	999.0	1.68	0.49	3.81
281	Andrew Vaughn	MIL	128	533	485	122	24	1	19	55	73	37	104	6	0	0	.251	.309	.419	.728	.316	103	-1.6	-2.3	0.1	-12.2	0.6	398.6	2.35	-1.09	4.10
282	Jasson Domínguez	NYY	62	243	217	53	10	0	7	32	27	23	62	2	11	2	.242	.315	.391	.707	.309	97	0.7	0.2	-0.2	-2.4	0.6	272.0	9.24	-0.63	3.26
283	Travis d'Arnaud	LAA	62	228	209	46	10	1	7	23	25	14	65	3	0	0	.218	.277	.376	.653	.285	80	-0.6	-0.7	-6.0	3.8	0.6	999.0	2.04	0.03	3.56
284	Josh Lowe	LAA	115	471	428	102	22	2	13	57	49	37	127	2	21	4	.237	.299	.392	.691	.300	90	1.5	-1.5	-4.1	-6.5	0.6	259.9	1.92	2.32	3.74
285	Taylor Walls	TBR	86	328	291	62	13	2	5	37	30	32	77	1	15	4	.215	.291	.327	.617	.275	73	0.8	0.6	-9.5	4.0	0.6	999.0	3.54	-0.05	3.42
286	Edgar Quero	CHW	110	428	383	97	18	0	8	42	43	36	78	5	1	1	.254	.325	.366	.690	.306	95	-1.1	-1.8	-3.8	-5.1	0.6	635.8	1.52	1.17	3.94
287	Tyler Freeman	COL	82	334	294	81	16	1	5	43	31	25	45	10	13	4	.275	.350	.391	.741	.328	97	0.4	-0.7	-0.9	-4.7	0.6	735.3	3.22	-0.18	3.05
288	Miguel Rojas	LAD	58	211	192	48	10	0	4	24	20	14	30	2	3	1	.248	.302	.358	.660	.290	84	-0.1	1.5	-4.1	2.4	0.6	999.0	1.03	-1.13	3.13
289	Thairo Estrada	COL	69	284	264	65	12	1	7	32	30	13	54	5	5	2	.245	.289	.373	.662	.289	83	-0.2	0.5	-5.8	1.6	0.6	999.0	2.63	-0.21	3.53
290	Lourdes Gurriel Jr.	ARI	67	284	262	69	13	1	9	32	37	16	45	3	4	1	.264	.311	.425	.736	.318	102	-0.3	-0.2	0.5	-4.6	0.5	736.0	4.91	1.16	3.41
291	Luisangel Acuña	CHW	104	352	325	80	15	2	4	41	28	21	66	2	19	4	.245	.292	.340	.632	.278	76	1.3	0.3	-8.7	2.1	0.5	487.8	3.38	-0.81	3.02
292	Giancarlo Stanton	NYY	98	401	358	81	13	0	24	48	65	38	125	2	0	0	.225	.301	.460	.761	.325	108	-1.3	-0.3	2.5	-10.8	0.5	246.8	4.07	-0.97	3.81
293	Thomas Saggese	STL	84	330	304	73	15	1	6	35	33	20	85	4	4	1	.241	.293	.360	.653	.286	81	-0.2	0.9	-7.5	1.6	0.5	999.0	2.00	0.32	3.77
294	Mike Tauchman		78	318	276	64	12	1	7	38	31	37	72	3	2	1	.234	.329	.364	.693	.309	97	-0.8	-0.1	-1.9	-3.6	0.5	999.0	1.72	-2.17	3.93
295	José Fermín	STL	67	228	198	48	10	0	4	25	21	23	31	4	7	2	.241	.330	.351	.680	.304	94	0.1	-0.4	-1.6	-0.9	0.5	999.0	2.79	0.13	3.10
296	Austin Wynns	ATH	43	153	140	32	6	0	4	16	18	10	42	1	1	0	.227	.281	.364	.645	.282	79	-0.2	0.8	-4.1	4.1	0.5	999.0	2.02	-0.76	3.05
297	Alex Call	LAD	47	175	150	35	7	0	4	21	18	19	33	3	3	1	.235	.330	.362	.692	.309	97	-0.3	1.0	-0.9	0.1	0.5	999.0	2.67	-2.17	3.11
298	Ben Williamson	TBR	57	222	203	51	10	1	2	24	20	14	47	2	4	1	.250	.306	.342	.648	.287	82	-0.1	1.4	-4.9	2.5	0.5	999.0	2.47	-0.34	3.06
299	CJ Kayfus	CLE	102	398	354	82	18	3	11	45	46	35	109	5	5	1	.233	.308	.392	.700	.306	97	-0.2	-0.4	-1.7	-6.9	0.5	999.0	2.33	-1.17	4.40
300	Anthony Santander	TOR	39	168	150	34	6	0	8	20	22	16	39	2	0	0	.226	.304	.422	.726	.314	102	-0.4	2.8	0.0	-0.7	0.5	317.7	12.57	-0.40	3.28
301	Connor Wong	BOS	60	221	201	47	10	1	5	24	21	15	54	3	3	1	.233	.292	.359	.651	.286	78	-0.3	-1.1	-6.1	3.6	0.5	999.0	2.01	-0.42	3.28
302	Walker Jenkins	MIN	27	110	98	24	5	0	2	13	11	10	25	1	3	0	.243	.318	.374	.692	.305	94	0.0	2.0	-0.8	2.0	0.5	999.0	2.66	-0.08	2.66
303	Noelvi Marte	CIN	123	517	477	119	23	2	16	63	60	31	119	5	15	5	.250	.301	.406	.707	.306	90	0.3	-1.0	-5.5	-6.7	0.5	132.0	3.50	1.79	4.49
304	Michael Massey	KCR	81	318	295	71	15	1	8	32	34	15	58	3	2	1	.240	.282	.382	.664	.287	82	-0.3	0.7	-7.0	1.3	0.5	999.0	2.11	0.07	3.78
305	Tyler Heineman	TOR	43	148	129	28	5	1	3	16	13	11	31	3	2	1	.217	.296	.325	.621	.278	77	-0.2	0.9	-4.3	4.2	0.5	999.0	1.31	-0.70	2.99
306	Will Benson	CIN	66	244	216	48	10	2	9	30	29	24	75	2	6	2	.222	.300	.412	.712	.308	92	-0.2	1.9	-2.5	-0.6	0.5	999.0	2.15	-1.20	3.63
307	Jimmy Crooks	STL	27	99	90	21	4	0	2	10	10	7	27	1	0	0	.233	.293	.353	.645	.284	80	-0.1	2.0	-2.5	4.1	0.5	999.0	2.30	0.52	2.70
308	Ramón Urías		59	228	207	50	10	1	6	25	25	16	51	3	2	0	.241	.302	.385	.687	.300	91	-0.4	-0.9	-2.8	0.0	0.5	999.0	2.09	1.43	3.35
309	Darell Hernaiz	ATH	47	181	163	41	8	1	2	19	16	13	28	1	3	1	.252	.309	.359	.667	.294	86	-0.1	0.7	-3.0	1.8	0.5	999.0	2.56	-0.60	2.89
310	Trey Sweeney	DET	25	92	83	18	3	0	2	10	9	7	25	1	2	0	.214	.285	.346	.631	.279	76	0.0	3.2	-2.6	4.3	0.5	999.0	3.87	0.45	2.70
311	Endy Rodríguez	PIT	25	93	85	20	5	0	2	10	9	8	20	0	0	0	.233	.297	.347	.644	.285	79	-0.1	4.4	-2.5	4.2	0.5	999.0	3.95	0.81	2.66
312	Rafael Marchán	PHI	45	159	142	32	6	0	3	16	16	13	27	2	1	0	.227	.298	.329	.627	.280	76	-0.3	0.9	-4.9	4.4	0.5	999.0	3.35	-1.95	3.03
313	Matt Vierling	DET	62	247	223	54	10	1	6	28	25	19	58	2	4	1	.241	.305	.374	.679	.298	89	0.0	-0.8	-3.1	-0.6	0.5	999.0	2.24	0.43	3.39
314	Brady House	WSN	122	488	458	110	20	1	12	50	53	22	136	3	6	2	.241	.279	.369	.648	.281	78	-0.4	-0.3	-13.1	1.6	0.5	999.0	1.85	-0.93	4.57
315	Travis Bazzana	CLE	52	214	186	40	8	1	5	26	20	23	61	2	4	1	.216	.310	.346	.657	.294	88	-0.1	-0.3	-3.1	0.5	0.5	999.0	1.82	0.35	3.41
316	Mark Vientos	NYM	110	450	411	99	18	1	19	51	60	31	118	4	1	0	.240	.298	.429	.727	.314	100	-1.0	0.5	-1.0	-9.5	0.5	394.6	2.62	-0.85	4.33
317	Amed Rosario	NYY	66	255	240	62	11	2	5	28	27	11	47	2	5	1	.259	.296	.378	.674	.294	86	0.6	-0.4	-3.5	-0.4	0.5	999.0	3.27	-0.51	3.17
318	David Hamilton	MIL	56	197	178	38	7	1	5	25	18	16	49	1	17	4	.211	.277	.346	.623	.274	74	1.6	1.6	-4.4	2.5	0.5	735.8	3.33	-1.32	2.74
319	Leo Rivas	SEA	44	148	126	27	4	0	2	17	12	19	37	1	6	1	.215	.321	.299	.620	.284	87	0.3	0.7	-2.0	1.6	0.5	999.0	2.96	-0.45	2.86
320	Hunter Feduccia	TBR	74	256	226	49	10	1	5	25	24	26	66	1	2	0	.217	.299	.329	.629	.281	78	-0.4	-2.5	-7.2	3.2	0.5	999.0	1.99	-1.56	3.63
321	Jorge Soler	LAA	117	480	421	95	19	0	21	56	59	49	130	5	1	0	.226	.313	.422	.735	.320	104	-1.5	-3.7	0.6	-12.5	0.5	685.8	2.06	3.25	4.17
322	Matt Shaw	CHC	70	270	242	58	11	1	8	34	29	23	55	3	10	3	.238	.310	.389	.699	.306	95	0.5	0.3	-1.0	-3.5	0.5	280.5	4.66	-0.50	3.42
323	James McCann	ARI	52	192	176	42	8	0	5	20	23	11	50	3	1	0	.237	.288	.374	.663	.289	83	-0.5	-0.5	-4.4	2.6	0.5	999.0	2.53	-1.39	3.23
324	Dominic Canzone	SEA	105	410	374	89	17	1	15	45	50	30	95	3	4	1	.238	.296	.408	.704	.304	101	-0.7	0.1	-0.4	-9.1	0.5	638.4	1.75	-1.12	4.36
325	Andrew Benintendi	CHW	119	494	445	110	19	1	16	54	58	42	86	2	3	1	.246	.312	.401	.713	.310	97	-0.9	-3.5	-2.3	-9.9	0.5	999.0	1.18	-1.41	4.58
326	Taylor Trammell	HOU	15	51	45	9	2	0	1	6	5	5	16	0	1	0	.203	.291	.353	.644	.285	82	0.0	4.4	-1.1	3.7	0.4	999.0	3.63	0.59	2.47
327	Jake Fraley	TBR	96	360	322	77	15	1	8	41	37	32	75	3	11	4	.238	.313	.367	.680	.300	91	0.1	0.9	-3.9	-3.9	0.4	999.0	1.53	0.26	3.75
328	Ryan Waldschmidt	ARI	35	142	124	30	6	1	3	17	14	14	30	2	4	1	.243	.331	.371	.702	.311	98	0.0	1.4	-0.4	0.0	0.4	999.0	4.98	-2.19	2.82
329	Alan Roden	MIN	50	185	164	41	9	1	3	22	18	15	35	4	3	1	.246	.322	.370	.692	.306	94	-0.1	1.9	-1.3	-0.7	0.4	999.0	2.67	-0.42	3.03
330	Paul Goldschmidt	NYY	89	365	331	84	18	0	11	44	41	29	82	2	4	1	.252	.315	.407	.722	.314	100	-0.8	0.3	-0.6	-7.4	0.4	735.1	4.63	-0.07	3.97
331	Leody Taveras	BAL	18	67	62	14	3	0	2	7	7	5	15	0	3	1	.234	.286	.360	.646	.283	81	0.2	3.2	-1.3	3.2	0.4	999.0	3.88	0.89	2.45
332	Nathaniel Lowe	CIN	83	347	305	75	13	1	9	39	40	38	84	2	1	0	.245	.329	.382	.712	.314	100	-1.0	0.2	-0.9	-6.7	0.4	999.0	3.28	0.69	4.00
333	Triston Casas	BOS	48	194	169	40	8	0	8	22	25	23	49	1	0	0	.236	.330	.421	.751	.326	105	-0.5	0.9	0.6	-3.2	0.4	702.4	3.45	-0.04	3.31
334	Jonah Heim	ATL	41	153	141	31	6	0	4	15	17	11	31	0	0	0	.223	.281	.356	.636	.279	77	-0.3	0.4	-4.6	3.6	0.4	999.0	6.21	-0.05	3.06
335	Mickey Moniak	COL	117	479	447	115	22	5	20	63	65	25	120	4	9	3	.256	.299	.465	.764	.326	95	-0.3	-0.4	-3.1	-8.8	0.4	254.7	2.50	0.38	4.63
336	Blake Perkins	MIL	60	228	202	44	8	1	4	26	21	22	62	1	8	2	.217	.296	.331	.627	.279	78	0.3	1.2	-5.7	2.1	0.4	999.0	1.58	0.59	3.30
337	Jake Mangum	PIT	80	316	296	81	16	2	2	32	28	15	53	3	13	4	.272	.311	.359	.670	.294	85	0.5	1.5	-5.1	-1.4	0.4	622.3	3.13	-0.88	2.76
338	Javier Báez	DET	84	319	300	69	13	1	8	34	36	12	77	4	5	1	.231	.267	.360	.627	.273	72	0.2	-0.4	-10.3	3.2	0.4	999.0	1.75	-1.12	3.91
339	Ryan Ritter	COL	54	209	187	46	9	2	4	25	21	15	55	4	3	1	.245	.312	.380	.692	.304	80	0.0	0.9	-5.0	1.9	0.4	999.0	2.66	0.22	3.17
340	Drew Millas	WSN	36	127	115	28	5	1	2	13	12	9	21	1	3	1	.242	.300	.346	.646	.284	80	0.1	-0.1	-2.9	2.6	0.4	999.0	2.17	0.90	2.69
341	Owen Caissie	MIA	109	402	359	83	18	1	12	45	44	37	124	3	5	2	.231	.306	.388	.694	.303	92	-0.3	0.4	-4.1	-5.5	0.4	542.2	2.58	-0.88	4.41
342	Daniel Schneemann	CLE	58	221	197	43	9	1	6	24	22	21	60	1	4	1	.217	.293	.357	.650	.287	83	-0.2	0.2	-4.5	0.8	0.4	999.0	2.63	-0.68	3.40
343	Luke Raley	SEA	71	268	237	52	10	1	9	31	30	20	81	8	5	1	.219	.299	.384	.683	.300	98	-0.3	0.5	-0.9	-4.5	0.4	999.0	1.97	-1.78	3.77
344	Andy Ibáñez	ATH	54	186	170	41	9	1	4	19	19	13	37	2	3	1	.240	.299	.370	.670	.294	87	-0.4	0.7	-3.3	0.8	0.4	999.0	2.31	0.60	3.05
345	Rhys Hoskins		100	402	350	77	15	1	16	45	51	43	109	5	3	1	.220	.312	.406	.719	.314	100	-1.2	-1.0	-1.1	-8.7	0.4	999.0	2.14	-0.54	4.35
346	Mauricio Dubón	ATL	91	345	321	81	16	1	5	37	33	17	44	2	3	1	.252	.292	.355	.647	.283	79	-0.3	-1.7	-8.9	1.2	0.4	999.0	2.88	-1.66	3.64
347	Sung-Mun Song	SDP	66	262	239	56	11	1	5	28	26	20	45	1	6	1	.235	.294	.356	.650	.284	80	0.1	0.2	-6.1	1.0	0.4	999.0	3.08	-0.08	3.42
348	César Salazar	HOU	50	146	127	26	5	0	3	14	13	12	30	4	1	0	.204	.292	.308	.600	.271	72	-0.2	-0.1	-5.1	3.8	0.4	999.0	2.35	-0.17	3.05
349	Dane Myers	CIN	63	233	212	51	9	1	6	26	24	16	59	3	8	2	.241	.301	.368	.669	.294	82	0.2	0.2	-4.6	0.6	0.4	999.0	1.51	0.28	3.17
350	Graham Pauley	MIA	85	318	285	63	14	1	8	34	33	27	68	3	4	1	.222	.294	.363	.657	.289	82	-0.2	1.7	-6.9	0.0	0.4	999.0	3.23	0.44	3.93
351	Alex Jackson	MIN	16	52	48	10	2	0	2	6	6	3	17	0	0	0	.201	.260	.365	.625	.273	72	-0.1	2.5	-1.8	3.7	0.4	999.0	2.67	0.24	2.54
352	Rob Refsnyder	SEA	62	234	206	49	10	0	7	27	27	23	62	3	3	1	.238	.323	.392	.715	.314	107	-0.3	-0.7	1.6	-6.1	0.4	999.0	1.91	0.32	3.45
353	Christian Vázquez		54	191	174	39	7	0	4	17	17	12	37	2	2	1	.224	.278	.328	.605	.267	68	-0.6	0.7	-7.7	4.8	0.4	999.0	2.28	0.37	3.13
354	Zach Cole	HOU	87	339	304	64	13	3	11	40	38	29	128	4	10	3	.210	.286	.382	.668	.291	85	0.1	-0.5	-5.7	-2.5	0.4	999.0	3.57	-2.02	3.93
355	Liam Hicks	MIA	84	316	272	65	12	1	4	31	30	33	50	7	2	0	.240	.333	.338	.671	.302	91	-0.6	-1.6	-3.8	-3.3	0.4	999.0	2.15	-1.48	3.66
356	Tyler Austin	CHC	58	236	211	51	11	1	9	28	30	22	58	1	1	0	.241	.315	.427	.741	.320	104	-0.5	0.0	0.7	-5.3	0.3	999.0	2.92	0.60	3.54
357	Kevin Alcántara	CHC	24	71	65	15	3	0	2	8	8	5	21	0	2	0	.231	.290	.353	.643	.284	80	0.0	3.2	-1.7	2.6	0.3	999.0	4.32	-0.38	2.51
358	Jake McCarthy	COL	92	357	323	84	14	4	6	44	33	23	62	6	14	3	.261	.319	.386	.705	.309	83	1.2	0.5	-5.8	-2.8	0.3	622.8	2.30	1.09	3.28
359	Moisés Ballesteros	CHC	91	349	314	82	15	1	10	39	41	29	64	2	2	1	.260	.325	.411	.736	.319	104	-0.6	-1.4	1.0	-9.5	0.3	653.4	2.81	-5.66	3.74
360	Emmanuel Rodriguez	MIN	12	47	40	9	2	0	1	6	4	7	16	0	1	0	.214	.329	.353	.682	.306	95	0.0	2.1	-0.3	1.9	0.3	999.0	3.08	0.05	2.43
361	Pavin Smith	ARI	103	403	350	82	17	1	12	47	47	47	103	2	3	1	.234	.326	.393	.719	.316	101	-1.0	-0.4	-0.6	-9.5	0.3	999.0	2.12	-0.78	4.52
362	Tyler Fitzgerald	SFG	24	93	86	19	4	0	2	10	9	6	28	1	3	0	.219	.274	.350	.624	.274	73	0.2	3.2	-2.8	2.8	0.3	999.0	6.22	-1.66	2.65
363	Reese McGuire	MIL	34	125	114	25	5	0	3	12	14	8	29	1	1	0	.220	.273	.349	.622	.272	73	-0.2	0.6	-4.3	3.2	0.3	999.0	3.07	-0.41	2.89
364	Jeremiah Jackson	BAL	49	197	184	44	9	1	6	22	22	10	47	2	3	1	.238	.283	.387	.670	.291	86	-0.2	-0.6	-3.4	-0.3	0.3	999.0	2.41	0.32	3.21
365	Angel Martínez	CLE	70	275	251	58	12	1	6	30	26	17	59	3	5	1	.231	.285	.360	.645	.282	80	0.1	-1.2	-6.3	-0.1	0.3	999.0	1.39	-1.04	3.58
366	Christopher Morel	MIA	83	325	290	64	12	1	13	38	39	30	98	3	6	2	.221	.299	.406	.706	.307	94	0.1	1.0	-2.0	-5.7	0.3	999.0	3.25	-0.62	4.03
367	Jesus Rodriguez	SFG	10	38	35	9	2	0	0	4	3	3	6	0	1	0	.262	.322	.337	.659	.293	86	0.0	1.7	-0.7	2.4	0.3	999.0	2.72	0.58	2.28
368	Brett Harris	ATH	46	166	147	33	7	0	4	18	16	14	36	3	2	1	.227	.303	.348	.651	.289	83	-0.2	0.8	-3.4	0.9	0.3	999.0	2.36	-0.63	3.06
369	Nathan Church	STL	56	192	174	43	8	1	3	21	18	12	31	3	4	1	.244	.300	.354	.654	.288	82	0.0	1.9	-4.0	0.5	0.3	999.0	3.63	-2.18	3.01
370	Randal Grichuk		65	237	219	53	11	1	9	28	29	15	49	2	1	0	.244	.296	.428	.724	.311	99	-0.2	-0.4	-0.6	-4.5	0.3	999.0	1.38	-0.38	3.48
371	Jesse Winker		76	292	249	58	11	1	8	33	31	36	65	4	4	1	.234	.337	.378	.715	.317	102	-1.0	-0.6	-0.2	-6.8	0.3	999.0	1.53	0.66	3.74
372	José Tena	WSN	63	241	221	53	11	1	4	24	23	17	61	1	7	2	.242	.297	.357	.654	.288	83	0.0	-1.2	-5.0	-0.2	0.3	999.0	1.13	0.82	3.13
373	Ryan Mountcastle	BAL	44	177	163	42	8	0	6	20	21	11	44	1	1	0	.256	.304	.411	.715	.309	99	-0.1	1.2	-0.3	-2.9	0.3	999.0	4.00	-1.25	3.01
374	Nick Loftin	KCR	37	135	120	28	6	0	2	15	13	12	22	1	2	1	.235	.309	.347	.656	.291	85	-0.1	1.7	-2.5	0.8	0.3	999.0	2.47	0.44	2.84
375	Jordan Beck	COL	128	524	477	118	24	3	15	62	57	41	151	3	16	5	.248	.309	.406	.716	.311	85	0.4	0.1	-8.7	-5.8	0.3	239.1	4.59	0.18	4.34
376	Luis Urías		42	160	140	31	6	0	4	17	16	15	30	4	1	0	.223	.311	.352	.663	.296	88	-0.2	-0.8	-2.4	-0.1	0.3	999.0	2.42	0.51	3.07
377	Luke Maile	KCR	17	59	52	11	3	0	1	5	5	5	17	0	0	0	.218	.296	.318	.614	.276	74	-0.1	1.3	-1.9	2.6	0.3	999.0	3.98	-0.10	2.46
378	Tommy Pham		83	338	302	73	14	1	8	38	35	31	76	2	5	2	.241	.314	.378	.692	.304	93	-0.7	-1.5	-3.3	-5.4	0.3	999.0	3.79	-0.40	3.84
379	Andrew Knizner	SEA	36	127	114	24	4	0	2	13	12	9	27	3	1	0	.214	.285	.316	.602	.269	77	-0.2	-0.8	-3.7	2.0	0.3	999.0	1.94	0.08	2.90
380	Max Kepler		39	158	141	33	7	0	6	18	18	14	32	1	1	0	.234	.307	.403	.710	.309	97	-0.3	0.0	-0.9	-1.7	0.3	999.0	2.75	-0.16	3.08
381	J.C. Escarra	NYY	44	150	133	29	6	1	3	15	15	13	29	2	1	0	.220	.295	.340	.635	.282	78	-0.2	-0.6	-4.1	1.7	0.3	999.0	2.88	-0.11	3.01
382	Jose Iglesias		49	184	170	43	8	0	2	19	17	10	31	3	2	1	.254	.304	.343	.647	.286	81	-0.3	-0.6	-4.4	0.8	0.3	999.0	1.88	-0.48	2.89
383	Leo Jiménez	TOR	38	131	115	27	5	0	3	14	13	10	30	4	1	0	.231	.310	.354	.664	.296	89	-0.2	-1.1	-2.0	0.1	0.3	999.0	3.30	0.41	2.86
384	Zack Gelof	ATH	41	159	144	31	7	0	5	19	17	13	53	1	5	1	.217	.284	.376	.661	.289	83	0.3	-0.6	-2.9	0.1	0.3	999.0	4.43	-0.61	3.08
385	Jorge Mateo	ATL	46	159	147	33	7	1	3	20	14	9	43	1	13	3	.223	.269	.358	.627	.273	72	1.3	0.0	-4.0	1.3	0.3	999.0	3.96	-0.61	2.68
386	Kristian Campbell	BOS	34	137	122	30	5	0	3	15	14	13	35	2	2	1	.243	.326	.369	.694	.309	93	-0.1	0.2	-1.3	-0.9	0.3	999.0	4.79	-0.53	2.83
387	Tim Tawa	ARI	43	162	146	32	7	1	4	18	17	12	42	1	4	1	.222	.286	.364	.651	.285	80	0.0	1.4	-3.8	1.0	0.3	999.0	3.16	-0.74	3.04
388	Jonny DeLuca	TBR	73	279	255	59	11	2	6	31	28	19	59	3	11	2	.230	.289	.365	.654	.286	81	0.4	0.1	-5.7	-1.2	0.3	999.0	2.29	-3.83	3.38
389	Hyeseong Kim	LAD	47	166	154	38	7	1	3	19	16	9	41	1	8	1	.248	.294	.355	.648	.284	80	0.7	-0.6	-3.3	0.1	0.3	999.0	3.94	-1.77	2.74
390	Ryan Clifford	NYM	12	49	43	9	2	0	2	6	6	6	15	0	0	0	.207	.302	.403	.705	.308	96	-0.1	2.2	-0.3	1.1	0.3	999.0	4.59	-0.40	2.52
391	Christian Koss	SFG	30	107	98	23	5	0	2	12	10	5	25	2	2	0	.236	.286	.342	.628	.277	75	0.0	1.6	-3.1	1.9	0.2	999.0	5.15	-0.23	2.69
392	Daniel Susac	SFG	24	90	83	19	3	0	2	8	9	5	26	1	1	0	.226	.274	.346	.621	.272	71	-0.1	0.6	-3.1	2.5	0.2	999.0	2.35	0.23	2.62
393	Tom Murphy		24	93	84	19	4	0	3	10	11	8	26	1	1	0	.223	.292	.387	.679	.297	88	-0.2	-1.2	-1.4	0.6	0.2	999.0	1.02	0.79	2.71
394	Michael Conforto		82	321	281	63	13	0	10	36	36	33	79	5	1	0	.223	.313	.381	.694	.306	95	-0.5	-2.2	-2.5	-6.0	0.2	999.0	1.06	-1.42	4.13
395	Ryan Kreidler	MIN	23	81	71	14	3	0	1	8	6	8	26	1	2	1	.192	.280	.296	.575	.261	63	0.0	2.2	-3.5	3.0	0.2	999.0	2.55	1.11	2.61
396	Jeferson Quero	MIL	15	59	54	13	2	0	1	6	7	4	11	0	0	0	.234	.292	.363	.655	.288	83	0.0	0.4	-1.2	1.6	0.2	999.0	2.92	0.03	2.48
397	Jack Suwinski	PIT	27	100	88	18	4	0	3	11	11	11	31	1	3	0	.206	.301	.359	.659	.292	84	0.0	1.8	-1.9	0.9	0.2	999.0	4.85	0.32	2.78
398	Jon Berti		51	175	159	38	6	1	2	20	13	13	37	2	10	2	.239	.301	.329	.630	.280	77	0.7	-0.8	-4.0	0.3	0.2	999.0	0.54	-1.20	2.70
399	Ezequiel Duran	TEX	79	288	268	63	14	1	5	30	26	15	69	3	8	2	.234	.280	.354	.634	.277	77	0.0	-1.1	-7.8	0.2	0.2	999.0	1.63	0.53	3.40
400	James Outman	MIN	63	227	201	41	8	1	7	28	24	21	79	3	4	1	.203	.288	.365	.653	.288	82	0.2	0.9	-4.7	-0.9	0.2	999.0	3.73	-1.79	3.61
401	Ty France		79	316	285	72	14	0	7	33	34	19	58	10	1	0	.252	.318	.374	.693	.306	95	-0.7	0.2	-2.6	-5.9	0.2	999.0	3.76	1.22	3.62
402	Orlando Arcia	MIN	40	148	136	30	6	0	4	14	14	10	32	1	0	0	.223	.276	.344	.620	.272	71	-0.2	1.3	-5.2	2.2	0.2	999.0	3.01	0.18	2.98
403	Elias Díaz		38	135	124	27	5	0	3	13	14	9	33	1	0	0	.218	.275	.345	.620	.272	72	-0.4	-0.5	-4.9	2.4	0.2	999.0	2.43	-0.44	2.97
404	Michael Helman	TEX	42	150	137	29	7	0	4	17	15	9	35	2	4	1	.210	.265	.340	.605	.265	69	0.2	1.6	-5.3	2.3	0.2	999.0	1.80	0.63	3.02
405	Cody Freeman	TEX	52	200	185	44	9	0	4	21	21	11	32	1	3	1	.237	.283	.358	.641	.280	79	-0.2	-0.2	-5.2	0.3	0.2	999.0	2.15	0.28	3.19
406	Dominic Keegan	TBR	17	66	60	14	3	0	2	7	7	5	18	1	0	0	.227	.289	.367	.656	.287	82	-0.1	0.0	-1.5	1.3	0.2	999.0	2.10	0.60	2.53
407	Jacob Melton	TBR	43	147	134	29	6	0	4	17	15	11	40	1	8	2	.218	.280	.349	.629	.277	75	0.5	1.9	-3.8	0.9	0.2	718.9	2.84	-0.91	2.85
408	Otto Kemp	PHI	56	214	191	45	10	1	6	26	25	15	61	6	4	1	.234	.308	.392	.700	.306	94	-0.2	-0.6	-1.8	-3.2	0.2	999.0	1.74	0.11	3.38
409	Austin Hedges	CLE	42	142	126	24	4	0	3	12	12	11	37	1	1	1	.188	.259	.296	.554	.248	57	-0.2	1.3	-7.5	4.5	0.2	999.0	2.20	0.49	3.04
410	Johnathan Rodríguez	CLE	51	191	173	41	8	1	6	21	22	16	54	1	1	1	.237	.304	.388	.692	.302	94	-0.3	0.0	-1.6	-3.0	0.2	999.0	1.61	2.22	3.20
411	Alex Freeland	LAD	37	138	122	27	6	0	4	17	14	14	37	1	3	1	.218	.304	.353	.657	.292	85	0.0	-1.1	-2.4	-0.4	0.2	999.0	1.35	0.70	2.98
412	Enmanuel Valdez	PIT	8	29	26	6	2	0	1	3	4	3	6	0	0	0	.233	.303	.365	.667	.294	85	0.0	1.3	-0.5	1.4	0.2	999.0	3.50	0.35	2.32
413	Jake Bauers	MIL	87	314	273	58	11	1	12	36	38	37	94	2	9	2	.211	.308	.386	.694	.305	95	-0.2	-1.2	-1.9	-6.8	0.2	999.0	1.40	2.00	3.89
414	Vidal Bruján	NYM	12	40	36	8	2	0	0	4	3	3	9	0	1	1	.222	.285	.298	.583	.261	64	0.0	1.7	-1.7	2.1	0.2	999.0	3.08	0.49	2.34
415	Joey Loperfido	HOU	27	99	90	21	4	0	2	11	10	6	27	2	2	1	.231	.291	.359	.650	.285	82	0.0	1.7	-2.2	0.5	0.2	999.0	2.14	0.74	2.68
416	Brett Wisely	ATL	14	50	45	10	2	0	1	5	5	4	12	0	1	0	.221	.284	.329	.613	.272	71	0.0	1.4	-1.7	1.7	0.2	999.0	2.98	0.28	2.42
417	Michael Siani	LAD	8	21	19	4	1	0	0	3	2	2	6	0	1	0	.205	.278	.261	.538	.246	54	0.0	2.0	-1.1	2.1	0.2	999.0	2.99	0.25	2.28
418	Coby Mayo	BAL	18	69	62	14	3	0	2	8	8	6	20	1	0	0	.226	.300	.393	.693	.303	95	-0.1	0.0	-0.5	-0.2	0.2	999.0	4.85	-1.38	2.58
419	Everson Pereira	CHW	57	219	197	43	8	1	8	27	25	18	69	3	5	1	.219	.291	.390	.680	.297	89	-0.1	-1.0	-3.0	-2.8	0.2	999.0	3.88	-1.17	3.52
420	Esteury Ruiz	MIA	28	90	80	19	4	1	2	12	8	7	22	2	8	2	.234	.309	.364	.673	.298	88	0.6	-0.7	-0.6	-0.7	0.2	999.0	4.22	-0.83	2.43
421	Gabriel Rincones Jr.	PHI	8	30	27	6	1	0	1	4	3	3	8	0	1	0	.218	.300	.380	.680	.298	88	0.0	1.4	-0.4	1.0	0.2	999.0	3.12	-0.43	2.31
422	Nick Yorke	PIT	37	140	128	32	6	0	2	15	14	10	32	1	3	1	.246	.301	.353	.653	.287	80	0.0	0.0	-3.3	0.2	0.2	999.0	4.10	0.41	2.76
423	Justyn-Henry Malloy	TBR	57	207	179	43	9	0	5	24	23	24	58	3	1	0	.238	.336	.368	.704	.314	101	-0.3	-2.2	-0.1	-5.3	0.2	999.0	1.83	0.39	3.32
424	Ryan Bliss	SEA	26	97	87	19	4	0	2	11	9	7	26	1	5	2	.217	.288	.338	.626	.278	83	0.2	-0.4	-1.8	0.0	0.2	999.0	4.63	0.34	2.61
425	Garrett Stubbs	PHI	18	30	27	6	1	0	0	3	3	2	7	0	0	0	.213	.282	.296	.578	.260	62	0.0	0.5	-1.4	1.9	0.2	999.0	2.60	0.26	2.33
426	Robert Hassell III	WSN	67	254	233	55	10	0	5	26	24	18	64	1	6	1	.237	.294	.342	.636	.281	78	0.2	0.3	-6.5	-0.5	0.2	999.0	2.43	-0.87	3.29
427	Tristan Gray	MIN	20	72	65	14	3	0	2	8	8	5	20	1	0	0	.210	.265	.356	.621	.270	70	-0.1	1.5	-2.6	1.6	0.2	999.0	3.17	-0.58	2.62
428	Santiago Espinal	CIN	53	194	177	44	8	0	2	19	17	13	27	1	2	1	.247	.300	.331	.631	.280	77	-0.1	-1.0	-5.4	0.3	0.1	999.0	1.95	0.11	2.94
429	Isiah Kiner-Falefa	BOS	55	213	198	49	8	1	2	22	19	10	36	3	6	2	.250	.293	.334	.626	.276	71	0.5	-0.1	-6.9	1.0	0.1	999.0	4.33	-0.15	2.93
430	Kameron Misner	KCR	17	62	55	11	3	0	2	7	6	6	20	0	2	0	.205	.289	.339	.628	.279	77	0.1	1.4	-1.7	1.0	0.1	999.0	2.94	-0.33	2.50
431	Alejandro Osuna	TEX	28	102	90	21	4	0	2	12	9	9	22	2	3	1	.236	.314	.348	.662	.294	88	0.0	0.6	-1.4	-0.7	0.1	999.0	2.28	0.47	2.62
432	Tyler Callihan	CIN	26	78	71	16	3	0	2	8	7	6	21	0	2	0	.222	.285	.350	.634	.280	72	0.1	0.9	-2.5	1.3	0.1	999.0	3.11	-0.05	2.54
433	Mason McCoy	SDP	28	81	74	15	3	0	1	8	6	6	25	0	2	0	.199	.260	.296	.556	.248	55	0.1	1.5	-4.2	2.8	0.1	999.0	3.50	-0.01	2.61
434	Derek Hill	CHW	34	128	117	27	5	0	3	14	12	8	37	1	4	1	.232	.284	.361	.645	.282	79	0.2	-0.1	-3.0	0.1	0.1	999.0	4.61	-0.63	2.76
435	Starling Marte		64	253	230	59	10	1	6	30	25	15	54	5	7	2	.255	.313	.381	.694	.305	94	0.1	-0.3	-1.7	-5.5	0.1	999.0	2.12	1.97	3.20
436	Enrique Hernández	LAD	69	255	233	52	11	0	7	27	29	18	60	1	1	0	.224	.280	.367	.647	.283	79	-0.2	-0.6	-6.6	-0.8	0.1	999.0	2.09	0.35	3.72
437	Carlos Cortes	ATH	42	151	137	32	7	0	4	17	18	12	33	1	1	0	.233	.295	.388	.683	.298	89	-0.3	0.3	-2.2	-1.6	0.1	999.0	2.16	-2.65	3.04
438	Nate Eaton	BOS	25	87	80	18	4	0	2	10	8	5	22	1	3	1	.225	.284	.333	.617	.273	69	0.2	2.3	-3.1	1.3	0.1	999.0	3.21	0.64	2.58
439	Eli White	ATL	31	109	100	23	4	1	3	14	11	7	30	2	4	1	.233	.292	.369	.661	.290	84	0.2	0.7	-1.9	-0.4	0.1	999.0	3.55	-0.77	2.71
440	T.J. Rumfield	COL	20	79	71	18	4	0	2	9	9	6	16	1	0	0	.251	.317	.384	.701	.307	96	-0.1	0.8	-0.5	-0.9	0.1	999.0	2.72	-0.54	2.54
441	Johan Rojas	PHI	29	104	95	22	4	1	1	12	9	6	23	1	5	1	.236	.283	.340	.623	.273	71	0.5	0.5	-3.0	0.8	0.1	999.0	2.70	-0.06	2.55
442	Max Anderson	DET	6	22	20	5	1	0	0	3	3	1	4	0	0	0	.248	.291	.353	.644	.281	78	0.0	1.0	-0.6	1.1	0.1	999.0	3.40	0.19	2.26
443	Eloy Jiménez	TOR	12	42	38	9	2	0	1	4	5	3	8	0	0	0	.247	.303	.390	.693	.302	92	-0.1	0.0	-0.5	0.2	0.1	999.0	1.69	-1.18	2.35
444	Jahmai Jones	DET	43	141	123	29	6	1	4	18	16	14	35	3	3	1	.238	.327	.401	.728	.320	105	0.0	-0.3	0.7	-4.4	0.1	999.0	2.75	-1.35	2.94
445	Tommy Troy	ARI	10	40	36	9	2	0	1	5	4	3	9	0	1	0	.237	.300	.346	.646	.286	81	0.0	0.6	-0.9	0.7	0.1	999.0	3.23	0.42	2.33
446	Kyle Farmer	ATL	21	81	74	17	3	0	2	9	8	5	18	2	0	0	.228	.291	.365	.656	.289	83	-0.2	-0.1	-1.8	0.3	0.1	999.0	5.94	0.05	2.61
447	Jace Jung	DET	20	70	61	13	2	0	2	7	7	8	19	0	0	0	.212	.305	.332	.636	.286	81	-0.1	0.0	-1.6	0.4	0.1	999.0	3.06	-0.58	2.60
448	Eduardo Valencia	DET	6	22	20	5	1	0	1	2	3	1	5	0	0	0	.243	.296	.416	.712	.307	96	0.0	0.3	-0.1	0.5	0.1	999.0	2.52	0.35	2.26
449	Shane McGuire	ATH	7	26	23	5	1	0	0	3	2	3	7	0	0	0	.213	.295	.284	.579	.264	66	0.0	0.8	-1.1	1.3	0.1	999.0	2.07	0.13	2.29
450	Nick Madrigal	LAA	15	59	54	14	3	0	0	6	5	3	7	1	1	0	.253	.308	.318	.626	.280	76	-0.1	0.5	-1.7	0.8	0.1	999.0	2.97	0.75	2.35
451	Masataka Yoshida	BOS	51	208	188	51	10	0	5	23	26	15	27	3	2	0	.272	.334	.402	.736	.322	102	-0.4	-1.0	0.2	-6.3	0.1	999.0	3.34	-1.07	2.98
452	Dylan Moore	PHI	30	103	91	19	4	0	3	14	11	10	31	2	5	2	.205	.293	.370	.663	.293	84	0.3	-0.3	-1.6	-0.7	0.1	999.0	5.25	0.19	2.76
453	Oswald Peraza	LAA	70	251	229	49	8	0	6	27	24	18	67	3	8	2	.214	.279	.337	.616	.273	71	0.5	0.7	-8.1	0.5	0.1	999.0	2.93	0.29	3.41
454	Jhonny Pereda	SEA	7	23	21	5	1	0	0	2	2	2	6	0	0	0	.222	.299	.300	.599	.271	78	0.0	0.4	-0.6	0.9	0.1	999.0	2.59	0.32	2.26
455	Kevin Newman	KCR	7	25	23	6	1	0	0	3	2	1	4	0	0	0	.239	.281	.315	.596	.264	66	0.0	1.1	-1.0	1.2	0.1	999.0	3.34	-0.27	2.27
456	Willie MacIver	TEX	9	33	30	7	2	0	0	3	3	2	9	0	0	0	.219	.282	.322	.604	.269	71	0.0	0.3	-1.1	1.0	0.1	999.0	2.35	0.21	2.32
457	Blake Dunn	CIN	13	45	39	9	2	0	1	5	4	4	13	1	1	0	.227	.314	.338	.652	.293	82	0.1	0.5	-0.9	0.5	0.1	999.0	3.09	0.63	2.37
458	Kyren Paris	LAA	21	77	69	14	3	0	2	9	7	7	26	1	3	1	.201	.279	.344	.623	.276	74	0.2	0.2	-2.2	0.5	0.1	999.0	2.70	0.53	2.60
459	Tre' Morgan	TBR	14	54	48	12	2	0	1	6	6	5	11	0	1	0	.250	.330	.371	.701	.310	98	0.0	0.4	-0.2	-0.6	0.1	999.0	2.24	0.39	2.40
460	Alex Verdugo		50	206	186	46	10	0	4	23	20	16	32	1	1	0	.249	.308	.365	.674	.296	88	-0.4	-0.4	-3.2	-2.7	0.1	999.0	2.37	-0.22	3.12
461	Bryce Teodosio	LAA	57	211	194	41	8	2	3	21	16	11	66	3	9	2	.209	.263	.308	.571	.253	58	0.7	2.7	-9.8	3.5	0.1	999.0	2.37	0.44	3.07
462	Tanner Murray	CHW	18	73	68	16	4	0	1	7	7	3	17	1	0	0	.229	.274	.340	.614	.270	70	-0.1	0.9	-2.6	1.1	0.1	999.0	3.04	0.17	2.53
463	Gabriel Gonzalez	MIN	12	49	45	12	3	0	1	5	5	3	9	1	0	0	.262	.318	.387	.705	.310	97	-0.1	0.1	-0.2	-0.5	0.1	999.0	2.55	0.30	2.34
464	Gavin Sheets	SDP	119	483	436	104	22	1	15	49	57	39	98	4	2	1	.238	.304	.393	.698	.304	93	-1.2	-0.5	-4.9	-10.5	0.1	685.8	1.87	1.29	4.55
465	Tyler Locklear	ARI	56	223	199	46	10	1	6	25	25	18	63	4	4	1	.233	.308	.378	.687	.302	91	-0.1	0.8	-2.4	-4.1	0.1	999.0	3.02	0.06	3.36
466	Joey Wiemer	WSN	35	120	108	22	5	0	3	12	12	10	36	1	2	1	.207	.279	.341	.620	.273	73	0.0	1.4	-3.9	0.8	0.1	999.0	2.32	0.51	2.87
467	Michael Arroyo	SEA	8	27	24	5	1	0	1	3	3	2	6	1	0	0	.229	.306	.368	.674	.298	96	0.0	0.0	-0.1	0.1	0.1	999.0	0.75	0.87	2.28
468	Austin Slater	DET	32	114	101	23	4	0	3	13	11	11	33	1	1	0	.231	.311	.358	.669	.298	89	-0.1	0.0	-1.5	-1.5	0.1	999.0	4.74	0.57	2.80
469	Andrew McCutchen		74	315	274	63	12	0	9	35	33	36	73	3	2	1	.230	.322	.376	.699	.308	97	-1.1	-0.2	-2.4	-7.3	0.1	999.0	1.25	-1.27	3.95
470	Jordan Walker	STL	128	508	462	108	23	1	14	52	55	37	138	5	9	3	.234	.296	.381	.677	.296	88	0.0	-2.9	-7.2	-9.1	0.1	367.5	2.88	0.96	4.47
471	Josh Rojas	KCR	20	77	69	16	4	0	1	7	7	7	17	0	1	0	.230	.303	.339	.643	.286	81	0.0	-0.3	-1.8	0.0	0.1	999.0	3.70	0.57	2.51
472	Sam Haggerty	TEX	59	216	194	46	9	2	3	27	18	18	48	2	11	2	.236	.307	.345	.651	.288	85	0.8	-0.8	-3.1	-3.5	0.1	999.0	1.68	0.66	2.95
473	Gio Urshela	MIN	27	105	98	24	5	0	2	10	10	6	20	0	0	0	.250	.295	.359	.654	.286	81	-0.2	-0.3	-2.6	-0.2	0.1	999.0	4.62	0.29	2.60
474	Jonatan Clase	TOR	10	35	32	7	2	0	0	4	3	3	10	0	2	0	.221	.285	.323	.609	.271	72	0.1	0.8	-1.0	0.6	0.1	999.0	3.30	0.41	2.31
475	Chas McCormick	CHC	34	113	99	22	3	0	3	13	11	9	30	2	3	1	.219	.293	.347	.641	.284	80	-0.2	0.9	-2.9	-0.1	0.1	999.0	2.46	0.38	2.77
476	César Prieto	STL	15	49	46	11	2	0	0	5	5	2	10	0	0	0	.246	.284	.324	.608	.268	69	-0.1	0.8	-1.9	1.0	0.1	999.0	3.81	0.14	2.37
477	Jorbit Vivas	NYY	8	26	23	5	1	0	0	3	3	3	4	0	0	0	.222	.305	.284	.589	.269	69	0.0	0.7	-1.0	0.9	0.1	999.0	3.31	0.39	2.30
478	Miles Mastrobuoni	SEA	14	47	42	10	2	0	0	5	3	5	9	0	1	0	.231	.306	.308	.613	.276	81	0.0	0.0	-1.0	0.2	0.1	999.0	3.47	0.28	2.36
479	Drew Gilbert	SFG	56	222	200	45	9	1	5	24	23	18	46	3	3	1	.224	.296	.359	.655	.289	83	-0.2	0.1	-4.6	-2.1	0.1	999.0	3.45	-1.00	3.41
480	Tyrone Taylor	NYM	79	294	270	61	14	2	6	34	28	15	67	5	8	2	.225	.277	.358	.635	.277	75	0.7	1.1	-8.0	-1.2	0.1	999.0	2.70	0.14	3.63
481	Jared Serna	MIA	9	36	33	8	1	0	0	4	3	3	7	0	1	0	.227	.283	.304	.587	.262	64	0.0	0.8	-1.6	1.1	0.1	999.0	3.06	0.19	2.32
482	Brock Wilken	MIL	19	83	72	14	3	0	3	9	9	10	27	1	0	0	.195	.301	.345	.646	.290	85	-0.1	-0.8	-1.5	-0.5	0.1	999.0	1.91	-0.83	2.75
483	Richie Palacios	TBR	45	173	151	34	7	0	3	20	15	18	34	2	6	1	.227	.312	.336	.648	.290	84	0.2	-0.3	-3.2	-2.0	0.1	999.0	3.07	-1.51	2.96
484	Maximo Acosta	MIA	23	86	79	18	4	0	2	9	8	6	21	1	3	1	.228	.289	.356	.645	.284	79	0.1	-0.8	-2.1	-0.2	0.1	999.0	3.16	-0.06	2.57
485	David Fry	CLE	65	232	208	46	10	1	8	25	27	18	64	4	2	0	.221	.294	.387	.681	.297	90	-0.3	0.0	-2.9	-4.5	0.1	999.0	2.19	0.05	3.58
486	Tyler Tolbert	KCR	49	112	101	22	5	1	1	13	9	6	28	2	11	1	.214	.269	.312	.580	.257	61	0.8	0.7	-4.4	1.2	0.1	999.0	2.56	0.26	2.43
487	Korey Lee	CHW	33	106	98	21	4	0	3	11	10	6	28	1	1	0	.218	.264	.342	.607	.266	68	0.0	-1.5	-4.1	1.0	0.1	999.0	2.98	-2.21	2.76
488	Hao-Yu Lee	DET	6	26	23	6	1	0	0	3	3	2	5	0	0	0	.240	.301	.355	.656	.289	84	0.0	0.0	-0.5	0.1	0.1	999.0	2.63	0.20	2.28
489	RJ Schreck	TOR	7	31	26	6	1	0	1	4	3	4	7	1	0	0	.217	.325	.348	.673	.304	94	0.0	0.0	-0.2	-0.3	0.1	999.0	2.13	-0.51	2.35
490	Leandro Cedeño	SDP	12	53	48	13	0	0	1	5	6	5	10	1	1	0	.265	.341	.342	.683	.308	95	0.0	0.0	-0.3	-1.0	0.1	999.0	0.00	0.00	2.35
491	Max Schuemann	NYY	22	77	68	15	2	0	1	9	6	7	17	1	2	0	.219	.302	.297	.599	.272	72	0.0	-0.3	-2.5	0.4	0.1	999.0	3.68	0.25	2.57
492	A.J. Vukovich	ARI	8	34	31	7	1	0	1	4	4	2	10	0	0	0	.231	.280	.370	.650	.283	79	0.0	0.6	-0.9	0.2	0.0	999.0	2.80	0.21	2.34
493	Justin Dean	CHC	17	28	26	5	1	0	0	4	2	2	9	0	3	0	.207	.275	.252	.528	.242	51	0.1	1.4	-1.6	1.1	0.0	999.0	2.85	0.53	2.25
494	Heriberto Hernández	MIA	86	344	304	69	14	1	11	39	40	33	101	4	3	1	.226	.307	.389	.696	.305	93	-0.5	-0.6	-3.3	-7.7	0.0	999.0	2.33	-0.56	4.24
495	Jose Siri	LAA	10	34	32	6	1	0	1	4	4	2	13	0	1	0	.204	.261	.386	.647	.281	77	0.1	-0.1	-0.9	0.1	0.0	999.0	3.93	-1.08	2.38
496	Aidan Miller	PHI	13	53	47	11	2	0	1	6	5	5	14	1	3	1	.226	.312	.351	.663	.296	87	0.1	-1.1	-0.7	-0.7	0.0	999.0	2.82	0.58	2.38
497	Oswaldo Cabrera	NYY	50	188	170	39	7	0	4	21	18	14	40	1	2	1	.227	.291	.344	.635	.280	77	-0.1	0.9	-5.2	-0.8	0.0	999.0	2.89	-0.15	3.22
498	Victor Mesa Jr.	TBR	12	38	35	8	2	0	1	3	5	3	8	0	0	0	.235	.289	.362	.651	.286	80	0.0	-0.2	-0.9	0.0	0.0	999.0	3.21	0.23	2.34
499	Rece Hinds	CIN	13	48	45	10	3	0	2	6	6	3	16	0	1	0	.225	.273	.439	.712	.305	89	0.0	-0.1	-0.6	-0.7	0.0	999.0	4.46	-0.68	2.46
500	Miguel Andujar	SDP	107	425	396	105	18	2	10	45	49	23	65	2	3	1	.264	.306	.396	.702	.305	94	-0.8	-0.7	-3.8	-10.3	0.0	999.0	3.38	-0.52	3.83
501	Ben Cowles	CHC	7	22	20	4	1	0	0	3	2	2	6	0	0	0	.219	.278	.303	.580	.260	63	0.0	0.4	-0.9	0.5	0.0	999.0	3.14	0.22	2.28
502	Vimael Machín	COL	7	24	22	5	1	0	0	3	3	2	5	0	0	0	.248	.308	.328	.636	.283	81	0.0	-0.1	-0.6	0.0	0.0	999.0	3.08	-0.81	2.27
503	Esmerlyn Valdez	PIT	8	24	22	5	1	0	1	2	3	2	7	0	0	0	.230	.304	.382	.686	.301	90	0.0	0.0	-0.3	-0.3	0.0	999.0	0.63	1.27	2.27
504	Ronny Mauricio	NYM	40	154	142	33	6	0	4	17	16	10	39	1	4	1	.232	.284	.371	.655	.284	80	0.1	0.1	-3.6	-1.3	0.0	999.0	1.73	0.37	2.95
505	Samad Taylor	SDP	9	32	28	6	1	0	0	4	2	3	7	0	2	0	.227	.293	.292	.585	.264	73	0.1	-0.1	-0.9	0.1	0.0	999.0	2.86	0.32	2.28
506	Denzer Guzman	LAA	11	42	39	8	2	0	1	4	4	3	13	0	0	0	.213	.274	.350	.624	.275	73	0.0	-0.1	-1.4	0.1	0.0	999.0	3.19	0.22	2.40
507	Akil Baddoo	MIL	10	36	32	7	1	0	1	4	4	4	10	0	1	0	.213	.295	.374	.669	.294	88	0.1	-0.1	-0.4	-0.5	0.0	999.0	2.59	0.48	2.33
508	Jonah Bride	TEX	8	28	25	5	1	0	0	3	3	3	7	0	0	0	.216	.310	.312	.622	.281	80	-0.1	0.2	-0.7	0.0	0.0	999.0	2.60	0.24	2.31
509	Yohandy Morales	WSN	14	54	50	11	2	0	1	6	5	4	16	0	0	0	.230	.287	.344	.631	.278	76	-0.1	1.0	-1.6	0.0	0.0	999.0	2.34	0.38	2.45
510	Ildemaro Vargas	ARI	26	98	90	22	4	1	1	9	9	5	12	1	1	0	.240	.286	.333	.619	.272	71	-0.1	0.0	-3.4	0.3	0.0	999.0	3.13	-0.33	2.60
511	Bryan Ramos	STL	14	50	45	10	2	0	1	5	5	3	12	1	1	0	.213	.278	.331	.609	.270	71	0.0	0.0	-1.7	0.2	0.0	999.0	1.88	0.49	2.44
512	Drew Romo	CHW	13	30	28	6	1	0	1	3	3	2	10	0	0	0	.214	.260	.328	.587	.258	62	0.0	0.0	-1.4	0.5	0.0	999.0	0.63	-0.58	2.31
513	Spencer Jones	NYY	9	36	33	7	1	0	1	5	4	3	14	0	1	0	.213	.277	.396	.672	.292	85	0.0	0.0	-0.6	-0.5	0.0	999.0	3.17	-0.61	2.37
514	Liover Peguero	PHI	13	39	36	8	2	0	1	4	4	2	10	0	1	0	.221	.272	.337	.609	.268	68	0.0	-0.1	-1.5	0.3	0.0	999.0	0.65	-0.51	2.35
515	Kahlil Watson	CLE	6	23	21	4	1	0	1	3	3	2	7	0	0	0	.212	.277	.342	.619	.273	74	0.0	0.0	-0.7	0.0	0.0	999.0	2.64	0.40	2.30
516	Myles Straw	TOR	51	169	153	36	6	1	2	21	13	12	31	1	7	1	.232	.289	.316	.605	.269	70	0.6	0.9	-5.4	-0.3	0.0	999.0	1.67	-0.88	2.84
517	Andrés Chaparro	WSN	78	284	256	58	12	1	9	29	34	22	69	3	1	0	.226	.293	.381	.674	.294	87	-0.4	1.8	-4.9	-4.5	0.0	999.0	2.22	0.13	3.83
518	Bryan Torres	STL	23	90	79	20	4	0	1	10	7	9	16	0	3	1	.256	.329	.327	.655	.294	86	0.0	-1.1	-1.4	-1.5	0.0	999.0	2.78	0.96	2.44
519	Sterlin Thompson	COL	9	35	32	8	2	0	1	4	4	2	8	1	0	0	.249	.319	.389	.708	.312	86	0.0	0.0	-0.6	-0.4	0.0	999.0	2.54	0.43	2.31
520	Anthony Seigler	BOS	7	23	20	4	1	0	0	3	2	3	5	0	0	0	.221	.315	.297	.612	.279	73	0.0	-0.1	-0.7	0.0	0.0	999.0	2.81	0.45	2.28
521	Marco Luciano	NYY	7	22	20	4	1	0	1	2	2	2	8	0	0	0	.187	.267	.307	.574	.257	62	0.0	0.1	-1.0	0.4	0.0	999.0	0.51	-0.10	2.29
522	LaMonte Wade Jr.	CHW	43	154	131	29	5	1	4	16	14	19	34	2	1	0	.219	.323	.356	.679	.302	92	-0.5	-0.3	-2.0	-3.1	0.0	999.0	2.47	0.51	3.04
523	Brendan Rodgers	BOS	21	79	73	17	3	0	1	8	8	5	22	0	0	0	.232	.288	.335	.623	.276	70	-0.1	-0.2	-2.8	0.1	0.0	999.0	5.14	0.13	2.57
524	DJ LeMahieu		32	123	110	26	4	0	2	13	11	12	26	1	1	0	.237	.311	.333	.644	.288	82	-0.4	-0.4	-2.9	-1.2	0.0	999.0	3.03	0.19	2.76
525	Christian Encarnacion-Strand	CIN	20	80	75	18	4	0	4	10	11	4	21	0	0	0	.237	.281	.451	.732	.313	95	-0.1	0.1	-0.6	-2.1	0.0	999.0	5.06	-0.06	2.65
526	Dairon Blanco	KCR	22	53	48	11	2	0	1	7	4	3	13	1	6	1	.231	.288	.346	.635	.280	77	0.4	-0.2	-1.0	-0.8	0.0	999.0	1.84	0.09	2.26
527	Mark Canha		38	143	126	29	6	0	3	15	14	13	29	4	1	0	.232	.319	.346	.664	.297	89	-0.3	-0.9	-2.2	-2.6	0.0	999.0	1.96	0.56	2.90
528	Edwin Arroyo	CIN	6	23	21	5	1	0	0	2	2	1	5	0	0	0	.248	.292	.330	.622	.275	69	0.0	0.0	-0.9	0.1	0.0	999.0	3.35	-0.57	2.22
529	Héctor Rodríguez	CIN	6	22	21	5	1	0	0	3	3	1	4	0	0	0	.252	.291	.381	.671	.292	80	0.0	0.0	-0.5	-0.2	0.0	999.0	2.63	0.46	2.26
530	Stuart Fairchild	CLE	8	25	23	5	1	0	0	3	2	2	7	0	1	0	.217	.286	.334	.620	.276	76	0.0	-0.1	-0.7	-0.2	0.0	999.0	2.80	0.41	2.29
531	Connor Joe	SEA	10	28	25	6	1	0	1	3	3	3	7	0	0	0	.225	.312	.361	.674	.298	85	-0.1	-0.1	-0.6	-0.4	0.0	999.0	1.00	-5.41	2.30
532	Petey Halpin	CLE	15	36	33	7	2	0	0	4	3	3	11	0	0	0	.214	.272	.308	.581	.259	64	0.0	0.0	-1.5	0.2	0.0	999.0	2.49	0.67	2.36
533	Will Wagner	SDP	33	122	109	27	6	0	2	12	11	11	22	1	1	0	.243	.314	.348	.661	.294	87	-0.2	-0.5	-2.1	-2.0	0.0	999.0	3.66	0.07	2.72
534	Carlos Santana	ARI	83	339	300	67	13	0	9	36	39	35	63	2	3	1	.222	.305	.361	.666	.295	86	-0.9	1.5	-6.3	-5.0	0.0	999.0	2.44	-1.82	4.16
535	Abraham Toro	KCR	12	42	38	9	2	0	1	4	4	3	8	1	0	0	.235	.294	.362	.656	.287	82	-0.1	0.3	-1.0	-0.5	0.0	999.0	2.42	-2.58	2.36
536	Chris Taylor	LAA	61	215	191	41	9	1	5	24	21	18	67	3	4	1	.213	.290	.344	.634	.281	78	-0.2	-0.9	-5.8	-1.6	0.0	999.0	2.19	-0.34	3.39
537	Nick Sogard	BOS	24	92	82	19	5	0	1	11	7	9	21	1	1	0	.234	.311	.327	.638	.286	77	-0.1	-0.3	-2.6	-0.7	0.0	999.0	4.72	-0.37	2.61
538	Jose Herrera	TEX	9	27	24	5	1	0	0	3	1	2	6	0	0	0	.197	.273	.246	.520	.239	51	-0.1	-0.1	-1.6	0.6	0.0	999.0	2.59	0.53	2.31
539	Tsung-Che Cheng	BOS	10	29	26	5	1	0	0	3	2	2	8	0	1	0	.210	.278	.290	.568	.255	60	0.0	-0.1	-1.3	0.3	0.0	999.0	0.75	-0.10	2.28
540	Dustin Harris	CHW	16	43	39	9	2	0	1	5	4	3	10	0	2	0	.226	.288	.347	.634	.279	76	0.1	0.0	-1.1	-0.5	0.0	999.0	0.74	0.81	2.34
541	Jhonkensy Noel	BAL	9	30	28	6	1	0	1	3	4	2	9	0	0	0	.219	.269	.409	.679	.293	88	0.0	0.0	-0.5	-0.7	0.0	999.0	2.90	0.12	2.34
542	Rhylan Thomas	SEA	7	22	20	5	1	0	0	3	2	1	2	0	0	0	.254	.297	.304	.601	.267	75	0.0	0.1	-0.6	-0.3	0.0	999.0	2.66	0.42	2.24
543	Weston Wilson	BAL	10	30	27	6	1	0	1	3	3	3	9	0	1	0	.209	.282	.353	.635	.279	78	0.0	-0.1	-0.8	-0.4	0.0	999.0	0.77	-0.35	2.32
544	Juan Brito	CLE	26	105	93	21	5	0	2	11	11	10	22	1	2	1	.229	.308	.357	.664	.293	88	-0.1	-2.6	-1.6	-2.1	0.0	999.0	3.44	0.22	2.71
545	Adael Amador	COL	42	159	141	34	7	0	3	18	15	14	29	2	4	2	.242	.318	.356	.674	.300	77	-0.1	-1.7	-4.4	-1.0	0.0	999.0	5.70	0.09	2.85
546	Leo De Vries	ATH	9	35	32	7	2	0	1	4	4	3	8	0	0	0	.233	.301	.403	.704	.305	95	0.0	-1.5	-0.3	-1.1	0.0	999.0	3.24	0.09	2.35
547	Christian Franklin	WSN	5	21	19	4	1	0	0	3	2	2	5	0	0	0	.227	.311	.298	.609	.277	75	0.0	0.0	-0.6	-0.3	0.0	999.0	2.50	0.42	2.26
548	Ryan Vilade	TBR	31	102	92	21	4	0	2	11	10	8	26	1	2	0	.228	.297	.348	.645	.286	81	-0.1	-0.4	-2.3	-1.3	0.0	999.0	3.53	0.19	2.68
549	Brandon Lockridge	MIL	20	65	59	13	3	0	1	7	5	5	17	0	4	1	.226	.287	.319	.606	.269	71	0.3	0.1	-2.0	-0.4	0.0	999.0	2.26	0.69	2.40
550	Jacob Stallings	BAL	28	102	92	19	4	0	2	9	9	8	28	2	0	0	.202	.276	.298	.574	.259	64	-0.3	-1.0	-4.6	0.9	0.0	999.0	2.58	0.20	2.77
551	Dominic Smith		66	260	235	56	11	1	6	27	28	20	53	3	2	0	.240	.305	.370	.676	.297	88	-0.7	0.3	-4.2	-4.8	0.0	999.0	2.49	-0.80	3.51
552	Garrett Hampson	CIN	18	54	48	11	2	0	0	6	4	4	15	0	2	0	.218	.285	.286	.570	.258	57	0.1	0.2	-2.6	0.6	0.0	999.0	3.06	0.18	2.41
553	Ben Rortvedt	LAD	9	33	30	6	1	0	0	3	3	3	9	0	0	0	.204	.279	.268	.547	.250	52	-0.1	-0.1	-1.9	0.6	0.0	999.0	3.02	-0.49	2.36
554	Tim Anderson		14	51	48	12	2	0	0	5	4	2	14	0	1	0	.243	.279	.295	.574	.256	60	0.1	-0.1	-2.3	0.4	0.0	999.0	3.13	0.54	2.34
555	Tristan Peters	CHW	11	40	36	8	2	0	1	4	4	3	10	0	0	0	.222	.289	.322	.611	.272	72	0.0	0.1	-1.4	-0.2	0.0	999.0	2.73	0.66	2.37
556	Yohel Pozo	STL	47	167	159	39	8	0	4	16	19	6	23	1	1	0	.243	.275	.375	.650	.282	78	-0.3	-1.6	-4.6	-1.3	0.0	999.0	2.23	-1.25	2.98
557	Ryan Ward	LAD	7	26	24	5	1	0	1	3	3	2	7	0	0	0	.217	.277	.396	.674	.292	85	0.0	-0.3	-0.5	-0.6	0.0	999.0	2.90	0.28	2.33
558	Nolan Jones	CLE	35	132	116	26	6	0	3	14	13	14	39	1	3	1	.224	.308	.354	.663	.293	88	-0.1	-1.7	-2.0	-2.8	0.0	999.0	3.71	0.51	2.87
559	Chadwick Tromp	ATL	11	35	33	7	1	0	0	4	4	2	9	0	0	0	.203	.254	.273	.528	.237	47	0.0	0.0	-2.2	0.8	0.0	999.0	2.36	-0.05	2.40
560	Donovan Solano		10	31	29	7	1	0	1	3	3	2	7	1	0	0	.246	.302	.351	.653	.289	83	-0.1	0.0	-0.8	-0.6	0.0	999.0	0.94	-8.79	2.29
561	Trey Lipscomb	WSN	8	23	21	5	1	0	0	2	2	1	5	0	0	0	.230	.273	.309	.583	.257	62	0.0	-0.1	-1.1	0.0	0.0	999.0	2.46	0.38	2.24
562	Jared Young	NYM	12	37	33	8	1	0	1	5	4	3	10	0	0	0	.225	.300	.344	.644	.287	82	0.0	-0.1	-0.9	-0.7	0.0	999.0	2.98	0.35	2.38
563	Manuel Margot		19	71	65	16	3	0	1	7	7	4	14	1	1	0	.244	.297	.342	.639	.282	79	-0.1	-0.3	-1.9	-0.8	0.0	999.0	2.56	0.20	2.46
564	Tirso Ornelas	SDP	28	95	87	20	4	0	2	10	10	8	20	0	1	0	.232	.297	.350	.647	.286	81	-0.1	0.6	-2.2	-1.3	0.0	999.0	3.15	-0.18	2.66
565	Sandy León	ATL	10	24	22	4	1	0	1	2	2	2	8	0	0	0	.173	.244	.281	.525	.236	47	0.0	0.0	-1.5	0.4	0.0	999.0	0.80	1.71	2.32
566	Ji Hwan Bae	NYM	14	38	34	8	2	0	0	4	3	3	10	0	3	0	.231	.300	.316	.617	.276	74	0.1	-0.2	-1.1	-0.6	0.0	999.0	1.45	-1.88	2.27
567	Tyler Wade	TEX	17	50	45	10	2	0	0	5	3	4	13	0	2	0	.212	.282	.267	.550	.250	58	0.1	-0.2	-2.4	0.3	0.0	999.0	2.48	0.64	2.37
568	Alika Williams	PIT	19	65	60	14	3	0	1	6	5	4	14	1	1	0	.229	.277	.316	.592	.262	63	-0.1	0.1	-2.9	0.4	0.0	999.0	0.83	0.71	2.45
569	Billy Cook	PIT	7	22	21	4	1	0	0	3	2	2	6	0	0	0	.217	.275	.306	.581	.259	61	0.0	-0.2	-1.0	-0.1	0.0	999.0	2.80	0.50	2.29
570	Wade Meckler	LAA	12	41	37	9	1	0	0	5	4	4	9	0	0	0	.232	.310	.284	.595	.271	70	0.0	0.1	-1.5	-0.3	0.0	999.0	2.75	0.64	2.38
571	Nicky Lopez	COL	11	36	33	8	1	0	0	3	2	3	5	0	0	0	.249	.312	.286	.598	.271	58	0.0	0.0	-1.8	0.2	0.0	999.0	2.56	0.57	2.27
572	Nick Allen	HOU	42	153	138	31	6	0	1	15	11	11	31	1	3	1	.222	.282	.289	.570	.256	62	0.0	0.3	-6.9	1.2	0.0	999.0	2.90	0.16	2.86
573	Jhostynxon Garcia	PIT	79	273	250	57	11	2	7	31	29	18	82	3	4	1	.230	.289	.377	.666	.291	83	-0.2	-1.2	-5.7	-3.7	0.0	999.0	2.70	1.68	3.66
574	Nick Morabito	NYM	9	30	28	7	1	0	0	4	3	2	8	0	1	0	.241	.300	.297	.598	.269	70	0.1	0.0	-1.0	-0.4	0.0	999.0	3.07	0.37	2.29
575	Drew Waters	KCR	17	56	52	11	2	0	1	6	5	4	17	1	1	0	.222	.283	.339	.622	.275	74	0.0	0.1	-1.8	-0.6	0.0	999.0	1.85	-2.24	2.44
576	Andruw Monasterio	BOS	27	93	84	20	4	0	2	11	9	8	22	1	2	1	.236	.308	.358	.665	.295	84	0.0	-2.4	-1.8	-1.8	0.0	999.0	6.00	0.15	2.63
577	Juan Yepez		12	39	36	8	2	0	1	4	4	3	7	0	0	0	.233	.286	.355	.641	.281	78	-0.1	0.1	-1.1	-0.7	0.0	999.0	1.03	1.00	2.34
578	Lenyn Sosa	CHW	103	417	392	97	17	1	14	42	49	17	94	3	2	1	.246	.281	.399	.680	.293	86	-0.6	-1.4	-7.3	-7.2	0.0	422.8	3.35	-0.97	4.16
579	Paul DeJong	NYY	21	80	73	15	2	0	3	8	9	5	25	1	1	0	.208	.268	.377	.645	.282	78	-0.1	-1.8	-2.2	-1.0	0.0	999.0	3.98	0.12	2.67
580	Curtis Mead	CHW	26	99	90	22	4	0	2	10	10	6	22	2	2	0	.239	.304	.362	.666	.294	87	0.0	-2.3	-1.6	-2.3	-0.1	999.0	3.78	0.01	2.62
581	Abimelec Ortiz	WSN	51	202	182	41	8	1	7	22	23	16	52	2	1	0	.223	.289	.386	.675	.294	87	-0.3	0.2	-3.4	-3.8	-0.1	999.0	1.45	1.76	3.41
582	Nelson Rada	LAA	26	106	94	22	3	0	1	11	7	9	25	2	5	1	.237	.313	.308	.621	.280	76	0.2	-1.0	-2.8	-1.4	-0.1	999.0	2.05	0.07	2.51
583	Luke Williams	ATL	19	31	28	6	1	0	1	3	3	2	9	0	2	0	.205	.261	.314	.575	.254	59	0.0	-0.4	-1.5	-0.1	-0.1	999.0	0.75	0.75	2.28
584	Aaron Schunk	ATL	9	26	24	5	1	0	0	2	2	1	7	0	0	0	.221	.263	.326	.589	.258	62	0.0	-0.3	-1.2	-0.2	-0.1	999.0	0.72	-0.18	2.28
585	Jorge Barrosa	ARI	47	163	147	33	8	1	2	17	15	12	38	1	3	1	.224	.286	.333	.619	.273	72	-0.1	0.9	-5.6	-0.4	-0.1	999.0	2.24	-0.91	3.00
586	Gustavo Campero	LAA	10	34	31	7	2	0	1	4	4	2	7	1	2	0	.237	.302	.357	.659	.291	84	0.1	-0.7	-0.6	-1.2	-0.1	999.0	3.17	0.01	2.30
587	DaShawn Keirsey Jr.	ATL	21	38	35	8	1	0	1	4	3	2	11	1	2	0	.215	.271	.322	.593	.263	65	0.1	0.1	-1.5	-0.3	-0.1	999.0	1.27	-1.78	2.31
588	Tim Elko	CHW	6	21	19	4	1	0	0	2	2	1	7	0	0	0	.226	.270	.331	.601	.265	66	0.0	0.0	-0.8	-0.4	-0.1	999.0	2.57	0.38	2.27
589	Charlie Condon	COL	52	206	185	44	8	1	7	23	24	16	59	4	1	1	.241	.311	.402	.713	.312	85	-0.3	0.6	-3.8	-3.7	-0.1	999.0	2.71	0.22	3.30
590	Rafael Flores Jr.	PIT	23	77	71	17	3	0	2	8	8	6	23	0	0	0	.234	.294	.374	.668	.293	84	-0.1	-2.1	-1.5	-1.7	-0.1	999.0	2.89	0.45	2.56
591	Joey Meneses	ATH	16	58	53	13	3	0	1	5	6	3	11	1	0	0	.245	.291	.368	.659	.287	82	-0.1	-0.2	-1.3	-1.2	-0.1	999.0	0.89	0.56	2.42
592	Niko Kavadas	LAA	6	21	18	3	0	0	1	2	2	2	8	0	0	0	.186	.283	.298	.581	.264	65	0.0	0.0	-0.9	-0.5	-0.1	999.0	2.41	0.46	2.31
593	Heston Kjerstad	BAL	9	35	32	7	2	0	1	4	4	2	9	0	0	0	.229	.284	.359	.643	.281	80	0.0	-0.6	-0.9	-1.0	-0.1	999.0	4.00	-0.91	2.36
594	Braden Montgomery	CHW	33	129	117	26	6	1	3	13	12	9	37	1	2	1	.224	.288	.356	.644	.283	79	-0.1	-0.6	-3.3	-1.9	-0.1	999.0	2.53	0.69	2.82
595	Adrian Del Castillo	ARI	66	247	224	52	12	1	8	26	29	20	71	2	1	0	.231	.297	.397	.694	.301	91	-0.4	-1.5	-3.0	-6.1	-0.1	999.0	4.27	-0.48	3.60
596	Yanquiel Fernández	NYY	15	52	48	11	2	0	1	6	6	3	12	0	0	0	.227	.277	.329	.606	.267	68	-0.1	0.1	-2.1	-0.6	-0.1	999.0	3.47	0.32	2.48
597	James Triantos	CHC	7	24	22	6	1	0	0	3	3	1	4	0	1	0	.251	.295	.317	.612	.272	71	0.0	-1.1	-0.8	-1.0	-0.1	999.0	3.56	0.34	2.25
598	George Valera	CLE	93	358	319	71	13	1	11	40	38	35	99	2	2	1	.222	.300	.373	.673	.296	90	-0.5	0.1	-4.8	-8.6	-0.1	999.0	3.28	-1.07	4.28
599	Ethan Murray	MIL	6	27	25	5	1	0	0	3	2	2	8	0	1	0	.194	.266	.267	.534	.243	53	0.0	-0.5	-1.5	-0.4	-0.1	999.0	2.51	-0.91	2.31
600	Nelson Velázquez	STL	7	22	19	4	1	0	1	2	2	2	6	0	0	0	.225	.292	.393	.685	.298	89	0.0	-1.6	-0.3	-1.5	-0.1	999.0	3.12	-0.14	2.27
601	Sebastian Walcott	TEX	20	81	74	17	3	0	2	9	7	7	19	1	3	1	.228	.298	.341	.639	.284	81	0.0	-3.0	-1.8	-2.1	-0.1	999.0	3.20	0.35	2.54
602	Michael Toglia	CIN	19	71	64	13	3	0	3	7	8	6	25	0	1	0	.205	.279	.380	.659	.286	77	-0.1	-0.1	-2.0	-1.4	-0.1	999.0	2.77	-3.64	2.62
603	Junior Perez	ATH	11	44	39	8	2	0	1	5	4	4	15	0	1	0	.206	.280	.355	.636	.280	77	0.1	-1.3	-1.1	-1.5	-0.1	999.0	3.27	0.22	2.41
604	Matt Mervis	WSN	12	42	39	8	1	0	1	4	5	3	13	0	0	0	.204	.262	.347	.610	.267	67	-0.1	0.1	-1.7	-0.8	-0.1	999.0	2.02	0.63	2.44
605	Justin Foscue	TEX	15	53	48	10	2	0	1	6	6	4	11	1	0	0	.217	.293	.353	.646	.287	83	-0.1	-0.7	-1.1	-1.9	-0.1	999.0	2.26	0.08	2.48
606	Zach Dezenzo	HOU	23	87	79	18	4	0	3	10	9	7	26	1	1	0	.227	.290	.373	.662	.290	85	0.0	-1.5	-1.6	-2.6	-0.1	999.0	2.51	0.75	2.66
607	Bryce Eldridge	SFG	102	405	362	84	17	0	15	42	51	35	122	3	2	1	.233	.302	.409	.711	.306	95	-0.5	-1.5	-2.9	-12.0	-0.1	999.0	2.68	-0.26	4.29
608	Eric Wagaman	MIN	30	119	110	27	6	0	3	13	13	7	24	1	1	0	.245	.294	.384	.678	.295	87	-0.2	-1.4	-2.0	-3.3	-0.1	999.0	3.12	0.04	2.74
609	Shay Whitcomb	HOU	11	34	31	7	1	0	1	4	4	2	10	0	0	0	.216	.273	.365	.638	.279	77	0.0	-1.6	-0.9	-1.5	-0.1	999.0	3.40	0.45	2.37
610	Brice Matthews	HOU	14	55	48	10	2	0	2	6	6	5	18	1	2	1	.211	.295	.351	.647	.288	84	0.1	-2.4	-0.9	-2.2	-0.1	999.0	3.23	0.37	2.45
611	Jarred Kelenic	CHW	28	102	93	20	4	0	3	11	9	8	31	0	2	1	.215	.278	.349	.627	.276	74	0.0	-0.1	-3.1	-1.6	-0.1	999.0	3.26	-0.51	2.74
612	Warming Bernabel	WSN	31	108	101	27	6	0	2	11	11	5	17	1	1	0	.265	.300	.392	.692	.300	78	-0.1	0.1	-3.0	-1.9	-0.1	999.0	2.34	1.09	2.56
613	Jerar Encarnacion	SFG	38	143	131	29	5	0	5	15	17	10	44	1	2	0	.223	.280	.374	.654	.285	81	-0.2	0.3	-3.5	-2.7	-0.1	999.0	2.61	0.11	3.03
614	Adam Frazier		74	286	260	61	11	1	4	29	26	19	53	4	5	2	.233	.293	.333	.625	.276	75	-0.3	-1.4	-8.9	-2.2	-0.1	999.0	2.19	-1.28	3.51
615	Grant McCray	SFG	19	59	54	11	2	0	1	7	6	4	19	0	2	0	.210	.269	.337	.606	.267	68	0.1	-1.0	-2.1	-1.3	-0.1	999.0	2.76	0.45	2.49
616	Blaine Crim	COL	48	187	167	41	9	1	6	22	22	15	44	2	1	0	.248	.314	.410	.724	.313	87	-0.3	-0.5	-3.3	-4.3	-0.1	999.0	1.79	-0.26	3.15
617	Dylan Carlson	CHC	23	83	74	16	4	0	1	8	8	8	20	1	1	0	.223	.305	.327	.631	.283	79	0.0	-1.1	-2.1	-2.2	-0.2	999.0	4.48	0.17	2.61
618	Kris Bryant	COL	23	91	81	19	4	0	2	10	9	8	23	2	0	0	.237	.314	.370	.683	.303	79	-0.2	0.0	-2.4	-2.2	-0.2	999.0	3.07	1.23	2.64
619	Orelvis Martinez	WSN	25	98	88	18	4	0	3	10	11	7	27	1	0	0	.202	.269	.353	.623	.273	73	-0.1	-1.5	-3.2	-1.8	-0.2	999.0	3.44	0.17	2.81
620	Matt Koperniak	STL	11	40	37	9	2	0	0	4	4	3	9	0	0	0	.230	.282	.315	.596	.265	67	-0.1	-1.2	-1.6	-1.4	-0.2	999.0	3.14	0.53	2.35
621	Griffin Conine	MIA	85	347	310	68	13	1	10	37	40	31	110	3	1	1	.217	.294	.367	.661	.291	84	-0.7	0.1	-7.4	-5.9	-0.2	999.0	2.59	-0.57	4.29
622	Luis Matos	SFG	39	151	139	34	7	0	5	17	17	9	22	1	3	1	.242	.290	.396	.686	.297	89	0.0	-3.6	-2.0	-5.0	-0.2	999.0	4.89	-0.53	2.93
623	Justin Turner		56	204	181	43	9	0	5	21	21	17	39	3	1	0	.239	.310	.365	.675	.298	89	-0.9	0.2	-3.5	-5.2	-0.2	999.0	1.01	-0.63	3.20
624	Wilmer Flores		63	241	217	50	9	0	7	25	28	19	44	3	0	0	.230	.298	.375	.673	.296	88	-1.0	0.1	-4.5	-5.6	-0.2	999.0	3.65	-1.15	3.56
625	Rowdy Tellez		80	304	275	62	11	0	13	32	40	23	74	2	1	0	.224	.288	.402	.690	.298	90	-0.7	-0.4	-4.5	-7.8	-0.2	999.0	1.29	-0.20	3.95
626	Deyvison De Los Santos	MIA	28	110	103	24	4	0	3	11	12	6	28	1	1	0	.234	.281	.369	.650	.282	78	-0.1	-0.4	-3.0	-2.7	-0.2	999.0	2.44	-0.13	2.73
627	Jose Miranda	SDP	19	71	66	15	3	0	2	7	7	4	14	1	0	0	.228	.282	.343	.624	.275	74	0.0	-1.4	-2.3	-2.2	-0.2	999.0	3.31	0.20	2.54
628	Zac Veen	COL	31	116	106	25	5	1	3	13	12	8	29	1	3	1	.237	.296	.382	.678	.296	75	0.1	-1.1	-3.4	-2.5	-0.2	999.0	1.96	0.21	2.70
629	Matthew Lugo	LAA	25	87	81	18	4	1	2	9	9	5	27	1	2	1	.220	.268	.368	.636	.277	74	0.0	-1.3	-2.7	-2.4	-0.2	999.0	2.20	0.32	2.65
630	Troy Johnston	COL	64	240	219	55	11	1	6	27	26	16	51	4	6	2	.251	.311	.394	.705	.308	83	0.1	-0.2	-4.9	-5.3	-0.2	999.0	2.91	1.86	3.22
631	Tyler Black	MIL	10	33	29	6	1	0	1	4	3	4	8	0	1	0	.217	.309	.335	.644	.289	84	0.0	-2.1	-0.6	-2.9	-0.2	999.0	2.87	0.25	2.32
632	Bryce Johnson	SDP	62	186	165	37	7	1	2	20	14	14	49	3	6	2	.222	.292	.312	.604	.271	71	0.2	-1.1	-6.2	-2.5	-0.2	999.0	2.05	0.67	2.97
633	Jeimer Candelario	LAA	20	81	74	15	4	0	3	8	8	6	23	0	0	0	.206	.267	.370	.637	.278	75	-0.1	-1.1	-2.5	-2.7	-0.3	999.0	4.40	-0.06	2.66
634	Sebastián Rivero	LAA	8	24	23	5	1	0	0	3	3	1	6	0	0	0	.201	.234	.269	.503	.223	37	0.0	-2.3	-1.8	-1.7	-0.3	999.0	2.48	0.63	2.31
635	Riley Adams	WSN	27	99	90	19	4	0	3	10	10	7	33	2	0	0	.213	.282	.355	.636	.281	78	-0.1	-2.9	-2.7	-3.6	-0.3	999.0	4.14	-0.21	2.76
636	John Rave	KCR	39	134	119	26	5	1	3	15	12	12	35	1	4	1	.218	.289	.349	.639	.282	78	0.1	-2.4	-3.4	-4.2	-0.3	999.0	2.43	0.76	2.87
637	Mickey Gasper	BOS	12	36	32	7	1	0	1	5	4	3	7	0	0	0	.227	.308	.314	.622	.281	78	0.0	-4.8	-1.0	-3.9	-0.4	999.0	3.36	0.16	2.37
638	Austin Barnes	NYM	11	40	36	7	1	0	0	4	3	3	10	0	0	0	.205	.277	.260	.536	.246	53	-0.1	-3.9	-2.3	-3.0	-0.4	999.0	3.29	0.00	2.39
639	Nick Castellanos	SDP	74	302	279	70	14	1	9	35	38	17	70	3	2	1	.251	.298	.410	.708	.306	94	-0.7	-5.1	-2.9	-11.2	-0.4	671.2	5.42	-0.94	3.74
640	Pedro León	PHI	6	21	20	4	1	0	0	3	2	1	7	0	0	0	.204	.259	.313	.572	.253	57	0.0	-4.1	-1.1	-4.2	-0.5	999.0	3.24	0.27	2.30
641	MJ Melendez	NYM	24	91	83	17	4	0	3	10	10	7	27	0	2	0	.208	.275	.359	.634	.278	75	-0.1	-3.8	-2.8	-5.0	-0.5	999.0	4.24	0.28	2.73
