#	Name	Team	G	PA	AB	H	2B	3B	HR	R	RBI	BB	SO	HBP	SB	CS	AVG	OBP	SLG	OPS	wOBA	wRC+	BsR	Fld	Off	Def	WAR	ADP
1	Aaron Judge	NYY	145	638	518	149	24	1	49	105	118	109	160	6	8	3	.287	.414	.619	1.033	.427	180	-0.7	-2.3	59.1	-9.4	7.3	2.0
2	Cal Raleigh	SEA	151	626	541	127	23	0	44	88	112	74	172	6	8	2	.234	.331	.522	.852	.359	138	-0.3	15.0	28.0	21.7	7.3	18.4
3	Shohei Ohtani	LAD	148	660	560	159	26	6	47	122	116	89	156	5	23	11	.284	.385	.602	.987	.410	167	-0.7	0.0	51.5	-14.0	6.1	1.3
4	Juan Soto	NYM	154	675	545	145	25	1	37	106	97	121	120	4	17	6	.267	.401	.519	.920	.393	158	-0.2	-3.0	46.2	-10.3	6.0	4.3
5	Bobby Witt Jr.	KCR	151	660	599	170	36	6	27	100	90	48	114	6	35	10	.284	.341	.500	.841	.357	127	1.9	3.7	23.2	10.7	5.8	2.8
6	Julio Rodríguez	SEA	151	659	598	165	28	4	30	96	91	48	148	9	25	7	.276	.338	.486	.823	.352	133	1.1	0.5	27.1	2.7	5.4	11.0
7	Gunnar Henderson	BAL	153	658	581	156	33	4	27	97	83	65	142	6	20	5	.269	.345	.479	.824	.353	129	0.9	-1.3	23.5	5.7	5.3	13.1
8	José Ramírez	CLE	151	650	577	160	33	3	29	94	90	61	75	5	33	10	.277	.347	.496	.844	.354	129	1.3	0.6	23.8	0.8	4.8	6.0
9	Francisco Lindor	NYM	144	633	558	145	27	2	27	89	81	54	118	10	22	6	.259	.333	.461	.793	.342	123	0.9	1.0	18.4	7.2	4.8	20.0
10	Corbin Carroll	ARI	145	632	550	142	29	10	26	102	78	66	135	8	35	7	.259	.345	.488	.833	.356	129	3.0	7.1	24.5	0.6	4.7	9.5
11	Corey Seager	TEX	124	529	457	126	24	1	27	70	83	59	98	5	2	1	.276	.362	.510	.871	.368	140	-0.8	-0.1	24.0	3.3	4.7	100.3
12	William Contreras	MIL	145	603	526	139	26	1	19	72	77	67	118	5	6	2	.265	.351	.426	.776	.339	118	-0.6	5.5	12.5	12.7	4.6	52.3
13	Ketel Marte	ARI	141	616	537	147	30	3	29	86	94	67	102	6	5	2	.273	.358	.498	.856	.366	135	-0.8	-0.2	24.8	-0.2	4.6	32.3
14	Kyle Tucker	LAD	143	619	527	144	29	2	30	96	88	81	88	4	18	5	.272	.370	.503	.873	.372	141	0.4	0.4	30.6	-6.3	4.6	14.8
15	Yordan Alvarez	HOU	128	551	469	139	29	1	30	82	87	69	90	8	4	1	.296	.391	.552	.943	.397	159	-0.7	-0.4	37.3	-12.1	4.5	36.0
16	Fernando Tatis Jr.	SDP	148	648	566	151	27	3	27	96	82	70	130	6	24	7	.266	.351	.470	.820	.353	131	1.0	4.3	25.1	-2.7	4.5	15.5
17	Junior Caminero	TBR	148	631	580	158	25	1	36	83	105	41	121	5	5	1	.272	.322	.508	.830	.352	126	-0.4	-0.4	19.2	1.3	4.3	16.1
18	Mookie Betts	LAD	142	622	546	146	30	2	22	85	80	63	72	6	9	3	.267	.346	.454	.800	.346	123	-0.4	-1.6	16.6	4.9	4.3	57.1
19	Ronald Acuña Jr.	ATL	142	623	528	145	25	2	28	99	82	83	135	8	28	8	.275	.379	.487	.866	.374	141	1.3	-2.8	31.6	-10.1	4.3	7.3
20	Willy Adames	SFG	152	649	568	134	27	1	31	86	87	69	170	4	11	3	.237	.320	.451	.772	.333	116	0.0	0.8	12.2	7.8	4.3	136.1
21	Vladimir Guerrero Jr.	TOR	154	666	580	169	32	1	27	92	92	73	90	7	6	2	.291	.375	.488	.864	.370	140	-1.0	-0.4	30.7	-12.4	4.2	18.1
22	Trea Turner	PHI	143	625	570	162	29	4	19	85	75	39	114	5	24	6	.284	.333	.446	.780	.337	115	1.3	-0.4	12.3	6.2	4.0	28.9
23	Will Smith	LAD	124	501	427	111	21	2	21	69	67	57	94	9	3	1	.260	.355	.460	.815	.352	127	-0.7	-2.5	15.4	6.5	3.9	104.7
24	Wyatt Langford	TEX	143	613	533	133	28	2	23	85	72	70	144	6	20	5	.250	.342	.443	.785	.340	121	0.7	5.4	15.5	1.0	3.9	41.8
25	Matt Chapman	SFG	145	613	532	126	27	3	26	83	76	69	154	7	9	2	.238	.330	.447	.776	.336	118	-0.1	1.2	13.2	3.4	3.8	169.9
26	Elly De La Cruz	CIN	148	637	571	147	30	5	23	93	71	57	177	3	39	10	.258	.327	.447	.774	.332	108	2.6	0.6	8.6	7.2	3.8	8.9
27	Adley Rutschman	BAL	139	564	493	124	26	1	17	66	64	62	90	4	1	0	.251	.335	.409	.744	.325	110	-0.9	5.6	5.8	11.3	3.7	156.5
28	Alejandro Kirk	TOR	122	484	428	112	20	0	13	55	55	46	59	5	0	0	.262	.337	.401	.739	.323	108	-0.8	7.3	3.7	15.9	3.7	161.9
29	Zach Neto	LAA	147	633	567	141	29	1	27	85	76	43	159	16	27	8	.248	.317	.448	.765	.330	110	1.2	-1.7	9.0	5.2	3.7	27.4
30	Geraldo Perdomo	ARI	151	648	551	143	27	4	14	83	59	73	89	7	18	5	.259	.349	.394	.744	.328	109	0.3	-0.3	7.6	6.7	3.7	82.1
31	Shea Langeliers	ATH	128	526	478	124	25	2	31	73	79	39	121	4	6	2	.259	.317	.509	.826	.351	123	-0.2	-3.7	14.3	3.5	3.7	54.8
32	Jazz Chisholm Jr.	NYY	141	589	524	125	18	3	30	88	73	55	159	5	32	8	.238	.315	.457	.772	.331	114	2.2	1.8	12.0	3.6	3.7	21.8
33	Jeremy Peña	HOU	146	631	576	158	28	2	18	82	70	36	115	11	17	5	.274	.327	.423	.750	.326	110	0.4	-0.4	7.6	6.4	3.7	96.6
34	Nick Kurtz	ATH	142	577	497	128	25	2	37	88	93	71	178	4	3	1	.257	.353	.537	.890	.377	141	-0.7	-0.7	27.3	-11.9	3.6	17.7
35	Pete Crow-Armstrong	CHC	148	619	564	140	28	5	23	87	70	35	153	8	34	8	.248	.298	.440	.738	.316	104	2.8	5.8	5.5	8.1	3.5	29.5
36	Jackson Merrill	SDP	143	607	556	149	32	2	22	76	78	40	119	3	9	3	.268	.319	.456	.774	.332	117	-0.2	0.1	11.8	2.1	3.5	69.4
37	Rafael Devers	SFG	151	656	564	144	28	1	33	89	96	82	160	7	2	1	.255	.354	.487	.840	.358	133	-1.0	0.0	24.7	-12.7	3.5	56.3
38	Bryce Harper	PHI	140	606	522	143	31	1	27	84	87	74	127	5	10	4	.274	.367	.490	.857	.366	135	-0.9	0.4	24.0	-10.5	3.4	51.0
39	Kyle Schwarber	PHI	150	657	550	127	20	1	43	97	110	97	183	7	6	2	.232	.352	.509	.861	.368	136	-0.7	0.0	27.3	-16.0	3.4	25.0
40	Jacob Wilson	ATH	136	565	522	159	28	1	11	69	62	30	47	6	5	2	.304	.346	.425	.771	.336	113	-0.7	-0.5	7.9	5.6	3.4	189.2
41	Austin Riley	ATL	146	626	564	146	28	2	27	80	87	48	161	8	2	1	.258	.323	.460	.782	.337	116	-0.8	-0.7	10.8	1.1	3.3	73.5
42	Alex Bregman	CHC	149	641	564	141	27	1	22	76	79	64	90	8	2	1	.251	.332	.420	.753	.328	112	-0.9	0.5	8.4	2.8	3.3	120.3
43	Jackson Chourio	MIL	145	629	579	158	33	3	23	83	86	40	128	4	24	6	.272	.322	.461	.783	.335	116	1.3	4.7	13.3	-1.8	3.3	20.6
44	Byron Buxton	MIN	121	520	467	117	26	3	28	75	76	40	143	8	14	3	.250	.318	.498	.817	.347	123	0.8	-0.3	15.0	-0.6	3.3	71.0
45	Patrick Bailey	SFG	131	488	442	95	19	1	10	46	44	36	134	4	2	1	.214	.276	.329	.605	.268	71	-0.6	21.9	-17.1	32.0	3.2	999.0
46	Jordan Westburg	BAL	133	565	517	133	26	4	24	74	73	36	131	7	7	2	.258	.314	.459	.773	.332	115	-0.4	0.5	9.5	1.9	3.2	127.5
47	Manny Machado	SDP	146	623	564	146	26	1	25	78	82	50	122	2	9	2	.260	.320	.446	.766	.328	114	-0.1	-0.3	10.5	-0.6	3.1	39.4
48	Gabriel Moreno	ARI	112	441	393	108	21	1	10	53	52	39	75	4	4	1	.274	.343	.412	.755	.329	110	-0.5	3.3	4.8	11.1	3.1	181.0
49	Xander Bogaerts	SDP	137	567	504	134	24	1	13	70	59	45	102	5	18	4	.265	.327	.397	.724	.316	106	0.9	0.1	4.9	6.5	3.1	241.6
50	Maikel Garcia	KCR	150	640	576	154	30	4	13	82	65	53	93	2	26	6	.266	.327	.400	.727	.317	100	1.7	4.0	1.7	6.4	3.1	70.0
51	Bo Bichette	NYM	139	608	563	162	29	2	16	74	72	36	98	4	6	2	.287	.331	.431	.763	.330	115	-0.5	-0.8	10.3	-0.4	3.1	102.0
52	Riley Greene	DET	148	629	562	144	25	4	29	83	86	58	180	5	4	1	.256	.328	.469	.797	.342	120	-0.6	1.4	14.1	-6.1	3.0	80.7
53	Hunter Goodman	COL	138	558	514	132	29	2	29	71	88	34	146	6	2	1	.256	.307	.491	.797	.339	104	-0.5	4.7	2.4	8.7	3.0	67.0
54	Austin Wells	NYY	119	448	401	86	18	1	17	49	52	37	113	5	3	1	.215	.288	.394	.682	.297	90	-0.3	11.0	-5.6	19.8	3.0	245.0
55	Pete Alonso	BAL	153	655	574	143	24	2	36	88	96	62	151	13	3	1	.249	.332	.484	.817	.349	126	-0.8	-0.4	19.6	-12.8	3.0	26.4
56	Taylor Ward	BAL	149	628	550	134	24	2	27	81	81	66	156	7	5	1	.244	.329	.444	.773	.335	117	-0.6	2.1	11.8	-4.8	2.9	160.8
57	Brent Rooker	ATH	150	641	568	150	30	1	34	90	93	59	162	8	7	2	.264	.341	.501	.842	.359	129	-0.4	0.0	21.7	-15.2	2.9	53.6
58	Gleyber Torres	DET	149	639	556	143	26	1	17	76	69	72	111	4	8	3	.257	.343	.400	.743	.327	110	-0.6	-2.4	6.8	-0.1	2.9	251.6
59	Carlos Correa	HOU	130	550	489	131	24	0	17	66	66	49	110	3	0	0	.267	.336	.423	.758	.330	112	-0.9	0.2	7.2	2.3	2.9	278.5
60	Dansby Swanson	CHC	153	628	564	135	24	2	21	76	73	50	163	4	15	4	.239	.303	.399	.702	.305	97	0.5	2.1	-2.0	9.2	2.9	157.2
61	Randy Arozarena	SEA	152	654	567	133	25	3	23	88	72	66	171	17	25	7	.234	.330	.408	.738	.324	115	1.1	0.0	12.3	-7.2	2.8	92.2
62	Brendan Donovan	SEA	128	548	485	128	26	1	12	62	60	48	76	9	5	2	.265	.339	.393	.733	.322	113	-0.7	-0.2	7.6	1.1	2.8	310.5
63	Andy Pages	LAD	142	582	533	135	29	1	24	77	79	36	129	8	9	3	.253	.308	.449	.757	.325	109	-0.1	0.4	5.9	2.2	2.8	142.0
64	Luke Keaschall	MIN	126	534	474	129	27	1	12	68	54	46	90	9	20	5	.272	.344	.410	.753	.329	111	1.3	-0.5	8.0	0.8	2.8	136.0
65	Yainer Diaz	HOU	134	529	498	133	24	1	18	60	66	23	93	3	2	0	.267	.301	.424	.724	.311	100	-0.7	1.1	-0.9	9.6	2.8	112.2
66	Roman Anthony	BOS	139	599	520	136	30	2	17	77	69	70	144	5	9	3	.261	.352	.427	.778	.340	115	-0.5	4.1	10.0	-3.8	2.7	54.3
67	Freddie Freeman	LAD	143	618	543	150	32	2	21	84	80	62	112	7	9	2	.275	.354	.457	.810	.348	124	-0.3	-0.2	17.4	-11.3	2.7	72.2
68	Francisco Alvarez	NYM	114	438	391	87	15	1	18	50	55	38	119	6	1	0	.222	.299	.406	.704	.306	99	-0.6	6.7	-1.3	13.3	2.7	177.9
69	Nico Hoerner	CHC	146	605	553	152	25	3	6	73	55	37	59	9	26	7	.275	.328	.367	.695	.306	97	1.4	4.6	-0.7	7.0	2.7	109.7
70	Trevor Story	BOS	136	576	522	130	25	3	21	74	71	35	157	6	23	5	.250	.303	.431	.733	.316	98	1.8	0.0	0.3	6.3	2.7	105.3
71	James Wood	WSN	146	631	551	143	30	2	25	84	81	72	186	4	17	5	.260	.348	.456	.804	.347	123	0.1	-0.1	17.6	-12.5	2.7	31.0
72	Seiya Suzuki	CHC	141	605	531	133	25	3	24	80	78	64	153	4	10	3	.251	.334	.447	.781	.337	118	-0.2	-0.2	13.1	-7.5	2.6	97.9
73	Matt Olson	ATL	153	666	575	141	29	1	29	86	92	80	158	6	1	0	.245	.341	.451	.792	.342	120	-1.0	1.0	14.4	-10.8	2.6	50.3
74	Ryan Jeffers	MIN	127	504	443	107	22	1	15	58	55	46	107	9	2	1	.241	.323	.398	.721	.317	102	-0.7	3.3	0.5	7.8	2.6	325.8
75	J.P. Crawford	SEA	144	597	516	125	24	1	11	65	56	66	116	5	4	2	.242	.332	.356	.687	.307	103	-0.9	-2.6	1.0	4.0	2.6	735.5
76	Jose Altuve	HOU	138	595	536	141	26	1	22	76	71	49	104	5	12	3	.262	.328	.433	.761	.330	112	0.0	-3.0	8.6	-3.7	2.6	121.8
77	Marcus Semien	NYM	137	581	517	125	23	3	19	69	67	49	98	3	8	2	.241	.308	.408	.717	.312	102	-0.1	2.7	1.5	4.5	2.6	258.6
78	Brandon Nimmo	TEX	144	624	550	138	23	5	22	82	71	60	135	9	8	2	.252	.333	.432	.764	.332	115	-0.4	0.6	10.5	-7.1	2.5	153.1
79	Mike Trout	LAA	119	511	431	103	18	2	27	68	72	69	154	7	3	1	.240	.352	.478	.829	.355	128	-0.6	-0.4	16.4	-9.3	2.5	171.5
80	Brice Turang	MIL	150	636	568	143	25	3	13	77	62	57	134	2	30	7	.251	.320	.377	.697	.306	96	2.3	1.5	-0.5	4.0	2.5	54.0
81	CJ Abrams	WSN	140	610	555	139	28	3	18	77	67	37	118	12	31	8	.251	.309	.412	.721	.313	100	2.0	-3.7	1.8	2.3	2.5	56.2
82	Cody Bellinger	NYY	139	595	535	136	24	3	24	74	73	50	91	3	11	3	.254	.318	.444	.762	.327	111	0.2	1.2	7.9	-3.9	2.5	78.0
83	Bo Naylor	CLE	121	449	396	84	18	2	15	50	50	44	116	4	5	2	.212	.294	.380	.674	.295	89	-0.2	5.5	-6.0	14.8	2.5	605.5
84	Otto Lopez	MIA	135	556	510	136	24	3	11	64	56	36	86	4	17	4	.267	.318	.388	.706	.308	95	0.6	1.9	-2.6	8.1	2.5	233.5
85	Kazuma Okamoto	TOR	127	527	464	109	22	1	25	65	74	52	115	7	1	0	.235	.320	.450	.769	.331	113	-0.7	0.0	7.6	-1.8	2.4	999.0
86	Masyn Winn	STL	144	611	560	141	28	3	13	67	61	39	113	5	12	3	.252	.304	.381	.685	.299	93	0.2	1.7	-5.1	8.4	2.4	281.7
87	Trent Grisham	NYY	127	526	446	98	17	2	25	69	65	69	131	6	6	2	.219	.329	.435	.764	.333	115	-0.4	-5.6	9.1	-3.7	2.4	264.5
88	Jackson Holliday	BAL	128	550	489	123	24	2	14	70	56	53	123	4	14	5	.251	.327	.398	.725	.318	105	-0.1	-0.6	3.0	1.5	2.4	143.9
89	Josh Naylor	SEA	144	607	543	142	26	0	23	75	80	51	89	6	15	4	.261	.328	.438	.766	.329	118	0.4	0.9	13.1	-10.5	2.4	66.6
90	Ian Happ	CHC	146	633	546	130	28	1	21	79	74	78	149	5	8	2	.238	.336	.409	.745	.327	111	-0.4	1.0	8.2	-5.8	2.4	189.2
91	Drake Baldwin	ATL	131	517	465	118	21	1	16	59	63	43	94	4	0	0	.253	.320	.406	.726	.317	102	-0.8	3.8	0.4	5.7	2.4	91.8
92	Oneil Cruz	PIT	127	528	469	110	22	4	20	74	61	52	161	4	25	6	.235	.315	.426	.741	.320	103	1.7	0.3	3.6	2.0	2.4	89.2
93	Ben Rice	NYY	131	539	474	115	23	2	25	70	70	53	112	8	5	1	.243	.327	.457	.784	.339	119	-0.4	0.7	11.6	-7.1	2.4	49.4
94	Max Muncy	LAD	113	459	385	84	16	1	23	63	64	64	112	6	2	1	.219	.336	.443	.779	.338	117	-0.6	-2.7	8.9	-1.3	2.3	257.0
95	Luis Arraez	SFG	140	608	561	173	28	3	5	71	61	34	24	4	8	3	.309	.349	.396	.746	.325	111	-0.9	-3.3	6.8	-4.3	2.3	287.1
96	Isaac Paredes	HOU	115	489	421	102	18	0	22	62	63	55	82	9	1	0	.242	.340	.442	.782	.341	120	-0.8	0.2	10.8	-5.1	2.3	214.0
97	Wilyer Abreu	BOS	125	505	448	109	25	1	22	62	70	49	125	3	8	3	.243	.320	.450	.769	.331	108	-0.2	6.1	4.6	0.2	2.3	220.0
98	Iván Herrera	STL	127	536	471	126	22	1	17	67	63	51	108	9	8	2	.267	.349	.426	.775	.339	120	-0.4	1.4	12.4	-8.3	2.2	158.9
99	Daulton Varsho	TOR	134	543	491	108	21	2	26	69	72	43	142	5	9	2	.220	.287	.433	.720	.309	98	0.2	2.0	-0.9	4.1	2.2	211.2
100	Agustín Ramírez	MIA	121	502	458	113	25	1	17	58	62	35	101	5	10	2	.247	.305	.417	.722	.312	98	0.3	5.7	-0.9	6.0	2.2	82.2
101	Brandon Lowe	PIT	125	534	479	117	23	1	24	65	76	45	137	5	4	1	.244	.314	.450	.764	.329	109	-0.5	-2.9	5.2	-1.4	2.2	191.8
102	Dillon Dingler	DET	110	416	382	91	19	1	12	43	47	24	107	7	2	1	.239	.293	.389	.682	.297	89	-0.5	4.7	-6.1	13.2	2.2	240.6
103	Steven Kwan	CLE	147	646	575	157	26	3	8	74	58	58	56	5	16	5	.274	.343	.372	.714	.316	103	0.0	3.5	2.5	-3.3	2.2	171.1
104	Colson Montgomery	CHW	130	549	491	106	20	2	22	61	66	45	167	9	3	1	.216	.292	.399	.691	.300	91	-0.5	2.7	-6.3	8.7	2.2	229.2
105	Bryson Stott	PHI	141	574	517	131	24	2	12	69	56	48	97	3	22	6	.252	.317	.378	.696	.305	93	1.2	3.3	-3.6	5.5	2.2	185.1
106	Tyler Soderstrom	ATH	140	585	524	133	28	2	25	76	76	50	142	6	6	2	.253	.322	.455	.777	.334	112	-0.5	0.0	7.5	-6.9	2.1	90.1
107	Colton Cowser	BAL	128	515	456	103	22	1	20	65	61	47	163	7	11	3	.227	.307	.410	.717	.312	101	0.1	0.4	0.6	2.4	2.1	267.6
108	Ezequiel Tovar	COL	148	630	585	153	34	3	20	74	78	30	159	4	10	3	.262	.301	.429	.730	.314	87	0.0	2.2	-9.7	9.0	2.1	209.4
109	Michael Harris II	ATL	138	567	530	139	27	2	18	73	68	27	113	5	19	5	.262	.302	.425	.727	.312	99	0.8	-1.0	0.3	1.1	2.1	101.1
110	Kyle Teel	CHW	115	463	406	99	18	1	12	53	46	48	120	5	5	2	.244	.328	.385	.713	.315	101	-0.4	0.0	0.2	4.1	2.1	185.0
111	Vinnie Pasquantino	KCR	147	630	565	149	31	2	27	76	93	51	92	6	1	0	.263	.327	.467	.794	.339	115	-0.9	-0.2	10.5	-12.2	2.0	80.3
112	Andrés Giménez	TOR	139	558	507	124	22	2	10	65	49	30	100	14	22	5	.245	.303	.354	.657	.289	84	1.6	2.7	-8.6	9.1	2.0	472.4
113	Luis Robert Jr.	NYM	126	517	469	111	20	1	20	71	57	37	146	6	30	7	.237	.299	.411	.710	.307	99	2.6	-1.7	2.1	0.0	2.0	106.4
114	Danny Jansen	TEX	89	330	286	59	12	0	13	36	39	35	80	5	0	0	.205	.301	.382	.683	.301	94	-0.5	3.9	-3.0	10.7	2.0	999.0
115	Teoscar Hernández	LAD	132	554	509	134	26	1	26	76	80	35	142	5	6	2	.263	.314	.469	.783	.335	116	-0.3	-3.3	10.2	-9.5	2.0	138.1
116	Jeff McNeil	ATH	132	535	477	124	26	2	13	62	56	42	70	8	3	1	.260	.328	.404	.732	.319	101	-0.7	-0.8	0.3	0.4	2.0	685.7
117	J.T. Realmuto	PHI	120	469	421	106	19	3	13	56	53	30	113	7	8	2	.252	.310	.403	.713	.310	96	0.0	-3.5	-2.1	5.4	1.9	217.0
118	Sean Murphy	ATL	86	332	289	65	12	1	14	40	44	32	92	7	0	0	.223	.314	.415	.728	.318	103	-0.5	4.6	0.7	7.1	1.9	658.0
119	Willson Contreras	BOS	133	562	486	122	23	1	23	72	75	51	143	16	5	2	.252	.341	.443	.785	.342	116	-0.6	0.4	9.9	-10.5	1.9	173.9
120	Munetaka Murakami	CHW	133	539	451	93	16	1	30	76	76	80	204	6	10	3	.206	.331	.445	.775	.337	116	-0.2	0.0	10.1	-10.0	1.9	999.0
121	Eugenio Suárez	CIN	142	598	533	126	23	1	37	76	98	49	175	10	2	1	.236	.310	.491	.801	.342	115	-0.6	0.0	9.8	-11.0	1.9	111.0
122	Yandy Díaz	TBR	142	615	549	155	27	1	17	73	76	56	91	5	2	1	.282	.352	.426	.778	.340	118	-1.0	-0.1	11.8	-14.3	1.9	133.5
123	Salvador Perez	KCR	141	576	526	132	25	0	27	64	90	29	119	9	0	0	.252	.300	.453	.753	.321	102	-0.7	-2.7	0.9	-2.2	1.9	97.6
124	Miguel Vargas	CHW	137	576	509	121	28	1	17	65	62	55	108	6	8	2	.237	.316	.399	.715	.313	100	-0.2	-2.1	-0.3	-1.0	1.9	319.4
125	Xavier Edwards	MIA	134	578	520	145	23	3	3	67	44	46	81	3	27	7	.278	.337	.354	.692	.306	94	1.7	-0.6	-2.5	1.5	1.9	184.7
126	Matt McLain	CIN	131	535	475	111	21	3	17	65	55	48	151	6	16	4	.233	.310	.395	.705	.308	92	0.6	2.7	-4.5	4.9	1.9	184.9
127	Jake Cronenworth	SDP	142	580	501	115	25	2	13	64	57	61	117	10	4	2	.229	.322	.364	.686	.305	98	-0.7	-0.6	-2.0	0.9	1.9	999.0
128	George Springer	TOR	131	568	499	126	21	2	23	77	69	56	109	6	13	3	.252	.333	.438	.771	.335	116	0.4	-0.2	10.9	-12.3	1.9	97.0
129	Joey Bart	PIT	86	324	286	67	11	1	8	34	33	29	90	6	1	0	.235	.316	.360	.677	.301	90	-0.5	5.1	-4.3	11.7	1.9	999.0
130	Michael Busch	CHC	140	584	514	125	25	2	25	73	80	56	148	8	3	1	.242	.324	.443	.767	.332	115	-0.7	0.1	9.5	-10.8	1.8	108.5
131	Evan Carter	TEX	105	416	369	87	17	3	11	53	40	39	94	5	15	4	.237	.316	.390	.706	.309	99	0.7	3.1	0.0	3.3	1.8	291.6
132	Alec Bohm	PHI	134	565	519	139	25	2	13	62	65	35	90	4	3	1	.268	.317	.399	.716	.311	97	-0.8	-0.1	-2.6	1.3	1.8	285.1
133	Jonathan Aranda	TBR	136	565	498	129	25	1	21	67	75	53	139	9	1	0	.260	.338	.437	.776	.336	115	-0.9	0.0	9.4	-11.4	1.8	188.9
134	Jakob Marsee	MIA	132	571	498	112	24	3	12	68	49	58	126	8	26	6	.225	.313	.358	.672	.298	89	1.8	2.8	-5.9	4.2	1.8	150.8
135	Jarren Duran	BOS	140	607	546	141	33	6	15	80	64	49	141	7	24	5	.258	.326	.421	.747	.325	104	1.8	0.7	4.6	-8.4	1.8	69.7
136	Chase Meidroth	CHW	124	530	468	119	20	1	7	58	43	50	80	7	11	3	.255	.334	.345	.679	.305	94	-0.3	0.4	-3.9	2.7	1.7	593.3
137	Sal Frelick	MIL	131	547	492	128	22	3	8	62	51	43	75	5	17	4	.261	.326	.366	.692	.306	96	0.7	5.5	-2.0	0.5	1.7	205.2
138	Heliot Ramos	SFG	146	614	554	140	25	2	22	76	73	46	151	8	6	2	.253	.317	.424	.741	.321	108	-0.6	-2.0	5.3	-9.3	1.7	225.8
139	Nolan Arenado	ARI	132	551	506	129	25	1	15	59	69	36	75	4	3	1	.256	.307	.400	.707	.306	94	-0.6	0.7	-4.4	2.3	1.7	653.7
140	Ozzie Albies	ATL	141	592	538	133	27	3	17	69	68	43	88	5	10	3	.247	.305	.400	.705	.305	94	-0.1	-1.8	-4.0	0.4	1.6	162.3
141	Nolan Schanuel	LAA	140	599	515	136	23	2	13	70	57	67	82	9	6	2	.264	.356	.389	.744	.329	110	-0.8	0.0	6.2	-10.9	1.6	572.7
142	Lawrence Butler	ATH	135	556	501	120	25	2	21	73	63	49	151	2	16	4	.239	.307	.419	.726	.315	98	0.9	0.7	-0.1	-3.0	1.6	151.6
143	Tyler Stephenson	CIN	108	425	377	89	16	1	15	47	51	40	121	5	1	0	.236	.315	.398	.713	.312	95	-0.6	0.9	-3.3	5.2	1.6	279.4
144	Carlos Narváez	BOS	108	415	372	83	16	0	12	43	47	36	111	4	3	1	.223	.296	.366	.662	.291	81	-0.4	3.4	-9.8	11.5	1.6	586.3
145	Christian Yelich	MIL	135	577	505	129	21	2	20	73	72	64	142	4	16	4	.255	.342	.421	.764	.332	114	0.4	0.0	9.8	-13.2	1.6	127.8
146	Jo Adell	LAA	138	559	508	118	21	2	30	71	76	39	154	8	10	3	.231	.294	.454	.748	.320	104	0.1	-2.8	2.8	-6.4	1.6	122.7
147	Bryan Reynolds	PIT	146	633	564	144	25	6	19	77	74	55	153	8	6	2	.254	.327	.419	.747	.324	106	-0.6	-2.1	3.8	-9.4	1.6	205.7
148	Royce Lewis	MIN	120	486	445	107	23	1	17	57	58	34	104	3	10	2	.239	.295	.409	.704	.304	93	0.4	0.6	-3.3	2.1	1.6	170.0
149	Kyle Higashioka	TEX	73	265	244	52	10	0	10	27	32	16	68	1	2	1	.215	.267	.382	.649	.281	80	-0.2	7.8	-6.5	12.8	1.6	999.0
150	Gavin Lux	TBR	110	445	395	100	19	3	8	50	44	44	97	2	4	1	.254	.329	.375	.704	.311	98	-0.4	0.0	-1.7	1.7	1.6	999.0
151	Spencer Torkelson	DET	147	616	538	125	27	1	27	73	81	64	160	8	2	1	.232	.320	.432	.752	.325	108	-0.7	0.5	5.3	-11.1	1.6	195.4
152	Caleb Durbin	BOS	135	539	484	122	24	1	10	62	52	34	57	13	20	5	.252	.316	.369	.685	.302	88	1.1	1.0	-6.3	3.1	1.6	244.0
153	Tommy Edman	LAD	115	462	423	103	19	2	14	58	51	29	79	4	10	3	.243	.296	.395	.691	.300	92	0.3	2.3	-4.3	4.2	1.6	422.1
154	Kevin McGonigle	DET	78	323	290	74	15	2	9	40	36	28	48	2	6	2	.254	.320	.418	.738	.320	105	0.0	0.0	1.8	2.1	1.5	999.0
155	Logan O'Hoppe	LAA	116	450	410	92	16	1	19	49	55	31	131	5	3	1	.225	.286	.406	.692	.300	90	-0.4	-2.2	-5.8	5.1	1.5	258.4
156	Josh Smith	TEX	121	491	429	103	20	2	10	56	45	45	93	10	9	3	.240	.325	.364	.689	.306	97	-0.2	-0.8	-2.1	0.0	1.5	574.2
157	Harrison Bader	SFG	123	485	443	105	18	3	15	62	50	30	121	7	15	4	.238	.296	.393	.688	.300	93	0.6	0.0	-3.2	1.9	1.5	427.1
158	Konnor Griffin	PIT	89	372	341	87	15	1	10	45	39	22	96	6	14	4	.256	.311	.394	.705	.307	94	0.6	0.0	-1.9	4.1	1.5	999.0
159	Jung Hoo Lee	SFG	135	560	508	138	33	4	9	67	57	41	63	5	8	2	.271	.329	.404	.733	.319	107	-0.3	-3.3	4.0	-8.1	1.5	326.5
160	Josh Jung	TEX	128	518	480	117	22	1	16	56	61	29	132	4	4	1	.243	.291	.396	.687	.298	91	-0.5	0.5	-5.8	2.5	1.5	493.0
161	Matt Wallner	MIN	117	480	418	94	20	2	22	62	63	48	151	11	4	1	.224	.318	.438	.756	.328	110	-0.4	-1.4	5.1	-7.2	1.5	422.6
162	Carson Kelly	CHC	97	370	327	76	13	1	12	41	44	34	74	4	1	0	.232	.311	.388	.699	.307	98	-0.5	-2.7	-1.6	3.6	1.5	591.3
163	Jared Triolo	PIT	128	507	451	109	22	2	9	57	48	47	116	4	12	4	.242	.317	.361	.678	.300	89	0.1	1.6	-6.3	3.7	1.5	999.0
164	Joey Ortiz	MIL	138	541	494	118	24	2	8	56	50	35	94	4	14	4	.239	.294	.348	.642	.283	80	0.3	2.4	-12.6	8.8	1.5	735.5
165	Ceddanne Rafaela	BOS	141	558	521	128	26	4	15	66	60	24	123	6	21	5	.246	.285	.395	.680	.293	82	1.2	3.2	-10.3	5.3	1.5	139.5
166	Willi Castro	COL	129	525	468	121	24	3	13	66	56	40	118	11	16	5	.259	.330	.406	.736	.322	93	0.3	-0.7	-4.3	1.0	1.5	289.9
167	Kerry Carpenter	DET	117	480	437	109	19	3	24	61	69	31	114	7	3	1	.250	.308	.474	.782	.334	114	-0.5	0.0	7.4	-9.8	1.4	237.1
168	Colt Keith	DET	117	475	427	110	20	4	14	57	54	42	101	3	3	1	.258	.326	.419	.745	.323	107	-0.5	0.1	3.4	-5.7	1.4	490.0
169	Ryan McMahon	NYY	119	482	421	88	17	1	17	53	53	54	154	3	3	1	.208	.300	.373	.674	.297	90	-0.6	1.6	-6.2	3.4	1.4	719.7
170	Jurickson Profar	ATL	137	590	509	126	25	1	17	73	65	66	95	8	8	3	.247	.340	.400	.740	.326	109	-0.5	-0.8	5.5	-11.6	1.4	188.4
171	Brandon Marsh	PHI	119	466	414	104	21	2	13	57	50	45	133	3	9	3	.251	.326	.407	.733	.320	103	0.1	-0.3	1.8	-3.9	1.4	687.4
172	Lars Nootbaar	STL	124	527	457	109	21	2	14	60	55	61	106	4	6	2	.237	.330	.380	.710	.313	102	-0.6	0.3	0.8	-4.9	1.4	685.1
173	Pedro Pagés	STL	89	329	302	67	12	0	9	30	35	20	88	3	1	0	.223	.276	.351	.627	.274	76	-0.4	5.5	-9.9	12.4	1.4	999.0
174	Victor Caratini	MIN	96	365	326	81	12	0	10	39	40	28	67	7	1	0	.247	.316	.380	.696	.306	94	-0.6	3.5	-3.0	3.7	1.4	735.8
175	Kyle Stowers	MIA	139	576	512	120	25	2	24	67	77	52	164	7	4	1	.235	.312	.431	.743	.321	104	-0.5	-2.2	2.4	-8.5	1.3	130.3
176	Ramón Laureano	SDP	125	511	461	113	20	4	20	67	64	36	136	10	9	2	.244	.310	.434	.744	.321	110	0.0	-4.1	5.8	-9.9	1.3	220.4
177	Hunter Feduccia	TBR	74	256	229	49	10	1	4	23	24	24	66	1	0	0	.212	.288	.318	.607	.271	70	-0.4	7.5	-9.3	13.2	1.3	999.0
178	Jonathan India	KCR	124	525	453	110	23	1	11	62	53	54	101	13	9	3	.242	.337	.375	.712	.317	100	-0.3	-1.0	-0.3	-5.1	1.3	640.8
179	Kyle Manzardo	CLE	135	549	486	115	24	1	25	63	76	51	128	6	1	0	.236	.313	.441	.755	.325	109	-0.7	-0.5	5.4	-11.6	1.3	234.5
180	Brenton Doyle	COL	138	563	516	130	24	3	19	73	65	36	151	3	21	5	.252	.302	.423	.725	.313	86	1.3	-0.5	-7.8	1.6	1.3	164.5
181	Cedric Mullins	TBR	111	450	399	92	18	3	15	58	47	41	100	4	21	5	.229	.305	.400	.705	.307	95	1.6	-3.4	-0.9	-2.1	1.3	357.0
182	Nick Gonzales	PIT	96	400	367	96	21	2	7	43	43	24	82	5	3	1	.260	.311	.387	.698	.304	92	-0.4	0.4	-4.1	3.3	1.3	999.0
183	Denzel Clarke	ATH	98	376	343	76	16	2	8	44	32	25	128	5	11	3	.223	.284	.352	.636	.280	75	0.4	8.8	-10.8	10.3	1.3	999.0
184	Jorge Polanco	NYM	123	507	452	111	21	0	21	62	66	45	104	4	5	2	.245	.316	.436	.753	.325	112	-0.5	-1.3	6.5	-11.1	1.3	223.0
185	Ha-Seong Kim	ATL	76	309	271	65	11	2	7	39	28	30	56	3	12	3	.241	.320	.374	.694	.305	94	0.7	-0.2	-1.3	3.3	1.3	719.8
186	Anthony Volpe	NYY	110	452	411	91	20	2	13	53	44	32	110	4	16	4	.222	.282	.372	.654	.285	82	1.0	-0.1	-8.4	5.0	1.2	687.0
187	Dylan Beavers	BAL	103	408	360	86	19	1	12	50	42	41	96	2	10	3	.239	.318	.396	.714	.312	101	0.2	2.1	0.7	-2.6	1.2	422.1
188	Sal Stewart	CIN	119	479	436	117	24	1	18	58	63	35	88	4	6	2	.269	.327	.449	.775	.334	110	-0.3	-0.1	5.3	-9.1	1.2	198.9
189	Luis García Jr.	WSN	124	505	470	124	22	2	14	57	60	27	80	2	14	4	.264	.304	.412	.715	.308	97	0.3	0.6	-1.7	-3.2	1.2	235.1
190	Ryan O'Hearn	PIT	125	509	452	118	22	2	13	58	58	47	96	5	4	1	.262	.335	.405	.740	.323	105	-0.6	0.4	2.3	-7.4	1.2	308.2
191	Parker Meadows	DET	118	468	419	92	17	5	12	55	42	41	120	3	13	3	.219	.292	.365	.658	.288	83	0.4	2.6	-9.0	4.4	1.2	999.0
192	Alec Burleson	STL	139	577	526	139	24	1	18	64	71	39	81	4	5	2	.264	.317	.415	.732	.317	105	-0.5	0.0	3.0	-10.7	1.2	178.4
193	Jesús Sánchez	TOR	110	440	396	97	18	2	15	56	51	37	105	3	9	3	.244	.311	.408	.720	.313	101	0.1	0.9	0.6	-4.4	1.2	636.3
194	JJ Wetherholt	STL	119	485	435	104	21	2	8	50	46	40	91	6	7	2	.239	.310	.352	.662	.293	88	-0.3	0.0	-7.0	2.0	1.1	999.0
195	Jake Meyers	HOU	114	446	402	97	19	1	8	51	40	34	94	6	10	3	.241	.307	.357	.665	.294	88	0.1	0.4	-6.4	2.1	1.1	999.0
196	Yoán Moncada	LAA	91	358	318	76	16	1	12	40	42	34	95	4	1	0	.238	.317	.410	.727	.317	102	-0.5	-2.0	0.2	-1.5	1.1	720.2
197	Jose Trevino	CIN	74	267	246	57	10	0	5	23	26	15	41	2	0	0	.232	.278	.337	.615	.270	66	-0.4	7.5	-11.2	13.1	1.1	999.0
198	Daylen Lile	WSN	131	542	497	133	29	5	10	62	56	34	96	5	14	4	.267	.319	.407	.725	.315	101	0.3	-1.7	1.1	-8.3	1.1	205.0
199	Tyler O'Neill	BAL	87	361	317	73	12	1	17	47	47	36	101	5	4	1	.231	.317	.439	.757	.327	111	-0.2	-0.4	4.6	-6.3	1.1	999.0
200	Marcelo Mayer	BOS	104	403	368	90	21	1	10	44	46	30	95	2	6	2	.245	.302	.393	.696	.302	88	0.0	1.2	-5.7	2.4	1.1	607.4
201	Brooks Lee	MIN	137	548	505	121	22	1	14	55	59	34	98	3	4	1	.239	.288	.368	.656	.286	81	-0.6	-1.6	-13.0	4.7	1.1	538.3
202	Carter Jensen	KCR	103	385	343	80	18	3	11	45	44	36	101	2	5	1	.235	.310	.397	.707	.308	94	-0.2	-2.3	-3.1	0.3	1.1	999.0
203	Carson Williams	TBR	95	369	336	73	15	2	13	43	43	27	127	4	8	2	.219	.283	.386	.669	.291	84	0.1	-0.1	-6.7	4.3	1.1	999.0
204	Dylan Crews	WSN	136	560	511	118	22	3	16	65	57	37	128	8	22	6	.231	.291	.377	.668	.292	85	1.1	4.4	-8.6	0.3	1.1	158.9
205	TJ Friedl	CIN	134	577	498	120	20	3	14	68	53	58	96	12	11	3	.241	.331	.378	.709	.315	96	-0.1	-6.1	-2.7	-6.5	1.0	262.7
206	Justin Crawford	PHI	99	393	362	96	17	2	5	48	32	24	81	2	19	5	.266	.314	.363	.677	.298	88	1.2	0.0	-4.4	1.2	1.0	999.0
207	Ernie Clement	TOR	141	555	518	130	25	2	9	57	52	24	60	4	10	3	.251	.285	.357	.643	.280	78	-0.1	2.9	-14.6	5.2	1.0	316.2
208	Freddy Fermin	SDP	116	429	393	90	14	2	8	41	39	26	88	3	2	1	.229	.280	.334	.614	.270	74	-0.5	0.0	-13.6	9.0	1.0	735.5
209	Cam Smith	HOU	102	406	363	87	17	1	10	47	40	35	109	5	6	2	.240	.313	.374	.687	.302	93	-0.2	3.5	-3.4	-1.0	1.0	487.1
210	Mitch Garver		55	207	181	39	7	0	7	23	24	21	57	2	1	0	.213	.303	.378	.681	.300	91	-0.2	0.7	-2.5	4.9	1.0	999.0
211	Miguel Amaya	CHC	76	285	255	57	11	0	7	28	30	19	63	5	1	0	.225	.290	.358	.649	.285	83	-0.4	1.5	-6.1	6.1	1.0	735.8
212	Wenceel Pérez	DET	114	463	418	97	19	4	12	56	45	37	101	3	12	3	.232	.297	.386	.682	.297	89	0.5	3.2	-5.5	-1.2	0.9	735.9
213	Addison Barger	TOR	116	473	430	101	24	1	17	55	58	35	119	4	4	1	.235	.297	.413	.710	.306	96	-0.3	-2.1	-2.4	-4.7	0.9	206.4
214	Victor Scott II	STL	131	508	455	99	18	3	6	57	32	36	116	7	30	6	.217	.283	.308	.591	.264	69	2.7	6.3	-16.2	8.3	0.9	381.7
215	Harry Ford	WSN	95	278	246	56	12	1	6	29	27	26	64	4	5	2	.228	.309	.353	.662	.294	87	0.0	2.6	-4.3	4.1	0.9	720.5
216	Chase DeLauter	CLE	107	463	422	101	21	1	11	48	50	34	89	3	4	1	.239	.299	.375	.674	.294	88	-0.5	0.0	-6.8	-0.2	0.9	999.0
217	Luis Campusano	SDP	82	298	270	63	11	0	8	31	33	23	62	3	0	0	.233	.297	.371	.669	.293	90	-0.4	0.0	-3.8	2.8	0.9	999.0
218	Davis Schneider	TOR	97	369	320	67	14	1	14	43	43	42	107	4	4	1	.209	.306	.387	.693	.305	95	-0.2	0.6	-2.3	-1.6	0.9	999.0
219	Zach McKinstry	DET	110	426	382	87	17	5	8	51	36	36	96	4	15	4	.229	.299	.359	.658	.290	84	0.6	0.3	-7.5	1.5	0.9	508.5
220	Colt Emerson	SEA	73	288	259	62	13	1	5	30	29	22	60	4	5	1	.239	.307	.358	.665	.292	92	-0.1	0.0	-2.7	1.3	0.9	999.0
221	Spencer Horwitz	PIT	114	477	420	108	24	1	10	53	52	48	85	5	2	1	.258	.339	.392	.730	.321	104	-0.7	0.2	1.4	-8.8	0.9	999.0
222	Jett Williams	MIL	87	350	315	71	16	1	8	38	37	29	90	4	10	2	.225	.296	.364	.661	.291	86	0.5	0.0	-5.5	2.1	0.8	999.0
223	José Caballero	NYY	93	352	310	66	14	1	7	47	23	31	92	6	33	7	.214	.297	.327	.624	.279	78	3.1	0.0	-6.0	2.1	0.8	209.5
224	Trevor Larnach	MIN	108	444	392	97	18	1	14	52	50	43	102	4	4	1	.247	.326	.405	.731	.319	104	-0.5	-0.9	1.3	-8.3	0.8	734.3
225	Garrett Mitchell	MIL	89	338	301	66	12	2	8	39	31	31	105	3	11	3	.219	.297	.350	.647	.286	82	0.6	2.7	-6.4	3.3	0.8	999.0
226	Brayan Rocchio	CLE	124	472	426	97	20	1	7	49	40	33	92	6	12	4	.227	.290	.334	.623	.276	76	0.1	-0.3	-13.3	5.1	0.8	999.0
227	Thairo Estrada	COL	69	284	264	66	12	1	7	32	31	12	55	5	6	2	.249	.293	.385	.677	.295	87	0.1	1.4	-4.2	2.4	0.8	999.0
228	Henry Davis	PIT	73	269	241	52	10	1	7	28	27	20	70	5	4	1	.216	.289	.350	.638	.282	77	-0.1	0.8	-7.6	6.4	0.8	999.0
229	Christian Walker	HOU	137	575	515	115	21	1	25	67	74	47	148	7	4	1	.222	.294	.414	.708	.307	96	-0.4	1.5	-2.9	-9.1	0.8	202.5
230	Isaac Collins	KCR	105	400	348	83	18	3	7	49	37	43	82	5	12	4	.239	.328	.370	.698	.309	95	0.1	1.4	-2.5	-3.5	0.8	527.6
231	Jordan Lawlar	ARI	78	295	268	64	14	2	7	36	30	21	81	3	11	3	.240	.303	.377	.680	.297	88	0.7	1.3	-3.5	1.3	0.8	438.1
232	Travis d'Arnaud	LAA	62	228	205	45	9	0	8	23	26	15	64	3	1	0	.221	.282	.380	.662	.289	83	-0.2	0.3	-4.9	4.8	0.8	999.0
233	Samuel Basallo	BAL	110	425	388	93	19	1	16	49	53	31	101	3	3	1	.239	.299	.415	.714	.308	98	-0.4	-2.5	-1.5	-5.5	0.8	176.0
234	Connor Norby	MIA	113	436	399	96	21	1	12	47	49	29	121	4	7	2	.239	.296	.390	.686	.298	89	-0.1	-2.3	-5.9	-1.0	0.8	649.5
235	Joc Pederson	TEX	102	402	346	79	14	1	17	49	50	44	90	7	3	1	.230	.327	.422	.749	.326	111	-0.4	0.0	4.6	-10.9	0.8	999.0
236	Jordan Beck	COL	128	524	477	121	26	2	16	66	61	40	150	4	16	4	.253	.313	.419	.732	.318	90	0.7	1.8	-5.9	-4.1	0.8	239.1
237	Nolan Gorman	STL	122	495	441	93	18	1	21	54	65	47	163	3	4	1	.211	.290	.398	.687	.299	92	-0.4	-1.0	-4.9	-4.2	0.8	609.2
238	Chandler Simpson	TBR	110	454	420	122	16	3	1	57	32	24	46	1	37	8	.291	.329	.348	.677	.299	89	3.4	-1.5	-2.3	-5.9	0.8	167.9
239	Ke'Bryan Hayes	CIN	127	504	464	112	19	2	8	52	45	32	98	3	10	3	.241	.293	.343	.636	.280	73	0.0	5.0	-16.3	7.0	0.8	999.0
240	Austin Hedges	CLE	42	142	124	23	4	0	3	12	10	10	38	2	2	1	.185	.254	.292	.547	.244	54	0.0	6.7	-7.7	10.0	0.7	999.0
241	Josh Lowe	LAA	115	471	428	100	22	2	14	58	47	37	130	2	21	4	.234	.297	.393	.689	.299	89	1.9	0.0	-4.1	-5.0	0.7	259.9
242	Mike Yastrzemski	ATL	110	442	385	87	21	1	14	52	51	47	101	4	4	1	.227	.316	.399	.714	.312	99	-0.5	-1.4	-1.2	-6.5	0.7	999.0
243	Austin Hays	CHW	112	452	413	101	21	1	14	50	51	29	108	5	4	1	.245	.301	.406	.706	.306	95	-0.4	0.3	-2.9	-5.6	0.7	655.0
244	Romy Gonzalez	BOS	78	303	280	72	14	1	8	37	34	18	76	2	9	3	.259	.306	.405	.712	.308	93	0.2	-0.6	-2.3	-1.1	0.7	654.8
245	Edgar Quero	CHW	110	428	383	98	19	1	9	45	44	35	77	6	1	0	.256	.325	.379	.704	.310	98	-0.6	-2.6	-1.9	-6.0	0.7	635.8
246	Cole Young	SEA	98	375	334	78	17	1	6	39	34	33	64	4	6	2	.234	.309	.343	.651	.289	90	-0.2	-3.2	-4.5	-1.5	0.7	999.0
247	Casey Schmitt	SFG	74	287	262	61	12	1	9	32	33	19	68	3	2	1	.234	.291	.393	.684	.297	91	-0.3	-0.5	-3.2	0.5	0.7	999.0
248	Dalton Rushing	LAD	55	199	177	39	9	1	7	24	24	17	56	3	1	0	.222	.302	.390	.692	.303	94	-0.3	-1.1	-1.8	1.9	0.7	999.0
249	Giancarlo Stanton	NYY	98	401	359	79	12	0	24	49	61	37	128	2	0	0	.221	.297	.460	.757	.323	108	-0.5	0.0	3.5	-10.5	0.7	246.8
250	Keibert Ruiz	WSN	85	330	307	73	14	0	7	28	36	16	38	4	1	0	.238	.282	.351	.633	.277	75	-0.4	-0.9	-10.0	5.6	0.7	999.0
251	Luisangel Acuña	CHW	104	352	328	80	14	1	3	38	25	18	67	2	16	4	.245	.287	.325	.612	.270	70	1.2	3.6	-11.1	5.5	0.7	487.8
252	Josh Bell	MIN	131	543	480	116	18	1	18	63	63	54	102	4	2	1	.242	.321	.399	.720	.315	101	-0.8	-0.9	-0.2	-12.0	0.7	671.0
253	Andrew Vaughn	MIL	128	533	485	122	24	0	17	55	71	36	104	7	1	0	.251	.309	.406	.714	.311	99	-0.8	-0.1	-1.3	-10.0	0.7	398.6
254	Javier Sanoja	MIA	65	240	223	59	13	2	4	27	23	13	23	1	7	2	.267	.308	.385	.693	.300	90	0.2	0.1	-2.7	1.1	0.7	999.0
255	Rhys Hoskins		100	402	349	76	15	1	17	48	52	44	106	5	3	1	.219	.313	.412	.726	.317	102	-0.4	-0.4	0.7	-8.1	0.6	999.0
256	Kyle Karros	COL	57	225	203	54	11	1	4	25	25	18	52	2	2	1	.268	.332	.397	.729	.318	90	-0.3	1.0	-3.1	1.9	0.6	999.0
257	Lourdes Gurriel Jr.	ARI	67	284	262	70	14	1	9	33	36	16	45	3	4	1	.267	.314	.423	.737	.319	103	-0.1	0.2	0.8	-4.1	0.6	736.0
258	Christian Moore	LAA	113	441	397	87	15	2	13	47	43	37	141	4	7	2	.220	.291	.364	.654	.287	81	-0.1	-1.0	-9.8	0.8	0.6	999.0
259	Gabriel Arias	CLE	110	436	402	90	18	1	11	46	43	26	137	5	9	3	.223	.278	.355	.633	.277	77	0.1	0.7	-12.0	3.1	0.6	999.0
260	Nathaniel Lowe	CIN	83	347	304	75	12	1	10	40	39	38	85	2	1	0	.248	.334	.392	.726	.319	104	-0.5	0.1	1.2	-6.8	0.6	999.0
261	Edmundo Sosa	PHI	60	222	204	50	8	2	7	26	25	10	51	5	3	1	.245	.293	.403	.695	.301	90	-0.2	1.2	-2.7	1.4	0.6	999.0
262	Christian Vázquez		54	191	173	39	7	0	3	18	18	12	37	1	2	1	.228	.280	.326	.606	.268	69	-0.1	2.5	-7.1	6.6	0.6	999.0
263	Luis Torrens	NYM	62	223	205	47	8	1	4	22	21	14	50	2	1	0	.228	.282	.343	.625	.275	77	-0.3	0.0	-6.3	4.8	0.6	999.0
264	Victor Robles	SEA	92	358	318	75	14	2	6	44	27	23	81	9	19	5	.235	.302	.348	.651	.288	90	1.3	0.5	-3.0	-3.4	0.6	505.4
265	Lane Thomas	KCR	95	388	349	82	17	1	12	50	42	31	98	4	17	4	.235	.303	.398	.701	.306	92	0.9	-2.3	-2.6	-5.0	0.6	703.3
266	Thomas Saggese	STL	84	330	305	74	16	1	7	33	34	19	86	3	4	1	.243	.293	.368	.661	.289	85	-0.2	0.0	-5.9	0.7	0.6	999.0
267	Austin Martin	MIN	87	333	292	74	15	1	3	39	25	32	56	6	12	3	.252	.335	.343	.678	.304	93	0.3	-1.0	-2.3	-3.3	0.6	999.0
268	Rob Refsnyder	SEA	62	234	204	49	9	1	8	28	27	24	61	3	3	1	.241	.327	.405	.732	.321	112	-0.2	-0.2	3.2	-5.5	0.6	999.0
269	Braxton Fulford	COL	58	210	191	46	10	1	6	24	24	14	57	4	3	1	.240	.301	.395	.697	.304	80	-0.1	-0.7	-5.1	3.7	0.6	999.0
270	Spencer Steer	CIN	106	438	387	90	19	2	15	52	50	41	95	5	8	2	.232	.313	.404	.717	.313	95	0.0	0.6	-2.4	-6.6	0.6	292.3
271	Mauricio Dubón	ATL	91	345	322	81	15	1	4	34	32	17	44	2	3	1	.251	.289	.344	.634	.278	75	-0.4	1.7	-10.5	4.5	0.6	999.0
272	Andrew Benintendi	CHW	119	494	443	109	19	1	15	53	56	42	83	3	3	1	.247	.312	.397	.710	.308	97	-0.6	-2.6	-2.4	-9.0	0.6	999.0
273	Amed Rosario	NYY	66	255	239	63	10	1	5	29	24	11	46	2	6	2	.262	.298	.378	.675	.294	88	0.2	0.0	-3.4	0.0	0.6	999.0
274	Mickey Moniak	COL	117	479	444	114	23	5	21	62	67	27	119	4	9	3	.256	.302	.469	.771	.329	97	0.0	-0.4	-1.6	-8.9	0.6	254.7
275	Brady House	WSN	122	488	458	109	20	1	12	46	54	22	136	4	5	2	.237	.277	.365	.642	.279	77	-0.4	1.2	-13.9	3.1	0.6	999.0
276	Vaughn Grissom	LAA	81	321	292	72	14	1	6	33	29	22	64	4	6	1	.247	.307	.357	.663	.293	85	0.0	-1.2	-5.7	0.0	0.6	999.0
277	Jake Burger	TEX	129	530	490	116	21	1	23	60	71	29	133	7	2	1	.236	.286	.427	.713	.307	97	-0.6	-0.4	-2.3	-10.6	0.5	266.4
278	Carson Benge	NYM	95	378	341	81	17	1	9	42	38	30	82	4	6	2	.239	.306	.372	.678	.297	92	-0.2	0.0	-3.7	-3.6	0.5	999.0
279	Jasson Domínguez	NYY	62	243	217	52	10	1	7	31	24	22	63	2	10	2	.238	.312	.391	.704	.307	97	0.8	-0.4	0.0	-3.1	0.5	272.0
280	James McCann	ARI	52	192	174	42	8	0	5	20	22	11	50	2	1	0	.239	.289	.374	.662	.289	83	-0.2	0.0	-4.2	3.1	0.5	999.0
281	Connor Wong	BOS	60	221	202	46	10	1	4	23	21	14	55	3	4	1	.230	.287	.349	.636	.280	73	-0.1	0.0	-7.0	4.7	0.5	999.0
282	Edouard Julien	COL	94	359	312	76	15	1	8	42	37	41	104	3	4	1	.244	.337	.380	.717	.317	89	-0.4	-1.5	-5.0	-1.7	0.5	999.0
283	Tyler Austin	CHC	58	236	209	50	10	0	10	29	32	23	66	2	1	0	.239	.317	.437	.754	.326	111	-0.3	0.0	2.7	-5.3	0.5	999.0
284	Tyler Freeman	COL	82	334	295	83	17	1	4	43	31	24	42	9	14	4	.281	.352	.390	.742	.328	97	0.5	-1.1	-0.8	-5.1	0.5	735.3
285	Jake Rogers	DET	53	191	170	35	7	0	6	19	21	16	55	2	1	0	.203	.276	.358	.634	.279	76	-0.2	0.0	-5.5	4.1	0.5	999.0
286	Luis Rengifo	MIL	100	398	366	91	14	2	8	45	37	25	72	3	12	4	.248	.299	.360	.660	.290	84	0.2	-2.4	-7.5	-0.9	0.5	688.7
287	Blaze Alexander	BAL	79	308	274	60	11	1	7	35	27	24	99	6	6	2	.219	.294	.347	.640	.284	82	0.0	-0.1	-6.6	1.1	0.5	999.0
288	Nick Fortes	TBR	90	308	280	61	11	1	6	28	28	17	56	5	2	1	.218	.272	.329	.601	.265	66	-0.3	0.0	-12.5	6.9	0.5	999.0
289	Jorge Soler	LAA	117	480	419	92	18	0	21	54	60	50	130	5	1	0	.219	.309	.412	.721	.315	100	-0.7	-2.3	-0.6	-11.0	0.5	685.8
290	Nasim Nuñez	WSN	94	314	281	64	10	1	4	34	20	26	75	1	20	4	.227	.294	.310	.604	.270	71	1.6	1.6	-9.3	3.7	0.5	999.0
291	Brett Baty	NYM	115	453	410	95	16	0	15	50	51	35	116	3	4	1	.232	.296	.381	.677	.296	92	-0.5	0.3	-4.9	-5.3	0.5	283.6
292	Joe Mack	MIA	61	237	215	47	9	0	7	22	26	17	67	2	2	1	.216	.280	.354	.634	.278	75	-0.2	-0.1	-7.4	4.3	0.5	999.0
293	Nathan Lukes	TOR	107	419	378	96	18	1	7	45	40	31	66	3	4	1	.254	.314	.367	.680	.299	91	-0.4	-0.5	-4.9	-4.7	0.5	999.0
294	Jacob Young	WSN	86	325	292	70	11	1	2	34	19	20	61	4	16	4	.240	.297	.306	.603	.269	70	0.9	3.1	-10.6	4.5	0.5	735.4
295	Jake Fraley	TBR	96	360	322	77	15	1	8	41	36	31	75	4	13	4	.238	.310	.367	.677	.298	89	0.4	1.2	-4.3	-3.6	0.5	999.0
296	Bryce Eldridge	SFG	102	405	365	87	18	1	17	47	54	34	121	3	2	0	.239	.306	.431	.736	.315	104	-0.4	0.0	1.4	-10.4	0.5	999.0
297	Jonny DeLuca	TBR	73	279	255	58	12	2	6	31	27	18	56	3	9	2	.228	.284	.365	.649	.283	79	0.6	2.7	-6.4	1.3	0.5	999.0
298	Ramón Urías		59	228	207	50	9	1	6	25	25	16	51	3	1	0	.239	.301	.380	.682	.299	90	-0.3	-1.3	-2.9	-0.4	0.4	999.0
299	Brooks Baldwin	CHW	102	387	354	82	16	1	12	42	40	25	94	2	7	2	.233	.285	.387	.672	.291	85	0.1	-1.7	-6.7	-2.2	0.4	999.0
300	Tom Murphy		24	93	83	18	4	0	3	10	11	8	27	1	1	0	.220	.290	.390	.680	.297	89	-0.1	0.5	-1.3	2.4	0.4	999.0
301	Tyler Heineman	TOR	43	148	131	27	5	0	2	14	10	10	31	2	2	1	.208	.277	.294	.571	.257	62	-0.1	2.5	-6.7	5.8	0.4	999.0
302	Jake McCarthy	COL	92	357	323	84	14	4	5	45	30	22	61	5	16	4	.261	.317	.374	.691	.303	80	1.1	3.0	-7.4	-0.3	0.4	622.8
303	César Salazar	HOU	50	146	130	26	5	0	2	13	12	11	30	4	1	0	.204	.281	.305	.586	.263	66	-0.2	1.2	-6.0	5.1	0.4	999.0
304	Luke Raley	SEA	71	268	236	52	10	0	9	32	30	20	81	9	5	1	.220	.304	.383	.687	.303	100	0.1	-0.1	0.0	-5.1	0.4	999.0
305	Ryan Ritter	COL	54	209	189	47	10	1	5	24	22	14	57	3	3	1	.250	.312	.391	.703	.307	82	-0.1	0.4	-4.5	1.5	0.4	999.0
306	Elias Díaz		38	135	123	27	5	0	4	13	14	9	33	1	0	0	.219	.275	.348	.623	.274	73	-0.2	0.9	-4.6	3.8	0.4	999.0
307	Ezequiel Duran	TEX	79	288	268	62	14	1	5	31	25	15	70	3	8	2	.233	.278	.349	.627	.275	75	0.3	0.7	-8.1	2.0	0.4	999.0
308	Matt Shaw	CHC	70	270	244	58	11	1	8	33	28	21	56	3	9	3	.239	.304	.386	.691	.302	94	0.4	0.1	-1.4	-3.8	0.4	280.5
309	Leo Jiménez	TOR	38	131	116	27	5	0	3	14	12	10	28	4	1	0	.236	.315	.350	.665	.296	89	-0.2	-0.2	-1.8	1.1	0.4	999.0
310	Triston Casas	BOS	48	194	169	40	8	0	8	23	26	22	48	1	0	0	.239	.331	.428	.759	.328	107	-0.3	0.0	1.2	-4.1	0.4	702.4
311	Mark Vientos	NYM	110	450	412	97	17	1	18	51	57	31	119	4	1	0	.236	.293	.418	.711	.307	99	-0.6	-0.1	-1.1	-10.1	0.4	394.6
312	Jimmy Crooks	STL	27	99	90	21	4	0	2	10	10	7	25	1	0	0	.239	.302	.363	.665	.292	88	-0.1	-0.1	-1.6	2.0	0.4	999.0
313	Adolis García	PHI	132	547	501	116	22	2	22	64	70	36	141	5	11	3	.232	.287	.414	.701	.302	91	0.3	-2.9	-5.5	-9.0	0.4	228.9
314	Matt Vierling	DET	62	247	223	53	10	1	5	26	24	19	55	2	3	1	.237	.301	.362	.663	.292	85	-0.2	-0.6	-4.4	-0.4	0.4	999.0
315	Max Muncy	ATH	87	339	310	72	15	1	10	38	35	20	101	4	5	1	.231	.285	.380	.665	.290	81	-0.1	-2.0	-7.6	-0.4	0.4	999.0
316	Gavin Sheets	SDP	119	483	437	104	22	0	14	52	55	39	96	4	2	1	.239	.304	.389	.693	.302	97	-0.6	0.1	-2.6	-9.9	0.4	685.8
317	J.C. Escarra	NYY	44	150	135	28	6	0	3	14	13	12	28	2	1	0	.206	.280	.315	.595	.265	68	-0.2	2.0	-5.7	4.2	0.4	999.0
318	Anthony Santander	TOR	39	168	150	34	7	0	8	20	24	15	37	2	0	0	.230	.306	.443	.749	.322	107	-0.2	0.0	1.3	-3.5	0.4	317.7
319	Leo Rivas	SEA	44	148	127	28	5	0	2	17	10	17	36	1	6	2	.218	.314	.313	.627	.284	86	0.2	-0.4	-2.1	0.6	0.4	999.0
320	Travis Bazzana	CLE	52	214	189	41	8	1	5	22	20	21	60	2	3	1	.214	.298	.343	.641	.285	82	-0.1	0.0	-4.7	0.8	0.4	999.0
321	Miguel Rojas	LAD	58	211	190	47	9	1	3	24	20	13	30	2	3	1	.247	.299	.351	.650	.286	82	-0.1	0.2	-4.6	1.1	0.4	999.0
322	Javier Báez	DET	84	319	297	68	13	1	8	32	33	12	80	4	5	1	.228	.266	.353	.619	.270	70	0.0	0.0	-11.2	3.7	0.4	999.0
323	Zach Cole	HOU	87	339	305	63	13	2	11	41	36	27	135	5	7	2	.206	.280	.374	.653	.284	81	0.1	1.2	-7.5	-0.7	0.4	999.0
324	Liam Hicks	MIA	84	316	276	66	12	1	4	30	28	30	49	6	1	0	.238	.323	.329	.652	.293	85	-0.4	0.6	-6.0	-1.1	0.3	999.0
325	Austin Wynns	ATH	43	153	140	31	5	0	5	15	16	9	43	1	1	0	.224	.277	.360	.637	.279	74	-0.2	-0.4	-4.9	3.0	0.3	999.0
326	Moisés Ballesteros	CHC	91	349	315	81	16	1	9	38	41	28	65	2	1	0	.256	.318	.399	.717	.311	101	-0.5	0.0	-0.2	-8.1	0.3	653.4
327	Andrew Knizner	SEA	36	127	115	24	4	0	2	11	11	9	27	2	0	0	.209	.277	.306	.584	.261	71	-0.2	0.6	-4.5	3.4	0.3	999.0
328	Daniel Schneemann	CLE	58	221	198	42	8	1	5	24	21	20	60	1	4	1	.213	.289	.343	.632	.280	79	-0.1	0.5	-5.6	1.1	0.3	999.0
329	Zack Gelof	ATH	41	159	145	31	6	0	5	20	16	12	53	1	6	1	.218	.283	.378	.661	.289	81	0.4	0.3	-3.3	0.9	0.3	999.0
330	José Fermín	STL	67	228	201	48	10	1	3	24	19	19	29	4	6	2	.238	.313	.341	.655	.291	87	0.1	-0.6	-3.4	-1.2	0.3	999.0
331	Ben Williamson	TBR	57	222	205	52	10	1	2	22	19	13	47	2	4	1	.252	.302	.337	.639	.282	78	-0.1	0.2	-5.9	1.2	0.3	999.0
332	Darell Hernaiz	ATH	47	181	165	42	8	0	2	19	15	12	27	1	4	1	.253	.305	.347	.652	.288	80	0.0	0.0	-4.3	1.1	0.3	999.0
333	Reese McGuire	MIL	34	125	114	25	4	0	3	12	14	8	30	1	1	0	.219	.273	.353	.626	.274	74	-0.1	0.2	-4.0	2.8	0.3	999.0
334	Walker Jenkins	MIN	27	110	99	24	5	1	2	13	11	9	24	1	2	1	.247	.314	.381	.695	.305	94	0.0	0.0	-0.8	0.0	0.3	999.0
335	Drew Millas	WSN	36	127	116	28	5	0	2	12	11	9	22	1	3	1	.239	.294	.335	.629	.276	75	0.0	-0.3	-3.8	2.5	0.3	999.0
336	Will Benson	CIN	66	244	217	47	10	1	9	30	27	23	76	2	7	2	.216	.296	.397	.694	.302	87	0.3	0.6	-3.4	-1.9	0.3	999.0
337	Jose Iglesias		49	184	168	43	8	0	2	19	17	9	32	3	2	1	.259	.305	.344	.649	.287	82	-0.2	-0.5	-4.2	0.8	0.3	999.0
338	Alex Call	LAD	47	175	152	35	7	0	4	21	16	17	32	2	3	1	.229	.315	.353	.668	.297	90	-0.1	0.0	-2.2	-0.9	0.3	999.0
339	Rafael Marchán	PHI	45	159	144	32	6	0	2	15	15	11	27	2	1	0	.222	.286	.322	.608	.270	69	-0.2	0.0	-6.1	3.5	0.3	999.0
340	Colby Thomas	ATH	68	265	245	56	13	1	9	31	30	14	83	4	5	1	.229	.280	.401	.681	.295	85	0.1	0.2	-4.6	-1.8	0.3	999.0
341	Alex Freeland	LAD	37	138	123	27	6	0	3	17	14	13	38	1	3	1	.217	.296	.352	.648	.287	82	0.0	0.2	-2.8	0.9	0.3	999.0
342	Andy Ibáñez	ATH	54	186	171	41	9	0	4	20	18	12	37	2	2	1	.239	.293	.366	.660	.289	81	-0.1	0.4	-4.3	0.5	0.3	999.0
343	Blake Perkins	MIL	60	228	204	43	8	1	4	24	20	21	63	1	7	2	.213	.288	.326	.614	.273	74	0.3	0.9	-6.8	1.8	0.3	999.0
344	Justyn-Henry Malloy	TBR	57	207	181	43	9	0	5	23	23	23	54	2	1	0	.239	.329	.380	.709	.314	100	-0.3	-1.3	-0.3	-4.4	0.3	999.0
345	Everson Pereira	CHW	57	219	199	44	8	1	7	24	24	16	69	2	4	1	.220	.285	.380	.665	.291	85	0.0	0.7	-4.0	-1.1	0.2	999.0
346	Sung-Mun Song	SDP	66	262	241	54	12	1	6	26	26	18	54	1	4	1	.224	.278	.349	.627	.274	77	0.0	0.0	-7.1	0.7	0.2	999.0
347	Ryan Waldschmidt	ARI	35	142	127	31	6	1	3	17	15	12	31	2	3	1	.246	.320	.376	.696	.306	94	0.0	0.0	-1.0	-1.4	0.2	999.0
348	Max Kepler		39	158	141	32	7	0	5	17	19	14	32	1	0	0	.230	.304	.391	.695	.303	93	-0.2	0.4	-1.6	-1.4	0.2	999.0
349	Kyle Isbel	KCR	118	442	400	92	17	4	6	48	35	28	88	4	9	3	.229	.284	.342	.626	.275	71	0.0	0.3	-15.0	2.1	0.2	999.0
350	Luis Urías		42	160	141	31	6	0	4	17	16	14	29	3	1	0	.223	.305	.351	.657	.292	86	-0.2	-0.9	-2.9	-0.2	0.2	999.0
351	Jesse Winker		76	292	252	58	11	1	8	34	29	35	63	3	5	1	.232	.330	.372	.702	.311	98	-0.1	-0.8	-0.6	-7.0	0.2	999.0
352	Taylor Walls	TBR	86	328	292	61	13	2	5	36	26	30	78	1	15	4	.209	.283	.317	.600	.268	68	0.8	-0.8	-11.6	2.5	0.2	999.0
353	Noelvi Marte	CIN	123	517	478	119	23	1	16	61	58	31	119	5	15	4	.248	.299	.402	.701	.304	89	0.4	-2.7	-6.6	-8.4	0.2	132.0
354	Alek Thomas	ARI	115	439	404	96	20	3	9	49	44	26	104	4	8	3	.237	.287	.366	.652	.284	79	-0.2	-2.6	-10.9	-1.5	0.2	999.0
355	Alan Roden	MIN	50	185	166	41	8	1	3	20	17	14	32	4	3	1	.249	.320	.356	.676	.299	90	-0.1	0.7	-2.3	-1.9	0.2	999.0
356	Michael Massey	KCR	81	318	294	69	15	1	8	31	36	16	59	3	2	1	.235	.278	.371	.649	.282	76	-0.2	0.0	-9.4	0.6	0.2	999.0
357	David Hamilton	MIL	56	197	179	37	7	1	5	25	17	14	53	1	16	3	.208	.269	.343	.613	.269	70	1.6	0.0	-5.3	0.9	0.2	735.8
358	Mike Tauchman		78	318	276	64	12	1	6	35	30	37	72	3	2	1	.231	.326	.349	.675	.302	92	-0.4	-1.8	-3.2	-5.4	0.2	999.0
359	Chris Taylor	LAA	61	215	191	41	8	1	5	25	21	18	68	3	5	1	.217	.293	.356	.649	.287	82	0.1	0.0	-4.5	-0.7	0.2	999.0
360	Jake Mangum	PIT	80	316	297	79	15	1	1	34	26	13	53	3	11	3	.266	.302	.340	.642	.282	77	0.4	2.6	-8.1	-0.3	0.2	622.3
361	Jeferson Quero	MIL	15	59	54	13	3	0	1	6	7	4	11	0	1	0	.241	.291	.377	.668	.291	85	0.0	0.0	-1.1	1.2	0.2	999.0
362	Juan Brito	CLE	26	105	94	22	5	0	2	11	10	9	21	1	1	1	.229	.301	.356	.657	.289	85	-0.1	0.0	-2.0	0.4	0.2	999.0
363	CJ Kayfus	CLE	102	398	358	83	18	2	10	44	41	32	112	5	4	1	.231	.302	.378	.681	.299	91	-0.4	-0.7	-4.4	-7.3	0.2	999.0
364	Nacho Alvarez Jr.	ATL	20	71	64	16	3	0	1	8	6	5	15	1	1	0	.244	.312	.344	.657	.291	85	0.0	0.0	-1.3	0.9	0.2	999.0
365	Jorge Mateo	ATL	46	159	146	33	7	1	3	22	12	8	42	1	12	3	.223	.267	.353	.621	.270	70	1.1	-0.2	-4.5	1.1	0.2	999.0
366	Nick Castellanos	SDP	74	302	278	69	12	2	9	34	35	18	70	3	2	1	.248	.296	.401	.697	.302	96	-0.2	-0.4	-1.6	-6.5	0.2	671.2
367	Sam Haggerty	TEX	59	216	194	47	9	1	3	27	16	17	48	3	11	3	.242	.311	.346	.656	.291	86	0.8	-0.1	-2.7	-2.8	0.2	999.0
368	Hyeseong Kim	LAD	47	166	154	37	7	1	2	20	14	10	38	1	6	1	.242	.288	.343	.631	.277	76	0.4	0.0	-4.3	0.7	0.2	999.0
369	Sebastian Walcott	TEX	20	81	74	17	4	0	2	9	7	6	20	1	2	1	.229	.289	.355	.644	.283	81	0.0	0.0	-1.8	0.9	0.2	999.0
370	Dane Myers	CIN	63	233	213	51	9	1	5	26	22	15	58	3	7	2	.238	.293	.358	.651	.286	77	0.3	-0.1	-6.1	0.3	0.2	999.0
371	Angel Martínez	CLE	70	275	250	58	12	1	6	28	26	17	59	3	5	1	.231	.286	.357	.643	.282	80	0.0	-2.1	-6.6	-1.0	0.2	999.0
372	Jeremiah Jackson	BAL	49	197	184	43	9	1	5	22	21	10	47	1	3	1	.231	.273	.375	.648	.281	80	0.0	-0.5	-4.7	-0.2	0.2	999.0
373	Ty France		79	316	283	72	13	0	6	33	33	18	56	11	1	0	.253	.321	.364	.686	.304	94	-0.5	0.1	-2.8	-6.0	0.2	999.0
374	Kristian Campbell	BOS	34	137	122	31	5	0	3	16	14	12	36	2	2	1	.250	.326	.377	.703	.311	94	-0.1	-0.8	-1.0	-1.9	0.2	999.0
375	Santiago Espinal	CIN	53	194	176	44	8	0	2	19	16	13	26	1	3	1	.250	.302	.329	.631	.280	77	-0.1	-0.6	-5.4	0.7	0.2	999.0
376	Jon Berti		51	175	160	38	6	1	2	20	12	12	39	1	8	2	.240	.298	.320	.618	.275	74	0.5	-0.3	-4.9	0.8	0.2	999.0
377	Starling Marte		64	253	230	60	10	1	5	31	23	15	54	5	8	2	.259	.317	.379	.696	.306	95	0.5	-0.5	-1.0	-5.8	0.2	999.0
378	Leo De Vries	ATH	9	35	31	8	2	0	1	4	4	3	8	0	1	0	.244	.310	.440	.750	.322	103	0.0	0.0	0.1	0.4	0.2	999.0
379	Derek Hill	CHW	34	128	118	27	5	1	3	14	11	7	37	1	4	1	.227	.277	.355	.632	.277	75	0.1	0.8	-3.7	1.0	0.2	999.0
380	Dominic Keegan	TBR	17	66	61	14	3	0	2	6	7	4	18	1	0	0	.228	.287	.363	.650	.285	80	-0.1	-0.2	-1.7	1.1	0.2	999.0
381	Nick Yorke	PIT	37	140	129	32	6	0	2	15	14	9	31	1	3	1	.250	.302	.358	.661	.289	82	-0.1	-0.2	-3.0	0.1	0.2	999.0
382	Nathan Church	STL	56	192	177	43	8	1	3	19	17	11	29	2	4	1	.241	.290	.338	.628	.276	77	0.0	2.0	-5.3	0.6	0.2	999.0
383	Dylan Moore	PHI	30	103	91	19	4	0	4	14	11	9	32	2	5	1	.207	.293	.381	.674	.296	87	0.4	-0.1	-1.2	-0.6	0.2	999.0
384	Kody Clemens	MIN	74	285	260	57	11	2	11	32	34	20	70	2	3	1	.220	.279	.397	.676	.292	85	-0.1	0.2	-5.2	-3.0	0.2	735.0
385	Adael Amador	COL	42	159	142	35	7	0	3	19	15	13	27	1	5	2	.247	.314	.369	.684	.301	78	0.1	-0.3	-4.0	0.3	0.2	999.0
386	Jahmai Jones	DET	43	141	124	30	7	0	5	18	15	13	33	2	3	1	.241	.322	.409	.731	.320	105	0.0	0.0	0.8	-4.1	0.2	999.0
387	Jesus Rodriguez	SFG	10	38	35	9	2	0	1	4	4	3	6	0	1	0	.263	.319	.366	.685	.300	94	0.0	-0.1	-0.3	0.6	0.2	999.0
388	JJ Bleday	CIN	82	324	287	64	14	1	13	37	40	33	74	2	2	1	.225	.306	.413	.719	.312	95	-0.4	-3.2	-2.4	-6.8	0.2	999.0
389	Ryan Mountcastle	BAL	44	177	162	41	8	0	5	20	20	11	43	1	1	0	.255	.306	.405	.711	.308	98	-0.2	0.0	-0.5	-4.0	0.2	999.0
390	Pavin Smith	ARI	103	403	353	81	16	1	12	46	47	44	102	2	2	1	.230	.317	.384	.702	.308	96	-0.5	-0.2	-2.6	-9.3	0.2	999.0
391	Curtis Mead	CHW	26	99	91	22	5	0	2	10	10	6	20	2	1	0	.239	.296	.364	.660	.289	84	0.0	0.0	-1.9	0.0	0.2	999.0
392	Coby Mayo	BAL	18	69	62	14	3	0	2	8	8	6	20	1	1	0	.224	.295	.394	.690	.300	93	-0.1	-0.1	-0.6	-0.3	0.1	999.0
393	David Fry	CLE	65	232	208	47	10	0	8	25	27	18	61	4	2	1	.225	.298	.390	.689	.301	93	-0.2	0.0	-2.1	-4.5	0.1	999.0
394	Johan Rojas	PHI	29	104	96	22	4	1	1	12	7	5	23	1	6	1	.234	.278	.323	.601	.265	65	0.5	1.5	-3.8	1.8	0.1	999.0
395	Ryan Bliss	SEA	26	97	88	18	4	1	2	12	8	7	26	1	6	2	.210	.274	.333	.607	.268	76	0.3	0.1	-2.4	0.5	0.1	999.0
396	Graham Pauley	MIA	85	318	287	63	14	1	8	31	33	26	67	3	4	1	.218	.287	.356	.643	.282	78	-0.1	1.0	-8.5	-0.7	0.1	999.0
397	Joey Loperfido	HOU	27	99	90	21	4	1	2	11	9	6	29	1	2	1	.228	.287	.359	.646	.282	80	0.0	1.5	-2.4	0.3	0.1	999.0
398	Bryce Teodosio	LAA	57	211	195	40	8	1	3	21	14	11	67	3	8	2	.204	.254	.301	.556	.246	53	0.5	4.3	-11.1	5.2	0.1	999.0
399	Mickey Gasper	BOS	12	36	32	7	2	0	1	4	4	3	7	1	0	0	.230	.308	.350	.658	.292	81	0.0	0.0	-0.8	0.9	0.1	999.0
400	Alejandro Osuna	TEX	28	102	91	22	4	0	2	12	9	8	22	1	3	1	.238	.309	.356	.665	.293	88	0.0	0.5	-1.4	-0.8	0.1	999.0
401	Paul DeJong	NYY	21	80	73	15	3	0	3	8	9	5	25	1	1	0	.205	.260	.374	.634	.276	76	0.0	0.0	-2.3	0.9	0.1	999.0
402	Brett Harris	ATH	46	166	149	34	7	0	3	18	15	13	36	2	2	1	.228	.296	.345	.641	.284	78	-0.1	0.0	-4.5	0.1	0.1	999.0
403	José Tena	WSN	63	241	222	53	11	1	4	24	21	15	62	1	6	2	.240	.292	.342	.634	.279	77	-0.1	-1.1	-6.7	-0.1	0.1	999.0
404	Rafael Flores Jr.	PIT	23	77	71	16	3	0	2	8	8	6	22	1	0	0	.232	.291	.361	.652	.286	80	-0.1	0.2	-1.9	0.6	0.1	999.0
405	Luke Maile	KCR	17	59	52	11	2	0	1	6	5	5	16	1	1	0	.211	.290	.320	.609	.273	70	-0.1	0.0	-2.2	1.3	0.1	999.0
406	Luis Matos	SFG	39	151	140	34	7	0	4	17	17	8	21	1	3	1	.243	.287	.395	.682	.295	90	0.0	-0.7	-1.7	-2.1	0.1	999.0
407	Aidan Miller	PHI	13	53	47	11	2	0	1	6	5	4	14	1	2	1	.227	.298	.358	.656	.290	83	0.1	0.0	-1.0	0.4	0.1	999.0
408	Christopher Morel	MIA	83	325	290	64	12	2	13	40	39	29	99	3	7	2	.220	.296	.407	.703	.305	93	0.1	-0.4	-2.4	-7.2	0.1	999.0
409	Cody Freeman	TEX	52	200	186	44	8	0	4	20	20	11	31	1	3	1	.235	.280	.356	.636	.277	77	-0.1	-0.7	-5.5	-0.2	0.1	999.0
410	Trey Sweeney	DET	25	92	83	17	3	1	2	10	8	7	25	1	2	0	.208	.275	.340	.615	.271	71	0.0	0.0	-3.1	1.1	0.1	999.0
411	Esteury Ruiz	MIA	28	90	81	19	4	0	2	11	7	6	21	2	7	2	.234	.298	.348	.646	.286	80	0.7	-0.4	-1.4	-0.5	0.1	999.0
412	Eloy Jiménez	TOR	12	42	38	10	2	0	1	4	5	3	8	0	0	0	.250	.304	.380	.685	.299	90	-0.1	0.0	-0.6	0.2	0.1	999.0
413	Eli White	ATL	31	109	100	24	4	1	3	14	11	6	30	1	4	1	.236	.287	.377	.664	.289	83	0.2	0.6	-1.9	-0.6	0.1	999.0
414	James Outman	MIN	63	227	201	41	8	1	8	26	24	20	80	3	4	1	.204	.286	.368	.653	.287	81	0.0	0.0	-4.9	-1.8	0.1	999.0
415	Andruw Monasterio	BOS	27	93	84	19	4	0	2	10	9	7	22	1	2	1	.231	.296	.348	.644	.285	77	0.0	-0.1	-2.6	0.5	0.1	999.0
416	Endy Rodríguez	PIT	25	93	85	20	5	0	2	9	10	7	19	1	1	0	.237	.297	.368	.665	.291	83	-0.1	0.1	-2.0	-0.1	0.1	999.0
417	Heriberto Hernández	MIA	86	344	306	68	15	1	11	37	39	32	104	4	3	1	.224	.302	.389	.691	.302	91	-0.3	0.7	-3.9	-6.4	0.1	999.0
418	Masataka Yoshida	BOS	51	208	188	51	10	0	4	23	23	15	26	3	2	1	.269	.329	.391	.720	.315	98	-0.2	0.0	-0.8	-5.3	0.1	999.0
419	Garrett Stubbs	PHI	18	30	27	6	1	0	0	3	2	2	7	0	0	0	.212	.279	.304	.583	.260	62	0.0	0.0	-1.3	1.4	0.1	999.0
420	Tommy Pham		83	338	303	71	14	1	7	38	33	30	77	2	6	2	.235	.307	.362	.669	.295	87	-0.1	-1.5	-5.1	-5.3	0.1	999.0
421	Michael Helman	TEX	42	150	138	28	6	0	4	15	14	9	36	1	4	1	.203	.255	.334	.589	.258	64	0.1	1.4	-6.3	2.1	0.1	999.0
422	Brice Matthews	HOU	14	55	49	10	2	0	2	7	5	4	19	1	2	1	.208	.281	.359	.640	.282	80	0.1	0.0	-1.2	0.3	0.1	999.0
423	Max Schuemann	NYY	22	77	68	15	3	0	1	8	6	7	18	1	2	1	.214	.295	.308	.603	.272	73	0.1	0.0	-2.4	0.7	0.1	999.0
424	Owen Caissie	MIA	109	402	362	82	18	1	10	41	42	34	128	3	4	1	.227	.297	.365	.662	.291	83	-0.4	1.7	-8.2	-4.2	0.1	542.2
425	Alex Jackson	MIN	16	52	47	9	2	0	2	5	6	3	17	1	0	0	.195	.259	.350	.608	.267	67	-0.1	0.0	-2.0	1.2	0.1	999.0
426	Emmanuel Rodriguez	MIN	12	47	40	9	2	0	1	6	4	6	16	0	1	0	.214	.319	.358	.677	.302	92	0.0	0.0	-0.4	-0.2	0.1	999.0
427	Nolan Jones	CLE	35	132	116	26	5	0	3	15	12	14	38	1	3	1	.224	.311	.352	.663	.294	88	0.0	-0.7	-1.8	-1.8	0.1	999.0
428	Michael Arroyo	SEA	8	27	24	5	1	0	1	3	3	2	6	1	0	0	.230	.305	.372	.677	.299	97	0.0	0.0	-0.1	0.1	0.1	999.0
429	Korey Lee	CHW	33	106	99	21	4	0	3	10	10	5	29	1	1	0	.216	.260	.337	.597	.262	65	0.0	-0.9	-4.4	1.7	0.1	999.0
430	Maximo Acosta	MIA	23	86	79	18	4	0	2	9	8	5	21	1	3	1	.230	.283	.352	.636	.279	75	0.1	-0.2	-2.4	0.4	0.1	999.0
431	Drew Gilbert	SFG	56	222	201	44	10	1	5	23	21	16	46	3	3	1	.220	.286	.351	.637	.281	80	-0.1	1.0	-5.4	-1.2	0.1	999.0
432	Mark Canha		38	143	126	29	6	0	2	15	13	12	29	4	2	0	.232	.320	.340	.659	.296	88	-0.1	-0.1	-2.1	-1.9	0.1	999.0
433	Jace Jung	DET	20	70	61	13	3	0	2	7	7	7	18	1	0	0	.207	.294	.338	.632	.281	78	-0.1	-0.1	-1.9	0.2	0.1	999.0
434	Jacob Melton	TBR	43	147	135	29	6	1	4	17	14	10	40	1	7	2	.215	.271	.352	.624	.273	72	0.6	1.0	-4.3	0.0	0.1	718.9
435	Lenyn Sosa	CHW	103	417	392	96	18	0	14	42	49	17	94	3	2	1	.244	.279	.398	.677	.292	85	-0.4	-0.1	-7.7	-6.0	0.1	422.8
436	Hao-Yu Lee	DET	6	26	23	6	1	0	1	3	3	2	5	0	1	0	.249	.305	.382	.687	.300	91	0.0	0.0	-0.3	0.1	0.1	999.0
437	Andrew McCutchen		74	315	275	62	13	0	9	35	34	34	73	3	2	1	.225	.315	.373	.687	.304	93	-0.4	0.0	-2.8	-7.1	0.1	999.0
438	Dominic Canzone	SEA	105	410	374	85	17	0	13	43	50	30	96	3	3	1	.229	.288	.383	.672	.292	92	-0.3	0.0	-4.2	-9.3	0.1	638.4
439	James Triantos	CHC	7	24	22	6	1	0	0	3	2	1	3	0	1	0	.262	.304	.372	.675	.295	89	0.0	0.0	-0.3	0.1	0.1	999.0
440	Blake Dunn	CIN	13	45	40	9	2	0	1	5	4	3	13	1	1	0	.228	.303	.337	.640	.286	76	0.1	0.3	-1.2	0.3	0.1	999.0
441	Nelson Velázquez	STL	7	22	20	4	1	0	1	2	3	2	6	0	0	0	.225	.291	.396	.687	.298	92	0.0	0.0	-0.2	0.1	0.1	999.0
442	Michael Conforto		82	321	280	61	12	0	10	34	36	33	79	5	1	0	.219	.310	.369	.680	.300	91	-0.5	-2.5	-3.9	-6.3	0.1	999.0
443	Gabriel Gonzalez	MIN	12	49	45	12	3	0	1	5	5	3	9	1	0	0	.261	.308	.383	.692	.302	92	0.0	0.0	-0.5	-0.6	0.1	999.0
444	Austin Barnes	NYM	11	40	36	7	1	0	0	4	3	3	9	0	0	0	.208	.270	.283	.553	.249	59	0.0	0.3	-1.9	1.2	0.1	999.0
445	Tommy Troy	ARI	10	40	36	9	2	0	1	4	4	3	9	0	1	0	.240	.298	.352	.650	.287	81	0.0	0.0	-0.9	0.2	0.1	999.0
446	Kyren Paris	LAA	21	77	69	14	3	0	2	9	7	7	27	1	3	1	.199	.276	.338	.613	.272	71	0.2	0.0	-2.4	0.3	0.1	999.0
447	Willie MacIver	TEX	9	33	30	6	1	0	1	3	3	2	9	0	1	0	.210	.271	.318	.590	.262	66	0.0	0.1	-1.3	0.8	0.1	999.0
448	Isiah Kiner-Falefa	BOS	55	213	197	50	7	1	2	22	17	9	36	3	6	2	.253	.294	.321	.615	.273	68	0.2	0.0	-7.8	1.1	0.1	999.0
449	Josh Rojas	KCR	20	77	69	15	3	0	1	8	7	7	17	0	2	1	.225	.299	.328	.627	.279	74	0.0	0.0	-2.4	0.3	0.1	999.0
450	Otto Kemp	PHI	56	214	193	45	10	1	6	24	24	14	60	5	4	1	.233	.302	.386	.688	.300	90	-0.1	-1.2	-2.7	-3.9	0.1	999.0
451	Nelson Rada	LAA	26	106	95	22	4	0	1	12	6	8	24	1	5	1	.237	.306	.318	.624	.279	76	0.3	0.0	-2.7	-0.4	0.1	999.0
452	Eduardo Valencia	DET	6	22	20	5	1	0	1	2	2	1	5	0	0	0	.244	.299	.389	.688	.298	90	0.0	-0.1	-0.3	0.1	0.1	999.0
453	Daniel Susac	SFG	24	90	84	19	3	0	2	9	9	5	27	1	1	0	.224	.271	.350	.620	.271	74	-0.1	-1.5	-2.9	0.3	0.0	999.0
454	Nick Madrigal	LAA	15	59	54	14	2	0	0	6	4	3	7	1	1	0	.256	.304	.314	.618	.275	73	0.0	0.1	-1.9	0.3	0.0	999.0
455	Jhonny Pereda	SEA	7	23	21	4	1	0	0	2	2	2	6	0	0	0	.212	.281	.291	.572	.258	69	0.0	0.0	-0.9	0.5	0.0	999.0
456	Tim Tawa	ARI	43	162	148	33	6	0	4	17	17	11	41	1	3	1	.221	.279	.355	.634	.278	75	0.0	0.2	-4.8	-0.2	0.0	999.0
457	Jake Bauers	MIL	87	314	274	56	11	1	11	35	38	35	96	3	7	2	.204	.299	.370	.669	.295	89	0.2	-0.4	-4.0	-6.0	0.0	999.0
458	Victor Mesa Jr.	TBR	12	38	35	8	2	0	1	4	4	2	8	0	0	0	.231	.281	.360	.642	.280	77	0.0	0.0	-1.1	0.2	0.0	999.0
459	Enmanuel Valdez	PIT	8	29	26	6	1	0	1	3	3	2	6	0	0	0	.225	.291	.377	.668	.292	83	0.0	-0.1	-0.6	0.0	0.0	999.0
460	Max Anderson	DET	6	22	20	5	1	0	1	2	2	1	4	0	0	0	.252	.296	.379	.675	.291	85	0.0	0.0	-0.4	0.1	0.0	999.0
461	Nate Furman	SFG	5	18	16	4	1	0	0	2	2	1	3	0	0	0	.244	.315	.344	.659	.293	89	0.0	0.0	-0.2	0.1	0.0	999.0
462	Christian Koss	SFG	30	107	99	23	4	1	2	11	9	5	27	1	2	1	.231	.274	.343	.617	.270	73	0.0	0.0	-3.4	0.3	0.0	999.0
463	Miles Mastrobuoni	SEA	14	47	42	10	2	0	0	5	3	4	9	0	2	0	.226	.292	.298	.590	.265	73	0.1	0.0	-1.4	0.2	0.0	999.0
464	Ben Rortvedt	LAD	9	33	29	6	1	0	1	3	3	3	8	0	0	0	.198	.274	.295	.568	.256	61	0.0	0.1	-1.5	0.9	0.0	999.0
465	Eric Haase	SFG	5	17	16	3	1	0	1	2	2	1	6	0	0	0	.211	.267	.349	.616	.270	73	0.0	0.0	-0.6	0.4	0.0	999.0
466	Jose Siri	LAA	10	34	31	6	1	0	1	4	4	2	13	0	1	0	.201	.264	.374	.638	.278	75	0.1	0.0	-0.9	0.2	0.0	999.0
467	Tre' Morgan	TBR	14	54	48	12	2	0	1	6	6	5	10	1	1	0	.253	.323	.373	.696	.306	94	0.0	0.0	-0.4	-1.0	0.0	999.0
468	Jared Serna	MIA	9	36	33	8	2	0	1	3	3	2	7	0	1	0	.235	.289	.339	.628	.276	73	0.0	0.0	-1.1	0.3	0.0	999.0
469	Ronny Mauricio	NYM	40	154	142	33	6	0	4	17	16	9	38	1	4	1	.231	.281	.369	.649	.281	81	0.1	0.0	-3.3	-1.4	0.0	999.0
470	Matt Thaiss	BOS	4	13	11	2	0	0	0	1	1	2	3	0	0	0	.209	.308	.311	.618	.280	73	0.0	0.0	-0.4	0.3	0.0	999.0
471	Kahlil Watson	CLE	6	23	21	4	1	0	1	3	2	2	7	0	1	0	.213	.279	.363	.642	.281	80	0.0	0.0	-0.5	0.1	0.0	999.0
472	Anthony Seigler	BOS	7	23	20	4	1	0	0	2	2	2	5	0	1	0	.221	.307	.342	.648	.289	79	0.0	0.0	-0.5	0.1	0.0	999.0
473	Jhostynxon Garcia	PIT	79	273	251	58	12	1	7	29	30	17	76	3	3	1	.232	.286	.377	.663	.289	81	-0.1	0.0	-6.2	-2.6	0.0	999.0
474	Leody Taveras	BAL	18	67	61	14	3	0	1	8	6	4	15	0	3	1	.231	.282	.355	.638	.279	78	0.1	-0.4	-1.6	-0.4	0.0	999.0
475	Shane McGuire	ATH	7	26	23	5	1	0	0	3	2	2	7	0	0	0	.216	.290	.317	.607	.271	69	0.0	-0.2	-1.0	0.4	0.0	999.0
476	Liover Peguero	PHI	13	39	36	8	2	0	1	4	4	2	10	0	1	0	.222	.269	.344	.613	.268	68	0.0	0.0	-1.5	0.4	0.0	999.0
477	Trei Cruz	DET	5	20	17	4	1	0	0	2	2	2	5	0	0	0	.213	.293	.331	.625	.277	75	0.0	0.0	-0.6	0.2	0.0	999.0
478	Petey Halpin	CLE	15	36	33	7	1	0	1	3	3	2	10	0	1	0	.214	.269	.332	.602	.265	68	0.0	0.1	-1.3	0.4	0.0	999.0
479	Alex Verdugo		50	206	186	46	9	0	3	21	20	16	31	1	1	0	.248	.309	.354	.664	.293	86	-0.3	-0.7	-3.7	-3.0	0.0	999.0
480	Blake Sabol	TBR	5	15	13	3	1	0	0	1	1	1	5	0	0	0	.208	.275	.330	.605	.268	68	0.0	0.0	-0.6	0.3	0.0	999.0
481	Brandon Valenzuela	TOR	5	19	17	4	1	0	0	2	2	1	5	0	0	0	.210	.272	.334	.605	.266	69	0.0	-0.1	-0.7	0.3	0.0	999.0
482	Bryan Torres	STL	23	90	82	20	4	0	0	9	7	6	16	0	2	1	.248	.304	.319	.623	.277	77	0.0	0.0	-2.4	-0.3	0.0	999.0
483	Manuel Margot		19	71	65	16	3	0	1	7	7	4	12	1	1	0	.247	.298	.346	.644	.284	80	0.0	0.0	-1.7	-0.5	0.0	999.0
484	Shay Whitcomb	HOU	11	34	31	7	1	0	1	4	4	2	10	0	1	0	.209	.266	.360	.626	.273	73	0.0	-0.1	-1.1	0.1	0.0	999.0
485	Drew Romo	CHW	13	30	28	6	1	0	1	3	3	2	8	0	0	0	.212	.258	.329	.587	.257	61	0.0	0.0	-1.4	0.6	0.0	999.0
486	Maverick Handley	BAL	4	11	10	2	0	0	0	1	1	1	3	0	0	0	.202	.275	.293	.568	.257	63	0.0	0.0	-0.5	0.3	0.0	999.0
487	Rodolfo Durán	SDP	4	14	13	3	1	0	0	1	1	1	3	0	0	0	.218	.259	.342	.601	.262	69	0.0	0.0	-0.5	0.3	0.0	999.0
488	Ben Cowles	CHC	7	22	20	4	1	0	0	2	2	1	6	0	0	0	.222	.283	.338	.621	.274	75	0.0	0.0	-0.6	0.1	0.0	999.0
489	Bryan Ramos	STL	14	50	45	10	2	0	1	5	5	3	12	1	1	0	.216	.273	.342	.615	.271	73	0.0	-0.1	-1.6	0.1	0.0	999.0
490	Will Wagner	SDP	33	122	110	26	6	0	2	12	11	10	22	1	1	0	.240	.307	.336	.643	.286	85	-0.2	0.0	-2.3	-1.6	0.0	999.0
491	Jose Herrera	TEX	9	27	23	5	1	0	0	2	2	2	6	0	0	0	.194	.274	.271	.545	.247	56	0.0	0.0	-1.4	0.7	0.0	999.0
492	Oswald Peraza	LAA	70	251	229	48	8	0	6	27	22	17	67	3	9	2	.211	.274	.335	.609	.269	69	0.6	0.3	-8.6	0.2	0.0	999.0
493	Cooper Kinney	TBR	3	12	11	3	1	0	0	1	1	1	3	0	0	0	.238	.284	.373	.658	.286	81	0.0	0.0	-0.3	0.0	0.0	999.0
494	Blake Hunt	SDP	4	15	14	3	1	0	0	1	1	1	4	0	0	0	.205	.259	.328	.587	.258	66	0.0	-0.1	-0.6	0.3	0.0	999.0
495	Jack Suwinski	PIT	27	100	88	18	4	0	3	11	11	10	31	1	2	1	.204	.294	.368	.662	.291	83	0.0	-0.2	-2.0	-1.1	0.0	999.0
496	Jorbit Vivas	NYY	8	26	23	5	1	0	0	3	2	2	4	1	0	0	.219	.296	.311	.607	.272	73	0.0	0.0	-0.8	0.1	0.0	999.0
497	Jorge Alfaro	KCR	6	19	18	4	1	0	0	2	2	1	7	0	0	0	.220	.261	.339	.600	.263	63	0.0	0.0	-0.9	0.4	0.0	999.0
498	Gustavo Campero	LAA	10	34	31	7	1	0	1	4	3	2	7	1	1	0	.233	.299	.364	.662	.291	84	0.1	0.0	-0.6	-0.4	0.0	999.0
499	Jonatan Clase	TOR	10	35	32	7	2	0	1	4	3	3	10	0	2	0	.216	.277	.339	.616	.271	72	0.2	0.1	-1.0	-0.1	0.0	999.0
500	Eliezer Alfonzo	LAD	3	8	8	2	0	0	0	1	1	0	1	0	0	0	.240	.284	.332	.616	.269	70	0.0	0.0	-0.3	0.2	0.0	999.0
501	Matthew Wood	MIL	2	7	6	1	0	0	0	1	1	1	1	0	0	0	.219	.291	.321	.613	.272	73	0.0	0.0	-0.2	0.1	0.0	999.0
502	Stuart Fairchild	CLE	8	25	23	5	1	0	1	3	2	2	7	0	1	0	.212	.285	.341	.626	.277	77	0.0	0.0	-0.7	-0.1	0.0	999.0
503	Samad Taylor	SDP	9	32	29	6	1	0	0	4	2	2	8	0	1	0	.220	.279	.315	.594	.264	70	0.1	0.0	-1.0	0.1	0.0	999.0
504	Jordan Walker	STL	128	508	463	105	23	1	12	53	51	36	140	5	8	2	.228	.289	.359	.648	.284	83	-0.1	0.1	-10.6	-6.2	0.0	367.5
505	Luken Baker	ARI	2	7	6	1	0	0	0	1	1	1	2	0	0	0	.212	.287	.378	.665	.290	84	0.0	0.0	-0.1	0.0	0.0	999.0
506	Brendan Rodgers	BOS	21	79	73	16	3	0	2	8	8	5	22	1	0	0	.227	.283	.342	.626	.276	70	-0.1	-0.1	-2.9	0.3	0.0	999.0
507	Denzer Guzman	LAA	11	42	38	8	2	0	1	4	4	3	13	0	1	0	.210	.268	.347	.615	.270	69	0.0	-0.1	-1.5	0.2	0.0	999.0
508	Adrian Del Castillo	ARI	66	247	224	51	12	1	8	26	31	19	70	2	1	0	.228	.293	.389	.682	.296	88	-0.3	0.5	-3.9	-4.2	0.0	999.0
509	Héctor Rodríguez	CIN	6	22	21	5	1	0	1	2	3	1	4	0	0	0	.255	.293	.402	.695	.299	86	0.0	0.0	-0.4	-0.3	0.0	999.0
510	Jonah Bride	TEX	8	28	25	5	1	0	1	3	3	3	6	0	0	0	.218	.305	.329	.634	.284	82	0.0	0.0	-0.7	-0.2	0.0	999.0
511	Emmanuel Rivera		5	15	14	3	1	0	0	1	1	1	3	0	0	0	.230	.287	.328	.614	.272	74	0.0	0.0	-0.5	0.1	0.0	999.0
512	Nick Raposo	SEA	2	7	6	1	0	0	0	1	1	0	2	0	0	0	.205	.262	.307	.570	.253	65	0.0	0.0	-0.3	0.1	0.0	999.0
513	Jonathon Long	CHC	5	18	16	4	1	0	1	2	2	2	4	0	0	0	.234	.311	.382	.694	.303	95	0.0	0.0	-0.1	-0.4	0.0	999.0
514	Esmerlyn Valdez	PIT	8	24	22	5	1	0	1	3	3	2	7	0	0	0	.228	.289	.382	.671	.293	84	0.0	0.0	-0.5	-0.3	0.0	999.0
515	Collin Price	HOU	3	10	9	2	0	0	0	1	1	1	3	0	0	0	.192	.257	.332	.589	.260	64	0.0	-0.1	-0.4	0.2	0.0	999.0
516	Jorge Barrosa	ARI	47	163	148	33	8	1	2	17	14	11	38	1	3	1	.224	.282	.329	.611	.270	70	0.0	1.8	-5.9	0.6	0.0	999.0
517	Sam Huff	BAL	4	14	13	2	0	0	0	1	1	1	5	0	0	0	.195	.253	.318	.571	.252	60	0.0	0.0	-0.7	0.3	0.0	999.0
518	Davis Wendzel	PIT	4	13	12	3	1	0	0	1	1	1	3	0	0	0	.205	.268	.320	.588	.261	62	0.0	0.0	-0.6	0.2	0.0	999.0
519	Ryan Clifford	NYM	12	49	44	9	2	0	2	5	6	5	15	1	0	0	.214	.300	.380	.680	.298	93	-0.1	0.0	-0.5	-1.1	0.0	999.0
520	Tomás Nido	DET	5	19	18	4	1	0	0	2	2	1	5	0	0	0	.216	.256	.306	.562	.247	55	0.0	0.0	-1.1	0.4	0.0	999.0
521	Dom Nuñez	CLE	3	9	8	1	0	0	0	1	1	1	3	0	0	0	.170	.256	.287	.542	.245	54	0.0	0.0	-0.5	0.2	0.0	999.0
522	Tanner Murray	CHW	18	73	68	16	4	0	1	7	7	3	17	1	0	0	.230	.270	.345	.614	.269	69	-0.1	0.0	-2.7	0.2	0.0	999.0
523	Kristian Robinson	ARI	5	20	18	4	1	0	0	2	2	2	7	0	1	0	.215	.288	.344	.632	.279	76	0.0	0.0	-0.6	-0.1	0.0	999.0
524	Brett Sullivan	COL	5	15	14	3	1	0	0	1	1	1	3	0	0	0	.219	.268	.325	.593	.260	50	0.0	0.1	-0.9	0.4	0.0	999.0
525	Tsung-Che Cheng	BOS	10	29	26	5	1	0	0	3	2	2	7	0	1	0	.212	.276	.304	.580	.259	63	0.0	0.0	-1.3	0.3	0.0	999.0
526	Brandon Lockridge	MIL	20	65	60	14	3	0	1	7	5	4	17	1	3	1	.231	.285	.314	.600	.266	69	0.2	0.5	-2.2	0.0	0.0	999.0
527	Hayden Senger	NYM	5	18	16	3	1	0	0	2	1	1	5	0	0	0	.199	.250	.296	.545	.242	55	0.0	0.0	-1.0	0.4	0.0	999.0
528	Dylan Carlson	CHC	23	83	73	16	3	0	2	9	8	8	19	1	1	0	.223	.304	.343	.647	.288	85	-0.1	-0.1	-1.6	-1.2	0.0	999.0
529	Steward Berroa	MIL	7	19	17	3	1	0	0	2	1	2	6	0	1	0	.200	.271	.298	.569	.255	61	0.1	0.1	-0.8	0.2	0.0	999.0
530	Jared Young	NYM	12	37	34	7	2	0	1	4	4	3	10	0	0	0	.218	.288	.363	.651	.286	85	0.0	0.0	-0.7	-0.5	0.0	999.0
531	Jose Rojas	NYM	2	6	6	1	0	0	0	1	1	0	2	0	0	0	.195	.258	.341	.599	.262	69	0.0	0.0	-0.2	0.0	0.0	999.0
532	Tim Anderson		14	51	48	12	2	0	0	5	4	2	13	0	1	0	.245	.282	.308	.590	.262	64	0.0	0.0	-2.2	0.4	0.0	999.0
533	Randal Grichuk		65	237	219	51	11	1	8	25	29	14	50	2	1	0	.235	.287	.401	.688	.298	89	-0.3	-0.7	-3.3	-4.8	0.0	999.0
534	Tyler Fitzgerald	SFG	24	93	85	19	4	0	2	10	8	5	29	1	2	1	.217	.271	.348	.619	.272	74	0.1	0.1	-2.8	-0.3	0.0	999.0
535	Billy Cook	PIT	7	22	21	4	1	0	0	2	2	1	6	0	1	0	.212	.268	.334	.603	.264	65	0.0	0.0	-0.9	0.1	0.0	999.0
536	Ryan Fitzgerald	LAD	5	12	11	2	0	0	0	1	1	1	3	0	0	0	.204	.268	.337	.605	.266	68	0.0	0.0	-0.5	0.0	0.0	999.0
537	Tyler Callihan	CIN	26	78	71	15	3	0	2	8	7	5	22	1	2	1	.218	.279	.347	.626	.275	69	0.1	-0.2	-2.8	0.2	0.0	999.0
538	Kevin Alcántara	CHC	24	71	65	15	3	0	2	8	7	5	20	0	1	0	.234	.288	.358	.646	.283	81	0.0	-0.3	-1.6	-0.8	0.0	999.0
539	César Prieto	STL	15	49	46	11	2	0	1	4	5	2	7	0	0	0	.240	.275	.332	.607	.266	70	-0.1	-0.1	-1.8	0.2	0.0	999.0
540	Marco Luciano	NYY	7	22	20	4	1	0	1	2	2	2	8	0	0	0	.186	.260	.307	.568	.254	60	0.0	0.0	-1.1	0.2	0.0	999.0
541	Chadwick Tromp	ATL	11	35	32	7	1	0	1	3	3	2	9	0	0	0	.201	.250	.297	.547	.243	51	0.0	0.0	-2.1	0.9	0.0	999.0
542	Taylor Trammell	HOU	15	51	45	9	2	0	1	6	5	5	15	0	1	0	.204	.289	.354	.642	.284	81	0.0	0.0	-1.1	-0.7	0.0	999.0
543	Sebastián Rivero	LAA	8	24	22	4	1	0	0	2	2	1	6	0	0	0	.198	.240	.301	.541	.238	47	0.0	0.0	-1.5	0.6	0.0	999.0
544	Nick Morabito	NYM	9	30	28	7	1	0	0	3	2	2	7	0	1	0	.244	.298	.332	.630	.279	80	0.1	0.0	-0.7	-0.4	0.0	999.0
545	Luke Williams	ATL	19	31	28	6	1	0	1	3	3	2	9	0	1	0	.206	.258	.319	.577	.254	59	0.1	0.0	-1.4	0.3	0.0	999.0
546	Vidal Bruján	NYM	12	40	36	8	2	0	0	4	3	3	9	0	1	0	.213	.274	.302	.576	.256	64	0.0	-0.1	-1.7	0.3	0.0	999.0
547	Orlando Arcia	MIN	40	148	136	29	5	0	3	13	15	9	32	1	0	0	.216	.269	.332	.600	.264	66	-0.2	0.0	-6.2	1.0	0.0	999.0
548	Kameron Misner	KCR	17	62	56	11	3	0	1	7	6	6	20	0	2	0	.205	.282	.337	.619	.274	70	0.1	0.2	-2.1	-0.1	0.0	999.0
549	Christian Franklin	WSN	5	21	19	4	1	0	0	2	2	2	5	0	0	0	.225	.304	.327	.631	.283	79	0.0	0.0	-0.5	-0.2	0.0	999.0
550	Spencer Jones	NYY	9	36	33	7	1	0	1	4	4	3	14	0	1	0	.208	.272	.370	.642	.280	78	0.0	0.0	-0.9	-0.4	0.0	999.0
551	Garrett Hampson	CIN	18	54	49	11	2	0	1	6	4	4	15	0	2	0	.217	.281	.313	.594	.265	62	0.1	0.1	-2.4	0.5	0.0	999.0
552	Jason Delay	BOS	5	17	16	3	1	0	0	1	1	1	4	0	0	0	.217	.266	.293	.559	.249	52	0.0	0.0	-1.0	0.3	0.0	999.0
553	Vinny Capra	BOS	5	13	12	3	1	0	0	1	1	1	3	0	0	0	.223	.280	.316	.596	.264	62	0.0	0.0	-0.6	0.0	0.0	999.0
554	Michael Siani	LAD	8	21	19	4	1	0	0	2	1	2	5	0	1	0	.204	.273	.292	.565	.253	59	0.0	0.1	-1.0	0.2	0.0	999.0
555	Patrick Wisdom	SEA	2	9	8	1	0	0	0	1	1	1	3	0	0	0	.180	.259	.380	.639	.278	83	0.0	-0.1	-0.2	-0.2	0.0	999.0
556	Vimael Machín	COL	7	24	22	5	1	0	0	2	2	2	4	0	0	0	.243	.300	.347	.647	.284	66	0.0	0.0	-1.0	0.1	0.0	999.0
557	Joey Wiemer	WSN	35	120	108	22	5	0	3	12	13	9	35	1	2	1	.207	.276	.349	.625	.275	74	0.0	0.2	-3.7	-0.4	0.0	999.0
558	Jack Winkler	HOU	4	6	6	1	0	0	0	1	0	0	2	0	0	0	.204	.258	.300	.558	.248	54	0.0	0.0	-0.3	0.0	0.0	999.0
559	Trey Mancini	LAA	3	14	12	3	0	0	0	1	1	1	3	0	0	0	.225	.292	.356	.648	.285	80	0.0	0.0	-0.3	-0.2	0.0	999.0
560	Gabriel Rincones Jr.	PHI	8	30	27	6	1	0	1	3	3	3	8	0	1	0	.216	.293	.353	.646	.284	79	0.0	0.0	-0.7	-0.4	0.0	999.0
561	Oliver Dunn	CHW	4	15	13	3	1	0	0	1	1	1	5	0	0	0	.196	.268	.303	.571	.255	60	0.0	0.0	-0.7	0.1	0.0	999.0
562	Dominic Smith		66	260	234	56	11	0	6	27	28	20	52	3	1	0	.240	.306	.368	.674	.296	88	-0.3	0.2	-4.0	-4.9	0.0	999.0
563	Ronny Simon	PIT	4	15	14	3	1	0	0	2	1	1	3	0	0	0	.233	.291	.334	.624	.276	72	0.0	0.0	-0.5	-0.2	0.0	999.0
564	LaMonte Wade Jr.	CHW	43	154	131	28	5	1	4	16	14	19	33	2	1	0	.213	.317	.341	.658	.294	87	-0.2	0.0	-2.6	-2.8	0.0	999.0
565	Kemp Alderman	MIA	4	14	13	3	1	0	0	1	1	1	4	0	0	0	.231	.275	.361	.636	.278	74	0.0	0.0	-0.4	-0.2	0.0	999.0
566	Brett Wisely	ATL	14	50	45	10	2	0	1	5	4	3	12	0	1	0	.213	.272	.311	.583	.258	62	0.0	0.1	-2.3	0.5	0.0	999.0
567	Weston Wilson	BAL	10	30	27	6	1	0	1	3	3	2	9	0	1	0	.205	.274	.350	.625	.274	75	0.0	0.0	-0.9	-0.3	0.0	999.0
568	Nick Loftin	KCR	37	135	122	28	6	0	2	13	13	10	22	1	2	1	.231	.293	.339	.632	.279	74	-0.1	0.3	-4.2	-0.6	0.0	999.0
569	Dominic Fletcher	PIT	6	18	16	4	1	0	0	2	2	1	4	0	0	0	.224	.273	.324	.596	.263	64	0.0	-0.1	-0.8	0.0	0.0	999.0
570	Enrique Hernández	LAD	69	255	232	50	11	0	7	25	28	18	59	2	1	0	.217	.276	.357	.634	.278	75	-0.3	-0.9	-7.7	-1.1	0.0	999.0
571	Ryan Ward	LAD	7	26	24	5	1	0	1	3	3	2	7	0	0	0	.213	.269	.376	.644	.279	77	0.0	0.0	-0.7	-0.3	0.0	999.0
572	Rhylan Thomas	SEA	7	22	20	5	1	0	0	2	2	1	2	0	1	0	.248	.290	.318	.609	.269	76	0.0	0.0	-0.6	-0.3	0.0	999.0
573	Braden Montgomery	CHW	33	129	117	26	5	0	3	13	12	9	37	1	1	1	.224	.286	.356	.643	.282	78	-0.1	0.0	-3.4	-1.2	0.0	999.0
574	Trey Lipscomb	WSN	8	23	21	5	1	0	0	2	2	1	5	0	0	0	.228	.270	.316	.586	.257	62	0.0	0.0	-1.0	0.1	0.0	999.0
575	Junior Perez	ATH	11	44	39	8	2	0	1	5	4	4	15	0	1	0	.202	.269	.349	.618	.272	69	0.1	0.0	-1.5	-0.2	0.0	999.0
576	Heston Kjerstad	BAL	9	35	32	7	1	0	1	4	4	2	9	1	0	0	.227	.287	.362	.648	.284	81	0.0	-0.1	-0.8	-0.6	0.0	999.0
577	Dustin Harris	CHW	16	43	39	9	2	0	1	5	4	3	10	0	2	0	.223	.285	.344	.629	.276	74	0.1	0.0	-1.2	-0.5	0.0	999.0
578	Tristin English	ATL	2	8	8	2	0	0	0	1	1	0	2	0	0	0	.224	.269	.335	.604	.265	67	0.0	0.0	-0.3	-0.1	0.0	999.0
579	Sandy León	ATL	10	24	21	4	1	0	1	2	2	2	8	0	0	0	.176	.248	.288	.536	.241	50	0.0	0.0	-1.4	0.4	0.0	999.0
580	Ji Hwan Bae	NYM	14	38	34	8	2	0	0	4	3	3	10	0	2	0	.230	.296	.311	.607	.271	75	0.1	0.0	-1.1	-0.4	0.0	999.0
581	Donovan Solano		10	31	29	7	1	0	0	3	3	2	7	1	0	0	.245	.302	.347	.649	.287	82	0.0	0.0	-0.7	-0.6	0.0	999.0
582	Matt Koperniak	STL	11	40	37	9	2	0	1	4	4	2	9	0	0	0	.230	.281	.333	.615	.271	73	0.0	0.0	-1.3	-0.3	0.0	999.0
583	Aaron Schunk	ATL	9	26	25	5	1	0	0	2	2	1	7	0	0	0	.220	.262	.326	.588	.257	61	0.0	0.0	-1.2	0.1	0.0	999.0
584	Akil Baddoo	MIL	10	36	32	7	1	0	1	4	3	3	10	0	1	0	.206	.283	.341	.625	.276	75	0.0	0.0	-1.0	-0.4	0.0	999.0
585	Juan Yepez		12	39	36	8	2	0	1	4	4	3	7	0	0	0	.235	.289	.369	.658	.287	83	0.0	0.0	-0.9	-0.7	0.0	999.0
586	Richie Palacios	TBR	45	173	153	34	7	1	3	18	15	16	33	2	5	1	.226	.304	.335	.639	.285	80	0.1	-0.5	-4.0	-2.2	0.0	999.0
587	Tristan Peters	CHW	11	40	36	8	2	0	1	4	3	3	8	0	1	0	.220	.283	.338	.620	.273	72	0.0	0.0	-1.3	-0.3	0.0	999.0
588	Scott Kingery	CHC	6	14	13	2	0	0	0	1	1	1	4	0	0	0	.192	.241	.310	.550	.242	50	0.0	0.0	-0.8	0.1	0.0	999.0
589	Sterlin Thompson	COL	9	35	32	8	2	0	1	4	4	2	9	1	1	0	.244	.303	.375	.678	.297	76	0.0	0.0	-1.0	-0.4	0.0	999.0
590	José Barrero	BAL	4	11	10	2	0	0	0	1	1	1	4	0	0	0	.189	.245	.317	.562	.248	57	0.0	0.0	-0.5	-0.1	0.0	999.0
591	Wade Meckler	LAA	12	41	37	9	2	0	0	4	3	3	9	0	1	0	.239	.305	.317	.622	.278	75	0.0	0.0	-1.3	-0.5	0.0	999.0
592	Tyler Locklear	ARI	56	223	200	47	10	1	6	25	25	17	62	4	4	1	.237	.306	.380	.685	.300	90	-0.1	-0.1	-2.7	-5.0	0.0	999.0
593	Yohel Pozo	STL	47	167	159	38	7	0	4	14	18	6	22	1	0	0	.236	.264	.350	.614	.266	70	-0.2	0.0	-6.2	0.3	0.0	999.0
594	Kevin Newman	KCR	7	25	23	5	1	0	0	2	2	1	4	0	0	0	.232	.271	.309	.580	.256	58	0.0	0.0	-1.3	0.1	0.0	999.0
595	Rece Hinds	CIN	13	48	44	10	2	0	2	5	5	3	16	0	1	0	.218	.268	.391	.659	.284	75	0.0	0.1	-1.4	-0.5	0.0	999.0
596	Jhonkensy Noel	BAL	9	30	27	6	1	0	1	3	4	2	9	0	0	0	.214	.267	.389	.657	.284	82	0.0	0.0	-0.7	-0.7	0.0	999.0
597	Cristian Pache	NYM	4	14	12	2	0	0	0	1	1	1	4	0	0	0	.196	.259	.304	.564	.251	61	0.0	0.0	-0.6	-0.2	0.0	999.0
598	A.J. Vukovich	ARI	8	34	31	7	1	0	1	3	4	2	11	0	0	0	.228	.276	.358	.634	.276	74	0.0	0.0	-1.1	-0.4	0.0	999.0
599	Nicky Lopez	COL	11	36	33	8	1	0	0	4	2	3	5	0	1	0	.248	.309	.301	.610	.274	60	0.0	0.0	-1.8	0.2	0.0	999.0
600	José Azocar	ATL	8	17	16	4	1	0	0	2	1	1	4	0	1	0	.231	.272	.312	.583	.257	61	0.0	0.0	-0.8	-0.2	0.0	999.0
601	Wilmer Flores		63	241	216	50	9	0	8	26	29	19	44	3	0	0	.231	.299	.390	.689	.301	91	-0.3	-0.1	-2.7	-5.8	0.0	999.0
602	Pedro León	PHI	6	21	20	4	1	0	1	2	2	1	7	0	1	0	.203	.264	.330	.594	.262	64	0.0	-0.1	-0.9	-0.2	0.0	999.0
603	Tyler Wade	TEX	17	50	45	9	2	0	0	5	2	4	12	0	2	1	.209	.276	.266	.543	.246	55	0.1	-0.1	-2.5	0.4	0.0	999.0
604	Tim Elko	CHW	6	21	19	4	1	0	1	2	2	1	7	0	0	0	.224	.270	.366	.636	.277	75	0.0	0.0	-0.6	-0.5	0.0	999.0
605	Chas McCormick	CHC	34	113	101	21	3	0	3	12	10	9	31	1	3	1	.213	.284	.335	.619	.274	75	0.1	0.1	-3.2	-0.9	0.0	999.0
606	Tyler Black	MIL	10	33	29	6	1	0	1	4	3	3	9	0	1	0	.214	.301	.330	.631	.282	79	0.0	0.0	-0.8	-0.8	0.0	999.0
607	Warming Bernabel	WSN	31	108	101	27	6	0	2	12	13	5	16	1	1	0	.272	.308	.409	.717	.310	84	0.0	0.0	-2.1	-2.0	0.0	999.0
608	Tyrone Taylor	NYM	79	294	271	60	12	3	6	32	25	15	68	5	8	2	.221	.272	.349	.621	.271	75	0.4	0.5	-8.5	-1.8	0.0	999.0
609	Niko Kavadas	LAA	6	21	18	3	1	0	1	2	2	2	8	0	0	0	.183	.277	.342	.620	.275	73	0.0	0.0	-0.7	-0.5	0.0	999.0
610	Grant McCray	SFG	19	59	54	11	2	0	1	7	5	4	20	0	2	0	.208	.267	.326	.593	.262	67	0.1	0.0	-2.2	-0.3	0.0	999.0
611	Nick Sogard	BOS	24	92	83	19	4	0	1	9	8	8	20	1	2	1	.230	.298	.318	.616	.275	70	0.0	0.0	-3.3	-0.4	0.0	999.0
612	Riley Adams	WSN	27	99	89	18	4	0	3	9	11	7	34	2	0	0	.206	.277	.354	.631	.278	76	-0.1	-0.2	-2.9	-0.9	-0.1	999.0
613	DJ LeMahieu		32	123	111	26	4	0	2	12	11	11	27	1	0	0	.231	.302	.321	.624	.279	77	-0.2	-0.3	-3.6	-1.1	-0.1	999.0
614	Alika Williams	PIT	19	65	60	14	3	0	1	6	5	4	14	1	1	0	.228	.275	.317	.592	.262	63	-0.1	0.0	-2.9	0.2	-0.1	999.0
615	Zach Dezenzo	HOU	23	87	80	18	3	0	2	9	9	6	27	1	1	0	.224	.285	.362	.646	.284	81	0.0	-0.4	-2.0	-1.5	-0.1	999.0
616	Abraham Toro	KCR	12	42	38	9	2	0	1	4	4	3	8	0	0	0	.230	.288	.357	.645	.283	76	0.0	0.0	-1.2	-0.8	-0.1	999.0
617	Mason McCoy	SDP	28	81	74	14	3	0	1	8	6	5	26	0	2	1	.192	.247	.286	.532	.237	51	0.1	0.1	-4.6	1.3	-0.1	999.0
618	Carlos Cortes	ATH	42	151	138	31	7	0	4	16	17	11	33	1	1	0	.225	.285	.380	.664	.289	81	-0.2	-0.2	-3.6	-2.2	-0.1	999.0
619	Kris Bryant	COL	23	91	81	20	4	0	3	10	11	8	22	1	0	0	.249	.323	.397	.720	.316	88	-0.1	0.0	-1.4	-2.2	-0.1	999.0
620	Dairon Blanco	KCR	22	53	48	11	2	0	1	7	3	3	13	1	4	1	.224	.278	.332	.610	.269	67	0.3	-0.1	-1.7	-0.7	-0.1	999.0
621	Eric Wagaman	MIN	30	119	110	26	6	0	3	12	12	7	23	1	1	0	.240	.289	.370	.658	.287	82	-0.1	-0.1	-2.7	-2.0	-0.1	999.0
622	Joey Meneses	ATH	16	58	53	13	3	0	1	6	6	3	11	0	0	0	.246	.293	.363	.655	.286	79	-0.1	0.0	-1.5	-1.1	-0.1	999.0
623	Johnathan Rodríguez	CLE	51	191	173	41	8	0	5	20	20	15	55	1	1	0	.235	.299	.369	.669	.293	87	-0.2	-1.0	-3.1	-4.1	-0.1	999.0
624	Robert Hassell III	WSN	67	254	233	55	10	0	4	24	23	17	62	1	5	2	.237	.291	.335	.626	.276	75	0.0	-0.7	-7.6	-1.5	-0.1	999.0
625	Drew Waters	KCR	17	56	52	12	2	0	1	6	5	4	17	1	1	0	.223	.282	.339	.620	.274	70	0.0	0.0	-2.0	-0.6	-0.1	999.0
626	Yanquiel Fernández	NYY	15	52	48	11	2	0	1	5	6	3	12	0	0	0	.220	.270	.357	.627	.272	73	-0.1	0.0	-1.7	-0.7	-0.1	999.0
627	Tyler Tolbert	KCR	49	112	103	22	5	0	1	13	7	6	30	1	7	1	.217	.267	.308	.575	.255	57	0.7	0.1	-5.0	0.5	-0.1	999.0
628	Ryan Kreidler	MIN	23	81	73	14	3	0	1	8	6	7	26	1	2	1	.189	.263	.289	.553	.249	55	0.0	0.0	-4.3	0.8	-0.1	999.0
629	Justin Dean	CHC	17	28	26	5	1	0	0	3	2	2	9	0	1	0	.203	.268	.282	.550	.248	57	0.1	0.0	-1.4	-0.3	-0.1	999.0
630	Christian Encarnacion-Strand	CIN	20	80	74	18	3	0	3	9	10	4	21	1	0	0	.240	.286	.416	.702	.302	88	-0.1	0.0	-1.2	-2.2	-0.1	999.0
631	Michael Toglia	CIN	19	71	64	13	3	0	3	8	9	6	24	0	1	0	.204	.279	.389	.667	.289	79	0.0	0.0	-1.8	-1.3	-0.1	999.0
632	Nick Allen	HOU	42	153	139	31	5	0	1	14	10	10	32	1	4	1	.220	.276	.283	.559	.251	58	0.0	0.5	-7.5	1.5	-0.1	999.0
633	Ryan Vilade	TBR	31	102	93	21	4	0	2	10	10	7	26	1	1	0	.223	.281	.341	.622	.273	72	-0.1	0.0	-3.4	-0.9	-0.1	999.0
634	Myles Straw	TOR	51	169	153	35	7	0	1	17	11	12	32	1	7	1	.230	.288	.297	.585	.261	65	0.5	1.1	-6.5	-0.1	-0.1	999.0
635	Zac Veen	COL	31	116	106	25	5	1	2	14	11	8	29	1	4	1	.240	.298	.371	.669	.293	72	0.2	0.4	-3.6	-1.1	-0.1	999.0
636	Orelvis Martinez	WSN	25	98	89	18	4	0	3	9	11	7	28	1	0	0	.200	.263	.353	.616	.269	70	-0.1	-0.2	-3.6	-0.5	-0.1	999.0
637	Jose Miranda	SDP	19	71	66	15	3	0	1	7	7	4	13	1	0	0	.227	.274	.339	.614	.269	74	-0.1	-0.1	-2.3	-0.9	-0.1	999.0
638	Miguel Andujar	SDP	107	425	397	103	17	2	9	44	44	21	63	2	3	1	.260	.299	.377	.676	.294	90	-0.4	-0.2	-5.2	-9.8	-0.1	999.0
639	Tirso Ornelas	SDP	28	95	87	20	4	0	2	10	9	7	20	1	1	0	.230	.290	.348	.637	.280	81	-0.1	0.0	-2.2	-1.9	-0.1	999.0
640	Matt Mervis	WSN	12	42	38	8	2	0	1	4	5	3	13	0	0	0	.201	.265	.361	.625	.273	72	0.0	0.0	-1.4	-0.9	-0.1	999.0
641	Tristan Gray	MIN	20	72	66	13	3	0	2	6	7	4	21	1	0	0	.199	.255	.330	.585	.256	60	-0.1	-0.1	-3.4	0.0	-0.1	999.0
642	Justin Foscue	TEX	15	53	48	10	2	0	1	5	5	4	10	1	0	0	.213	.278	.346	.625	.275	76	0.0	0.0	-1.6	-1.2	-0.1	999.0
643	Yohandy Morales	WSN	14	54	50	11	2	0	1	5	5	4	16	0	0	0	.228	.284	.341	.625	.275	74	-0.1	0.0	-1.7	-1.1	-0.1	999.0
644	DaShawn Keirsey Jr.	ATL	21	38	35	7	1	0	1	4	3	2	11	0	1	0	.210	.261	.306	.567	.251	57	0.1	0.0	-1.9	-0.4	-0.1	999.0
645	John Rave	KCR	39	134	120	26	5	1	3	14	11	11	36	1	3	1	.213	.281	.334	.615	.272	69	0.0	1.1	-4.9	-0.7	-0.1	999.0
646	Ildemaro Vargas	ARI	26	98	91	21	4	0	1	9	8	5	13	1	1	0	.230	.273	.311	.583	.257	61	-0.1	0.0	-4.6	0.3	-0.1	999.0
647	Nate Eaton	BOS	25	87	80	18	4	0	2	9	8	5	22	1	3	1	.221	.272	.335	.607	.267	64	0.2	0.3	-3.5	-0.7	-0.1	999.0
648	T.J. Rumfield	COL	20	79	72	18	4	0	2	8	9	6	16	1	0	0	.246	.308	.372	.679	.298	76	-0.1	0.0	-2.4	-1.7	-0.1	999.0
649	Oswaldo Cabrera	NYY	50	188	170	37	7	0	4	19	17	14	41	1	3	1	.220	.281	.336	.616	.272	73	0.0	-0.2	-6.0	-1.9	-0.2	999.0
650	Jarred Kelenic	CHW	28	102	93	19	4	0	3	10	10	8	30	1	2	1	.209	.274	.349	.623	.273	72	0.0	-0.2	-3.4	-1.6	-0.2	999.0
651	Jeimer Candelario	LAA	20	81	73	15	3	0	2	8	8	6	23	1	1	0	.206	.272	.349	.621	.273	71	-0.1	0.0	-2.8	-1.6	-0.2	999.0
652	Rowdy Tellez		80	304	275	60	10	0	13	32	41	24	76	3	1	0	.219	.285	.403	.688	.297	89	-0.4	-0.1	-4.4	-7.5	-0.2	999.0
653	Jerar Encarnacion	SFG	38	143	131	29	5	0	5	15	16	10	47	1	1	0	.221	.279	.367	.646	.282	81	-0.1	0.0	-3.3	-3.1	-0.2	999.0
654	Matthew Lugo	LAA	25	87	81	17	4	0	2	9	8	4	27	1	2	1	.216	.263	.353	.616	.269	68	0.0	-0.3	-3.2	-1.5	-0.2	999.0
655	Deyvison De Los Santos	MIA	28	110	103	24	4	0	3	11	12	6	29	1	1	0	.237	.281	.366	.647	.280	76	-0.1	0.0	-3.2	-2.3	-0.2	999.0
656	Adam Frazier		74	286	260	61	11	2	4	29	25	19	53	3	4	2	.236	.292	.336	.628	.277	75	-0.3	-2.0	-8.7	-2.8	-0.2	999.0
657	Bryce Johnson	SDP	62	186	167	36	7	1	2	19	11	13	51	2	6	2	.216	.281	.293	.575	.258	66	0.2	0.6	-7.2	-0.8	-0.2	999.0
658	Blaine Crim	COL	48	187	170	42	9	0	5	20	23	13	40	2	1	0	.250	.310	.400	.710	.308	83	-0.2	-0.2	-4.1	-4.0	-0.2	999.0
659	Jac Caglianone	KCR	125	512	463	105	21	2	15	56	59	39	122	6	3	1	.227	.295	.383	.678	.295	85	-0.6	-2.7	-9.7	-10.1	-0.2	214.0
660	Charlie Condon	COL	52	206	187	45	9	1	6	23	24	14	59	3	1	1	.242	.303	.391	.695	.304	80	-0.2	0.0	-5.2	-4.2	-0.3	999.0
661	George Valera	CLE	93	358	319	70	13	1	10	38	38	33	96	3	2	1	.220	.297	.364	.661	.291	86	-0.4	-0.1	-6.1	-8.8	-0.3	999.0
662	Abimelec Ortiz	WSN	51	202	184	40	8	1	6	19	23	14	53	2	1	0	.218	.279	.366	.646	.282	79	-0.2	0.0	-5.3	-4.0	-0.3	999.0
663	Andrés Chaparro	WSN	78	284	258	58	12	0	9	27	34	20	67	3	1	0	.225	.286	.375	.661	.288	83	-0.3	-0.1	-6.1	-6.3	-0.3	999.0
664	Justin Turner		56	204	186	44	9	0	3	20	20	13	39	3	1	0	.237	.295	.346	.641	.283	79	-0.2	-0.1	-5.3	-5.5	-0.4	999.0
665	Troy Johnston	COL	64	240	220	55	12	1	5	27	25	15	49	3	6	2	.251	.305	.378	.683	.298	76	0.1	-0.1	-6.7	-5.2	-0.4	999.0
666	Carlos Santana	ARI	83	339	303	65	14	0	8	34	36	30	62	2	3	1	.215	.287	.346	.633	.280	76	-0.2	0.4	-9.7	-6.1	-0.5	999.0
667	Griffin Conine	MIA	85	347	312	65	13	1	9	33	37	29	114	3	1	0	.208	.282	.345	.627	.277	74	-0.4	0.1	-11.2	-5.9	-0.6	999.0
