i#	Name	Team	G	PA	AB	H	2B	3B	HR	R	RBI	BB	SO	HBP	SB	CS	AVG	OBP	SLG	OPS	wOBA	wRC+	BsR	Fld	Off	Def	WAR	ADP
1	Aaron Judge	NYY	149	644	517	148	25	1	43	111	112	115	158	6	9	2	.287	.419	.591	1.010	.417	173	-1.4	2.6	54.0	-4.6	7.3	2.0
2	Bobby Witt Jr.	KCR	157	679	616	178	37	7	28	103	95	49	117	7	33	10	.288	.344	.510	.854	.361	130	3.3	7.0	27.7	14.3	6.7	2.8
3	Cal Raleigh	SEA	159	637	550	127	23	0	41	88	103	78	171	5	8	2	.231	.330	.494	.824	.348	130	-1.6	4.7	21.3	11.9	6.4	18.4
4	Juan Soto	NYM	159	686	548	149	24	1	38	114	102	128	120	4	23	5	.272	.411	.529	.939	.400	163	0.5	-7.2	51.8	-14.7	6.1	4.3
5	Shohei Ohtani	LAD	157	679	575	162	28	5	48	129	119	94	164	5	26	6	.282	.385	.599	.983	.407	165	1.8	0.0	54.3	-17.0	6.1	1.3
6	Gunnar Henderson	BAL	156	672	591	161	33	5	29	99	93	70	140	6	22	5	.273	.354	.490	.845	.362	135	2.4	-2.1	30.2	5.1	6.0	13.1
7	Julio Rodríguez	SEA	159	686	625	169	30	2	31	96	101	48	151	9	26	7	.270	.330	.477	.807	.345	129	2.0	6.5	25.2	8.8	5.9	11.0
8	Fernando Tatis Jr.	SDP	156	672	585	158	30	2	30	106	84	75	131	6	26	5	.270	.358	.481	.839	.361	137	2.3	6.8	31.4	-0.6	5.4	15.5
9	Ronald Acuña Jr.	ATL	151	651	548	157	26	2	31	115	84	92	133	7	26	6	.286	.393	.512	.905	.389	152	2.7	-4.1	42.6	-11.9	5.4	7.3
10	Francisco Lindor	NYM	146	630	558	146	28	1	26	94	78	55	115	11	22	4	.261	.337	.453	.790	.341	123	1.1	3.5	18.1	9.8	5.0	20.0
11	Mookie Betts	LAD	151	651	567	155	31	3	24	97	87	73	77	4	9	2	.274	.358	.468	.826	.356	130	-0.5	-3.1	22.7	3.9	4.9	57.1
12	Kyle Tucker	LAD	151	651	555	149	28	2	33	98	102	88	96	3	22	4	.268	.369	.505	.874	.373	142	1.7	-0.6	33.9	-7.6	4.9	14.8
13	Alejandro Kirk	TOR	125	495	435	119	19	0	15	52	63	50	60	4	1	0	.273	.350	.423	.774	.337	117	-2.1	5.9	8.1	14.6	4.9	161.9
14	Vladimir Guerrero Jr.	TOR	157	679	590	174	33	0	34	98	105	78	92	6	5	2	.295	.380	.522	.902	.383	149	-1.4	-1.3	38.0	-13.6	4.9	18.1
15	Corbin Carroll	ARI	147	637	554	143	26	12	27	101	89	68	133	9	34	7	.259	.346	.494	.840	.359	130	5.0	4.8	27.9	-1.7	4.8	9.5
16	José Ramírez	CLE	157	679	602	165	34	3	29	95	96	66	80	5	32	7	.273	.347	.483	.830	.347	125	2.2	1.6	22.1	1.8	4.8	6.0
17	Junior Caminero	TBR	154	665	610	167	28	0	40	90	118	46	124	4	6	2	.274	.326	.520	.846	.359	131	-0.4	-1.6	24.1	0.2	4.8	16.1
18	Elly De La Cruz	CIN	156	672	598	157	31	6	25	97	89	66	173	4	41	11	.262	.338	.459	.797	.341	115	4.4	0.9	16.0	7.9	4.7	8.9
19	Geraldo Perdomo	ARI	159	686	581	155	30	4	15	96	72	83	88	8	23	6	.266	.363	.408	.771	.340	118	1.2	0.4	15.4	7.8	4.7	82.1
20	Pete Crow-Armstrong	CHC	149	644	591	150	30	5	26	88	92	35	155	9	34	9	.254	.303	.456	.758	.324	109	3.0	11.9	10.2	14.2	4.7	29.5
21	Ketel Marte	ARI	147	637	554	152	31	3	27	94	86	70	104	7	6	1	.274	.359	.487	.846	.362	132	-0.6	-0.2	23.8	-0.1	4.6	32.3
22	Patrick Bailey	SFG	133	525	473	108	20	2	11	53	53	41	137	3	3	0	.228	.291	.349	.640	.282	81	-0.7	12.2	-12.3	22.4	4.6	999.0
23	William Contreras	MIL	152	610	531	143	29	1	20	80	77	71	116	4	6	2	.270	.358	.440	.797	.346	124	-1.2	-0.1	15.9	7.5	4.5	52.3
24	Trea Turner	PHI	149	644	591	167	30	4	19	92	73	42	118	6	28	5	.282	.334	.442	.776	.336	114	4.0	0.2	14.7	7.1	4.4	28.9
25	Wyatt Langford	TEX	149	644	558	144	29	2	25	90	80	75	145	6	22	6	.257	.349	.453	.802	.347	125	1.5	4.8	20.4	0.2	4.4	41.8
26	Yordan Alvarez	HOU	130	560	475	140	28	1	30	83	85	71	97	7	3	1	.294	.391	.545	.935	.393	156	-1.6	-0.1	35.4	-11.9	4.4	36.0
27	Matt Chapman	SFG	156	672	583	141	31	2	27	89	84	77	165	8	9	3	.242	.336	.439	.774	.337	119	-0.5	3.4	14.4	5.8	4.3	169.9
28	Bo Bichette	NYM	152	658	608	177	34	1	19	81	86	42	107	4	6	3	.291	.338	.447	.786	.340	122	-0.9	4.2	15.8	4.6	4.3	102.0
29	Jackson Merrill	SDP	146	630	577	155	29	5	24	82	84	42	121	4	7	3	.270	.321	.462	.783	.335	119	0.3	4.8	14.4	6.8	4.3	69.4
30	Zach Neto	LAA	154	665	595	152	34	1	28	94	85	46	159	18	28	9	.255	.325	.459	.784	.337	115	1.4	-1.4	13.4	5.7	4.3	27.4
31	Corey Seager	TEX	130	560	489	131	25	0	26	76	77	62	102	5	3	0	.268	.354	.479	.832	.353	129	-1.4	0.6	18.0	4.1	4.2	100.3
32	Adley Rutschman	BAL	143	573	501	127	27	1	19	69	68	65	90	3	1	0	.255	.340	.427	.767	.334	116	-1.2	2.8	9.6	8.7	4.0	156.5
33	Willy Adames	SFG	157	679	596	141	28	1	27	85	87	72	166	4	12	4	.236	.321	.422	.743	.323	109	-0.1	2.1	7.2	9.4	4.0	136.1
34	Nico Hoerner	CHC	154	665	607	171	30	3	9	79	65	43	62	10	27	7	.281	.336	.387	.723	.318	105	2.3	7.7	6.3	10.2	4.0	109.7
35	Gabriel Moreno	ARI	115	456	406	113	21	1	11	54	56	43	77	4	4	2	.279	.351	.421	.772	.336	115	-0.5	5.4	7.6	13.4	3.9	181.0
36	Jordan Westburg	BAL	141	609	558	147	30	3	26	86	83	39	135	8	5	2	.263	.318	.469	.787	.338	119	-0.6	2.1	13.2	3.7	3.9	127.5
37	Bryce Harper	PHI	154	665	574	157	37	0	29	90	95	81	143	5	11	3	.273	.365	.492	.857	.366	134	-0.1	0.5	27.0	-11.5	3.9	51.0
38	Jeremy Peña	HOU	151	651	595	161	30	2	19	83	71	38	116	12	18	5	.271	.325	.421	.746	.324	108	1.2	0.5	7.6	7.5	3.8	96.6
39	Dansby Swanson	CHC	159	686	619	149	27	2	22	82	80	58	174	4	16	4	.241	.309	.398	.707	.308	98	1.3	6.7	0.1	14.0	3.8	157.2
40	Alex Bregman	CHC	156	672	584	146	29	1	23	87	82	74	96	9	3	1	.250	.340	.421	.762	.333	115	-1.7	0.9	10.5	3.3	3.7	120.3
41	Maikel Garcia	KCR	154	665	598	162	33	5	13	87	68	57	100	2	27	7	.270	.332	.404	.736	.322	103	1.9	6.1	4.4	8.6	3.7	70.0
42	Austin Riley	ATL	156	672	608	159	31	2	30	88	92	51	174	8	3	1	.261	.324	.470	.794	.340	118	-1.0	-2.6	13.6	-0.6	3.6	73.5
43	Masyn Winn	STL	149	644	587	150	30	2	15	79	68	45	114	6	13	4	.255	.313	.389	.701	.307	98	0.8	7.6	-0.8	14.5	3.6	281.7
44	Nick Kurtz	ATH	143	616	534	139	28	1	36	97	99	73	172	4	3	1	.261	.352	.521	.873	.371	137	-0.7	-1.6	26.4	-12.9	3.6	17.7
45	Pete Alonso	BAL	157	679	597	158	33	1	38	89	111	61	152	14	2	1	.264	.343	.515	.858	.364	136	-2.3	-2.7	26.9	-15.5	3.6	26.4
46	Freddie Freeman	LAD	151	651	568	161	37	2	24	89	91	69	121	9	8	2	.284	.367	.482	.849	.363	135	-1.1	-0.9	25.7	-12.6	3.6	72.2
47	Byron Buxton	MIN	130	560	502	125	25	5	29	85	76	44	153	9	17	2	.249	.317	.489	.806	.342	119	2.6	0.4	15.5	0.0	3.6	71.0
48	Michael Harris II	ATL	133	574	539	148	27	4	22	71	77	24	110	5	18	5	.275	.309	.460	.769	.329	110	1.2	5.2	8.3	7.2	3.5	101.1
49	Jacob Wilson	ATH	143	616	568	167	34	1	14	75	78	34	48	8	6	2	.295	.342	.431	.773	.336	113	-0.8	-2.3	8.7	4.2	3.5	189.2
50	Roman Anthony	BOS	146	630	536	142	31	3	19	92	70	83	155	5	9	4	.266	.367	.441	.808	.353	124	-0.4	3.3	17.2	-4.9	3.5	54.3
51	Riley Greene	DET	151	651	584	154	30	3	29	84	97	58	176	5	3	2	.264	.333	.477	.810	.347	123	-1.0	2.3	16.9	-5.3	3.5	80.7
52	Manny Machado	SDP	149	644	583	153	28	0	26	80	90	53	127	3	9	2	.263	.325	.447	.773	.332	117	-0.6	-0.1	12.2	-0.4	3.4	39.4
53	Matt Olson	ATL	159	686	594	151	33	1	32	94	95	81	165	5	1	0	.253	.346	.473	.819	.352	126	-1.8	3.0	19.4	-9.3	3.4	50.3
54	Steven Kwan	CLE	154	665	593	166	27	3	12	86	60	61	61	5	19	5	.280	.350	.392	.742	.327	111	1.1	7.3	9.7	0.2	3.4	171.1
55	Carlos Correa	HOU	131	567	509	134	25	1	18	66	67	50	115	4	0	0	.262	.331	.420	.752	.327	110	-0.9	5.1	5.9	7.2	3.3	278.5
56	Will Smith	LAD	126	500	428	109	21	1	19	67	67	58	97	8	2	1	.255	.352	.444	.796	.345	122	-1.6	0.0	11.6	9.1	3.3	104.7
57	Cody Bellinger	NYY	143	616	554	146	25	3	24	82	89	51	90	4	11	3	.264	.326	.448	.774	.332	114	0.2	5.7	10.7	0.5	3.3	78.0
58	Xander Bogaerts	SDP	141	609	546	145	27	1	13	68	63	51	107	5	17	3	.264	.330	.390	.721	.315	105	1.3	-0.3	5.3	6.3	3.3	241.6
59	Austin Wells	NYY	117	461	412	93	20	1	19	53	62	39	112	5	5	1	.227	.299	.417	.716	.310	100	-0.2	0.2	-0.5	8.9	3.2	245.0
60	Rafael Devers	SFG	159	686	589	149	31	1	31	94	93	85	166	7	2	1	.253	.351	.469	.820	.350	128	-1.6	1.0	20.9	-12.3	3.2	56.3
61	Ceddanne Rafaela	BOS	141	609	567	148	32	4	18	80	76	28	127	8	21	7	.261	.303	.428	.731	.315	97	1.2	8.9	-0.7	11.0	3.2	139.5
62	Marcus Semien	NYM	149	644	576	140	24	2	20	83	75	58	106	5	9	2	.242	.314	.395	.709	.310	101	0.2	6.0	1.3	7.9	3.1	258.6
63	James Wood	WSN	149	644	558	146	32	2	27	90	84	78	187	3	16	6	.261	.353	.472	.826	.355	129	0.1	-0.3	21.9	-13.0	3.1	31.0
64	Jazz Chisholm Jr.	NYY	141	609	539	128	19	2	29	79	87	60	158	6	31	8	.238	.319	.441	.759	.328	112	2.6	-3.4	11.0	-1.6	3.1	21.8
65	Gleyber Torres	DET	154	665	578	150	27	1	19	83	72	75	114	4	6	2	.260	.347	.407	.754	.331	113	-1.8	-3.1	8.1	-0.8	3.1	251.6
66	Drake Baldwin	ATL	130	528	472	126	23	1	21	63	75	49	96	5	1	0	.266	.340	.458	.798	.346	122	-1.1	-1.1	12.6	0.8	3.1	91.8
67	Brent Rooker	ATH	154	665	590	157	32	2	34	89	107	64	167	6	6	2	.266	.342	.503	.845	.360	130	-0.8	0.0	22.7	-15.5	3.1	53.6
68	Andy Pages	LAD	139	602	549	141	29	2	26	75	85	37	130	9	10	4	.257	.311	.455	.766	.329	112	-0.2	0.2	8.1	1.9	3.1	142.0
69	Dillon Dingler	DET	110	435	395	97	20	2	13	48	56	29	108	7	1	1	.245	.306	.404	.710	.309	97	-0.7	5.3	-2.2	13.8	3.1	240.6
70	Brice Turang	MIL	151	651	582	151	26	2	14	82	68	60	134	2	28	7	.259	.328	.387	.714	.314	101	2.3	2.1	3.4	4.6	3.0	54.0
71	Luke Keaschall	MIN	130	560	486	129	27	2	11	73	61	55	94	12	24	7	.265	.352	.395	.747	.331	112	1.2	0.0	8.8	1.4	3.0	136.0
72	Ezequiel Tovar	COL	151	651	605	161	36	4	21	82	74	33	156	4	9	4	.266	.306	.443	.750	.322	92	-0.3	6.7	-6.1	13.7	3.0	209.4
73	Kyle Schwarber	PHI	159	686	573	130	20	1	44	103	105	101	195	7	7	2	.227	.347	.496	.843	.360	131	-1.9	0.0	23.2	-17.0	3.0	25.0
74	Brendan Donovan	SEA	130	560	496	135	27	1	12	68	55	50	77	9	5	3	.273	.348	.404	.753	.331	119	-1.4	-2.8	11.0	-1.5	2.9	310.5
75	Michael Busch	CHC	138	595	520	132	26	3	28	83	81	62	146	8	3	1	.253	.339	.476	.815	.351	127	-1.1	1.1	18.3	-9.6	2.9	108.5
76	Yandy Díaz	TBR	151	651	577	170	30	1	21	84	80	62	95	7	3	1	.295	.367	.457	.824	.358	130	-1.9	-0.1	21.2	-15.2	2.9	133.5
77	CJ Abrams	WSN	146	630	573	146	30	4	20	86	70	38	118	13	30	7	.254	.314	.426	.740	.320	105	3.1	-5.3	6.5	0.9	2.9	56.2
78	Jackson Chourio	MIL	151	651	601	163	37	4	25	92	88	39	131	4	24	7	.272	.318	.468	.786	.336	116	2.0	-1.3	14.6	-8.0	2.9	20.6
79	Iván Herrera	STL	139	593	514	140	25	1	19	76	73	63	116	11	10	3	.273	.362	.437	.799	.349	127	0.0	-0.1	19.0	-10.6	2.9	158.9
80	Seiya Suzuki	CHC	146	630	553	142	28	4	27	79	88	68	158	3	7	3	.256	.339	.464	.803	.345	124	-1.2	-2.2	16.8	-9.7	2.9	97.9
81	Bryson Stott	PHI	144	623	556	144	25	3	14	73	67	55	103	4	25	5	.258	.326	.390	.717	.314	99	2.2	3.5	1.5	5.8	2.9	185.1
82	Josh Naylor	SEA	144	623	562	151	31	0	23	74	92	51	92	5	18	3	.269	.332	.450	.782	.335	122	0.6	1.2	16.7	-10.2	2.9	66.6
83	Xavier Edwards	MIA	139	602	539	151	23	4	5	72	50	52	83	3	27	7	.281	.345	.365	.710	.314	100	2.2	3.6	2.0	5.8	2.8	184.7
84	Trent Grisham	NYY	130	560	476	103	18	1	24	75	66	74	139	5	6	2	.218	.328	.414	.742	.326	110	-0.6	0.2	6.2	2.2	2.8	264.5
85	Andrés Giménez	TOR	138	595	537	135	24	2	14	68	66	34	102	16	20	4	.251	.313	.380	.693	.304	94	1.5	3.0	-2.4	9.4	2.8	472.4
86	Francisco Alvarez	NYM	112	446	395	94	16	1	22	54	63	42	114	6	1	0	.238	.318	.449	.767	.331	116	-0.7	-3.3	7.6	3.2	2.8	177.9
87	Ian Happ	CHC	152	658	566	137	32	1	23	84	79	83	156	5	8	2	.243	.342	.424	.766	.335	117	-0.6	-0.1	12.4	-7.2	2.8	189.2
88	Shea Langeliers	ATH	131	524	476	121	25	1	28	70	83	39	117	4	5	1	.253	.313	.487	.800	.341	117	-0.3	-4.3	10.0	3.2	2.7	54.8
89	Oneil Cruz	PIT	125	539	473	112	22	3	22	69	67	58	163	4	29	6	.237	.323	.439	.762	.328	108	2.9	-1.1	8.2	0.6	2.7	89.2
90	Kazuma Okamoto	TOR	130	560	495	124	25	0	25	66	84	53	100	8	2	1	.251	.330	.454	.785	.336	117	-1.1	-0.8	9.9	-2.6	2.7	999.0
91	Taylor Ward	BAL	152	658	576	140	28	2	28	85	87	69	159	6	5	2	.244	.328	.445	.773	.335	117	-1.5	-0.7	11.5	-7.8	2.7	160.8
92	Daulton Varsho	TOR	138	595	538	122	23	4	29	78	87	46	152	5	8	3	.227	.292	.444	.736	.315	102	-0.2	2.4	1.4	4.5	2.7	211.2
93	Ernie Clement	TOR	149	644	602	164	32	3	13	77	72	28	63	5	9	4	.272	.307	.399	.706	.306	96	-0.1	4.6	-3.2	7.0	2.7	316.2
94	Otto Lopez	MIA	141	609	557	148	27	3	12	67	65	43	91	4	16	6	.266	.321	.390	.711	.311	97	0.3	0.7	-1.8	7.2	2.6	233.5
95	Jonathan Aranda	TBR	141	609	532	143	25	0	22	78	82	61	153	10	2	1	.269	.353	.442	.794	.345	121	-2.5	3.5	12.9	-8.2	2.6	188.9
96	Ben Rice	NYY	128	546	477	116	22	2	27	75	80	56	115	8	4	2	.244	.331	.469	.800	.345	123	-1.0	0.0	14.0	-7.6	2.6	49.4
97	Jeff McNeil	ATH	134	581	516	140	29	4	13	66	64	47	71	11	4	1	.271	.342	.418	.761	.331	110	-1.3	-1.6	5.4	-0.3	2.6	685.7
98	J.P. Crawford	SEA	147	637	550	131	26	1	12	69	59	75	122	5	6	1	.239	.334	.356	.689	.308	103	-0.7	-5.8	1.9	1.1	2.5	735.5
99	JJ Wetherholt	STL	123	532	467	119	22	1	11	62	59	53	90	9	11	3	.254	.340	.379	.719	.319	106	0.3	0.8	4.1	2.9	2.5	999.0
100	Caleb Durbin	BOS	134	581	514	133	30	2	12	71	65	42	64	18	23	7	.258	.334	.395	.729	.321	102	1.1	0.4	2.3	2.4	2.5	244.0
101	Colson Montgomery	CHW	139	602	538	117	20	3	27	70	87	51	179	10	3	1	.218	.295	.414	.709	.308	96	-0.8	0.8	-3.4	7.2	2.5	229.2
102	Royce Lewis	MIN	131	567	517	130	26	0	22	65	76	42	119	3	12	2	.251	.309	.431	.740	.319	104	0.4	0.3	2.9	1.9	2.5	170.0
103	Yainer Diaz	HOU	128	509	480	131	23	2	19	58	68	22	88	3	1	0	.272	.306	.445	.751	.322	107	-0.6	-2.2	3.6	5.9	2.5	112.2
104	Alec Bohm	PHI	141	609	556	155	29	2	16	70	77	41	94	5	3	1	.278	.331	.427	.758	.328	109	-1.1	-2.7	5.2	-1.3	2.5	285.1
105	Lawrence Butler	ATH	136	588	529	130	27	2	22	77	75	52	150	2	19	5	.247	.314	.430	.744	.323	104	1.3	3.5	4.1	-0.2	2.5	151.6
106	Jose Altuve	HOU	144	623	560	149	26	1	21	80	74	53	108	6	12	4	.266	.334	.428	.761	.330	112	-0.6	-5.3	8.5	-6.0	2.5	121.8
107	George Springer	TOR	138	595	522	135	23	2	25	86	75	61	115	7	13	3	.259	.343	.450	.792	.344	122	0.9	-0.1	16.3	-12.8	2.4	97.0
108	Max Muncy	LAD	105	455	375	82	15	1	21	60	62	69	114	6	3	0	.220	.347	.438	.785	.342	120	-1.2	-2.6	9.8	-1.3	2.4	257.0
109	Brandon Nimmo	TEX	146	630	554	139	26	2	20	80	69	61	138	9	9	2	.250	.332	.411	.743	.326	110	-0.1	2.3	7.5	-5.6	2.4	153.1
110	Wilyer Abreu	BOS	120	518	455	113	25	1	21	67	71	56	127	3	8	3	.247	.332	.446	.777	.335	111	-0.5	5.1	6.2	-0.5	2.4	220.0
111	Konnor Griffin	PIT	109	469	424	110	20	2	11	67	55	30	116	11	23	7	.260	.323	.396	.720	.315	100	0.8	2.1	0.7	7.1	2.4	999.0
112	Matt McLain	CIN	143	616	543	128	25	2	19	75	68	60	170	7	18	4	.235	.318	.392	.709	.312	94	1.1	3.5	-3.0	5.9	2.4	184.9
113	Bo Naylor	CLE	117	461	403	88	20	1	17	54	55	50	111	2	4	2	.218	.305	.402	.707	.308	98	-0.7	-0.2	-1.7	8.8	2.4	605.5
114	Jarren Duran	BOS	139	602	542	140	35	8	16	79	69	48	140	7	21	5	.259	.326	.441	.767	.331	108	3.0	2.7	9.0	-6.4	2.4	69.7
115	Kyle Stowers	MIA	141	609	537	131	26	4	27	73	84	58	172	8	4	1	.243	.324	.454	.778	.334	113	-0.4	0.0	9.2	-6.4	2.4	130.3
116	Joey Ortiz	MIL	146	630	570	141	31	4	12	73	66	46	107	5	15	4	.248	.309	.381	.689	.302	93	0.7	-0.5	-4.3	6.3	2.3	735.5
117	Trevor Story	BOS	154	665	615	155	33	0	22	82	85	38	179	6	24	3	.251	.299	.416	.716	.309	93	2.6	-4.3	-2.8	2.8	2.3	105.3
118	Hunter Goodman	COL	144	583	538	139	31	3	29	74	89	35	149	6	2	1	.259	.309	.490	.800	.341	105	-0.9	-4.0	2.8	0.2	2.3	67.0
119	Ryan Jeffers	MIN	130	523	458	112	24	1	16	59	60	50	107	10	3	1	.245	.331	.408	.739	.324	107	-1.2	-2.6	3.1	2.0	2.3	325.8
120	Jorge Polanco	NYM	126	546	484	121	21	0	24	66	77	53	110	4	5	2	.251	.327	.442	.769	.333	117	-1.0	4.5	9.9	-5.6	2.3	223.0
121	Luis Robert Jr.	NYM	131	567	515	121	23	0	21	69	76	42	158	6	29	8	.235	.299	.406	.705	.304	97	1.3	2.3	-0.5	4.1	2.3	106.4
122	Lars Nootbaar	STL	126	546	470	116	24	2	16	70	54	67	109	3	7	3	.247	.343	.409	.752	.330	113	-0.4	0.9	8.3	-4.4	2.3	685.1
123	Munetaka Murakami	CHW	136	588	498	116	17	0	30	75	80	80	185	6	9	4	.232	.342	.449	.792	.342	120	-0.9	-0.9	12.7	-11.1	2.2	999.0
124	Jake Meyers	HOU	113	490	439	110	20	2	10	57	48	39	102	6	13	4	.251	.319	.378	.697	.307	97	0.5	4.5	-1.3	6.3	2.2	999.0
125	Colton Cowser	BAL	118	511	450	105	22	1	20	63	65	49	159	8	14	3	.234	.317	.420	.737	.321	107	1.0	-2.9	5.1	-1.0	2.2	267.6
126	Isaac Paredes	HOU	110	476	407	99	18	1	20	59	63	55	80	11	1	1	.243	.346	.437	.783	.343	121	-1.2	-0.5	10.7	-5.5	2.2	214.0
127	Willson Contreras	BOS	141	609	528	133	30	1	23	75	82	57	152	19	5	2	.251	.344	.445	.789	.344	117	-1.3	0.9	11.1	-10.6	2.2	173.9
128	Jakob Marsee	MIA	134	581	498	115	23	5	13	73	58	67	124	7	35	11	.231	.330	.376	.706	.314	99	2.1	-0.7	1.5	0.6	2.2	150.8
129	Jung Hoo Lee	SFG	141	609	552	150	28	7	10	68	64	47	65	6	9	4	.271	.333	.404	.737	.322	108	-0.1	0.1	6.0	-4.9	2.2	326.5
130	Tommy Edman	LAD	118	511	467	117	23	2	15	64	61	33	90	5	11	2	.250	.305	.406	.712	.309	98	0.9	2.6	-0.2	4.6	2.2	422.1
131	Jake Cronenworth	SDP	146	630	541	127	26	3	15	70	65	69	126	13	4	2	.234	.332	.374	.706	.314	104	-1.0	-3.2	2.1	-1.7	2.2	999.0
132	Brenton Doyle	COL	138	595	549	136	25	3	19	69	70	37	158	3	21	4	.248	.297	.411	.707	.306	82	1.7	10.3	-11.2	12.5	2.2	164.5
133	Ozzie Albies	ATL	146	630	571	145	29	2	19	75	75	47	93	5	11	3	.254	.314	.412	.726	.315	101	0.2	-3.2	1.0	-0.9	2.1	162.3
134	Chase Meidroth	CHW	128	553	476	120	19	1	8	68	45	62	83	9	13	4	.252	.348	.348	.695	.314	100	-0.4	-0.4	-0.1	2.0	2.1	593.3
135	Mike Trout	LAA	134	581	489	114	19	2	27	75	75	80	178	7	3	1	.233	.347	.442	.789	.340	118	-1.1	0.0	10.9	-10.1	2.1	171.5
136	Randy Arozarena	SEA	157	679	587	137	29	1	23	84	79	66	179	20	25	8	.233	.329	.404	.734	.323	114	0.0	-6.0	10.9	-13.5	2.1	92.2
137	Luis Arraez	SFG	144	623	578	178	29	3	6	73	58	31	26	4	9	3	.308	.346	.401	.747	.326	111	-0.3	-7.0	8.1	-8.1	2.1	287.1
138	Dylan Crews	WSN	138	595	539	131	22	4	18	72	69	42	131	10	26	8	.244	.309	.402	.710	.310	98	1.1	5.3	-0.2	1.1	2.1	158.9
139	Alec Burleson	STL	141	609	557	154	27	1	22	70	80	42	85	4	6	2	.276	.329	.445	.775	.335	117	-1.1	-0.1	11.2	-10.9	2.1	178.4
140	Matt Wallner	MIN	110	476	410	96	22	2	22	60	65	51	146	12	4	2	.234	.334	.455	.790	.343	120	-0.9	-0.6	10.2	-6.0	2.1	422.6
141	J.T. Realmuto	PHI	126	500	454	114	23	3	15	56	58	33	121	8	7	2	.251	.311	.411	.722	.314	99	-0.4	0.3	-1.1	9.8	2.1	217.0
142	Sal Frelick	MIL	118	511	460	125	21	3	8	60	52	40	71	6	15	4	.271	.335	.386	.721	.318	104	0.7	4.8	3.1	0.3	2.1	205.2
143	Nolan Arenado	ARI	138	595	543	138	27	1	17	64	75	41	84	5	3	1	.254	.309	.403	.713	.308	96	-0.9	2.6	-4.0	4.3	2.1	653.7
144	Teoscar Hernández	LAD	138	595	546	142	27	1	29	75	92	38	157	6	6	2	.261	.314	.473	.787	.337	117	-1.1	-4.0	10.7	-10.4	2.1	138.1
145	Tyler Soderstrom	ATH	136	588	528	135	27	1	26	71	87	50	133	6	5	2	.256	.325	.458	.782	.337	114	-0.9	-2.1	8.5	-8.7	2.1	90.1
146	Kyle Teel	CHW	115	464	406	100	17	1	12	57	49	51	117	4	6	2	.248	.335	.381	.715	.317	103	-0.6	-1.3	1.1	2.7	2.1	185.0
147	Miguel Vargas	CHW	139	602	524	124	29	2	18	76	68	66	113	7	7	2	.237	.327	.402	.730	.321	105	-0.5	-5.0	3.1	-3.8	2.1	319.4
148	Harrison Bader	SFG	123	532	484	122	22	1	15	62	59	34	126	9	15	6	.251	.309	.395	.704	.308	99	-0.2	1.3	-1.1	3.2	2.0	427.1
149	Freddy Fermin	SDP	118	467	424	103	18	0	11	47	47	32	93	3	3	1	.242	.297	.361	.658	.289	87	-0.6	2.7	-7.8	11.8	2.0	735.5
150	Anthony Volpe	NYY	110	476	430	99	22	3	14	55	54	37	113	4	17	5	.229	.294	.393	.686	.299	92	1.2	1.6	-3.5	6.7	2.0	687.0
151	Chase DeLauter	CLE	118	511	456	113	25	1	15	62	59	48	93	2	3	2	.249	.320	.405	.725	.317	104	-1.0	0.5	1.4	0.3	2.0	999.0
152	Spencer Torkelson	DET	151	651	568	134	30	1	29	81	90	70	169	7	2	0	.235	.324	.445	.769	.332	113	-0.6	-0.4	9.2	-12.3	2.0	195.4
153	TJ Friedl	CIN	144	623	537	132	21	3	15	76	61	64	105	14	13	3	.245	.337	.380	.717	.319	99	0.4	-0.9	-0.2	-1.3	2.0	262.7
154	Addison Barger	TOR	120	518	466	115	27	1	20	66	70	44	121	4	4	2	.247	.316	.440	.756	.326	110	-0.6	-1.6	5.3	-4.4	1.9	206.4
155	Jackson Holliday	BAL	104	448	395	98	19	2	13	59	47	46	97	4	12	5	.249	.331	.404	.735	.322	108	-0.5	-2.1	3.7	-0.4	1.9	143.9
156	Carlos Narváez	BOS	107	423	374	85	20	0	11	45	46	42	110	4	2	1	.228	.311	.375	.686	.302	89	-0.8	1.4	-6.5	9.4	1.9	586.3
157	Kyle Manzardo	CLE	136	588	516	124	26	1	26	69	81	59	138	7	2	0	.240	.323	.449	.772	.332	115	-0.6	0.1	9.5	-11.1	1.9	234.5
158	Evan Carter	TEX	107	462	403	97	19	3	12	57	49	48	103	8	19	5	.240	.331	.389	.720	.317	105	1.2	-1.3	3.7	-1.2	1.9	291.6
159	Parker Meadows	DET	122	525	466	108	19	6	14	63	58	49	130	3	14	3	.231	.306	.386	.693	.303	93	1.0	1.8	-3.4	3.6	1.9	999.0
160	Kevin McGonigle	DET	75	322	282	72	17	2	9	42	40	34	45	2	5	3	.255	.335	.426	.761	.331	112	-0.5	0.9	4.2	3.0	1.9	999.0
161	Spencer Horwitz	PIT	113	490	425	114	28	1	11	62	51	56	88	6	2	1	.269	.359	.418	.777	.341	117	-1.2	1.8	9.0	-7.1	1.9	999.0
162	Heliot Ramos	SFG	149	644	579	149	25	2	23	78	79	50	152	10	7	3	.257	.325	.425	.750	.326	111	-1.1	-3.1	7.3	-10.6	1.9	225.8
163	Carson Kelly	CHC	96	380	336	78	13	1	12	43	44	36	77	4	2	0	.233	.313	.387	.700	.308	98	-0.9	2.4	-1.7	8.5	1.8	591.3
164	Colt Keith	DET	107	462	413	109	23	2	14	61	56	42	97	3	3	1	.264	.334	.432	.767	.333	113	0.0	0.2	7.3	-5.1	1.8	490.0
165	Ramón Laureano	SDP	130	560	505	122	24	2	21	70	73	41	152	10	9	3	.242	.311	.427	.738	.320	108	-1.0	0.7	4.6	-5.3	1.8	220.4
166	Brayan Rocchio	CLE	125	539	480	115	26	2	11	61	54	43	99	8	13	5	.239	.310	.367	.676	.298	91	-0.5	-0.2	-6.1	5.3	1.8	999.0
167	Vinnie Pasquantino	KCR	149	644	576	150	31	1	28	74	94	55	95	6	1	0	.260	.328	.463	.790	.338	115	-1.8	-1.8	9.3	-14.0	1.8	80.3
168	Brandon Lowe	PIT	126	546	492	120	23	1	23	69	68	45	140	5	4	1	.243	.310	.434	.743	.321	104	-0.8	-3.9	1.5	-2.3	1.8	191.8
169	Christian Yelich	MIL	146	630	553	141	24	1	20	81	80	70	153	5	17	4	.256	.343	.414	.756	.330	112	1.4	-0.1	10.4	-14.2	1.8	127.8
170	Carter Jensen	KCR	99	401	355	87	16	3	12	46	47	40	104	2	4	1	.244	.322	.409	.731	.318	101	-0.1	0.4	0.3	2.9	1.8	999.0
171	Sean Murphy	ATL	86	348	304	67	14	0	15	39	43	34	94	8	0	0	.221	.313	.415	.728	.318	103	-0.6	1.8	0.5	4.2	1.7	658.0
172	Ha-Seong Kim	ATL	96	413	360	88	16	1	9	48	42	44	74	4	15	4	.244	.330	.368	.697	.309	97	0.7	-0.4	-0.8	4.1	1.7	719.8
173	Gavin Lux	TBR	105	455	402	104	21	2	8	53	42	47	97	2	3	1	.259	.338	.376	.714	.317	102	-0.5	-0.9	0.5	0.8	1.7	999.0
174	Josh Jung	TEX	130	560	522	130	25	1	18	61	67	31	142	4	4	1	.248	.294	.404	.698	.303	95	-1.2	0.4	-4.8	2.4	1.7	493.0
175	Nolan Schanuel	LAA	143	616	531	141	25	1	15	76	63	69	85	9	6	1	.265	.357	.402	.759	.334	114	-1.5	-1.9	8.5	-12.9	1.7	572.7
176	Jared Triolo	PIT	128	553	485	119	23	3	9	62	51	58	125	4	15	4	.245	.329	.363	.693	.308	94	0.3	-0.6	-3.3	1.6	1.7	999.0
177	Kerry Carpenter	DET	115	497	455	117	20	4	25	63	79	32	118	6	2	2	.258	.314	.481	.795	.339	118	-1.0	-0.3	9.4	-9.9	1.7	237.1
178	Jurickson Profar	ATL	149	644	556	141	28	1	19	82	73	73	104	9	9	2	.253	.347	.410	.757	.333	113	-0.5	-2.9	9.6	-14.5	1.7	188.4
179	Luis García Jr.	WSN	121	525	489	133	26	2	16	63	67	29	82	2	13	5	.272	.312	.430	.742	.319	104	-0.2	0.1	2.6	-3.6	1.7	235.1
180	Ryan McMahon	NYY	113	490	428	90	17	1	17	53	55	56	156	3	3	2	.211	.304	.371	.675	.298	91	-0.9	3.9	-6.2	5.6	1.7	719.7
181	Nick Gonzales	PIT	97	420	384	101	23	4	8	46	45	27	86	6	2	2	.264	.318	.405	.723	.315	99	-0.8	0.6	-1.2	3.5	1.7	999.0
182	Victor Scott II	STL	134	581	515	117	20	3	9	65	50	46	125	9	38	7	.226	.299	.324	.624	.279	79	4.1	5.3	-10.4	7.3	1.7	381.7
183	Pedro Pagés	STL	91	358	327	74	14	1	10	34	39	24	92	3	1	0	.228	.284	.366	.650	.283	82	-0.7	2.7	-8.5	9.7	1.6	999.0
184	Christian Walker	HOU	138	595	530	122	23	1	27	70	80	51	155	9	3	1	.231	.306	.430	.736	.318	104	-1.2	4.5	1.6	-6.1	1.6	202.5
185	Eugenio Suárez	CIN	143	616	546	128	23	1	35	79	97	53	185	11	3	1	.235	.312	.475	.787	.337	111	-1.9	0.0	6.4	-11.0	1.6	111.0
186	Brandon Marsh	PHI	115	497	440	113	23	3	14	59	59	49	141	3	10	3	.256	.331	.415	.746	.325	106	0.3	-1.4	4.0	-4.9	1.6	687.4
187	Brett Baty	NYM	105	455	410	102	16	1	18	54	57	38	111	4	5	1	.249	.317	.424	.741	.322	109	-0.4	0.6	4.8	-4.6	1.6	283.6
188	Ryan O'Hearn	PIT	126	546	486	130	25	1	15	64	63	50	103	6	3	1	.267	.341	.420	.760	.331	110	-1.2	-0.4	5.3	-8.4	1.5	308.2
189	Justin Crawford	PHI	99	427	388	107	18	3	6	56	43	31	88	2	22	6	.276	.331	.383	.714	.314	99	1.3	-1.2	0.8	0.0	1.5	999.0
190	Brooks Lee	MIN	138	595	547	135	25	2	16	63	68	39	100	3	4	1	.248	.299	.389	.689	.300	90	-1.0	-3.9	-7.9	2.4	1.5	538.3
191	Adolis García	PHI	141	609	556	134	27	1	27	75	88	41	160	6	13	4	.241	.298	.441	.739	.317	101	0.1	0.2	1.0	-6.3	1.5	228.9
192	Mike Yastrzemski	ATL	105	455	394	90	20	3	16	56	50	52	107	4	4	2	.229	.323	.416	.739	.321	105	-0.5	2.2	2.3	-2.7	1.5	999.0
193	Dylan Beavers	BAL	94	406	352	87	16	2	12	50	46	47	94	3	11	4	.246	.338	.407	.745	.327	111	0.0	-0.4	5.4	-4.7	1.5	422.1
194	Connor Norby	MIA	115	497	452	111	23	2	15	61	58	36	133	5	8	3	.245	.304	.403	.707	.308	95	-0.5	0.1	-3.4	1.5	1.5	649.5
195	Garrett Mitchell	MIL	94	406	359	86	17	3	10	49	45	39	121	4	14	4	.238	.317	.385	.702	.309	98	0.8	0.6	-0.1	1.2	1.5	999.0
196	Samuel Basallo	BAL	105	438	395	94	19	0	21	54	61	35	108	4	2	1	.239	.307	.448	.754	.324	109	-0.5	-1.6	4.2	-4.5	1.5	176.0
197	Ke'Bryan Hayes	CIN	123	532	488	119	20	2	10	55	53	36	107	4	11	3	.244	.300	.355	.656	.288	78	0.4	8.2	-13.4	10.1	1.5	999.0
198	Sal Stewart	CIN	113	490	442	117	24	0	18	63	67	39	93	5	8	2	.264	.328	.440	.768	.333	109	0.0	1.6	5.1	-7.0	1.5	198.9
199	Daylen Lile	WSN	128	553	505	135	25	10	11	66	64	37	99	6	14	5	.267	.323	.418	.741	.321	106	0.3	-1.9	4.1	-8.3	1.4	205.0
200	Carson Williams	TBR	100	434	390	83	14	3	16	53	53	36	148	4	13	5	.213	.285	.385	.671	.293	86	-0.1	2.0	-7.5	6.7	1.4	999.0
201	Cole Young	SEA	91	392	344	81	16	2	7	44	40	38	67	5	5	2	.236	.321	.357	.678	.301	99	-0.5	0.0	-1.1	1.5	1.4	999.0
202	Jo Adell	LAA	141	609	553	130	24	1	33	73	94	42	163	10	9	4	.235	.298	.462	.761	.326	108	-0.8	-8.3	4.8	-11.9	1.4	122.7
203	Cedric Mullins	TBR	110	476	424	97	20	1	15	57	55	43	106	4	20	5	.228	.302	.386	.687	.301	91	1.0	0.0	-3.9	1.3	1.4	357.0
204	Davis Schneider	TOR	75	322	274	60	12	1	12	40	39	42	91	4	4	1	.221	.329	.408	.736	.324	108	-0.2	1.2	3.0	-0.4	1.4	999.0
205	Nolan Gorman	STL	123	532	472	104	19	1	24	63	70	54	171	2	4	1	.220	.300	.415	.716	.310	100	-1.5	0.3	-1.3	-2.9	1.4	609.2
206	Jac Caglianone	KCR	112	483	436	111	20	1	21	59	65	37	103	7	3	1	.255	.320	.447	.767	.331	109	-0.5	-1.2	4.7	-7.8	1.4	214.0
207	Marcell Ozuna	PIT	122	525	452	111	19	0	23	63	70	65	128	3	0	0	.246	.343	.441	.783	.341	117	-1.6	0.0	9.1	-13.1	1.4	465.6
208	Agustín Ramírez	MIA	117	478	434	106	24	1	18	60	62	35	93	5	12	3	.244	.307	.426	.733	.316	101	0.1	-4.0	0.7	-3.7	1.4	82.2
209	Jose Trevino	CIN	71	282	261	63	12	1	7	29	29	16	42	2	1	0	.240	.286	.367	.653	.285	76	-0.5	3.2	-8.5	8.7	1.4	999.0
210	Jesús Sánchez	TOR	97	420	379	93	19	2	15	51	52	36	102	3	9	2	.246	.314	.425	.738	.320	105	0.2	0.5	2.9	-4.2	1.3	636.3
211	Salvador Perez	KCR	152	626	579	146	27	1	27	66	89	31	130	11	0	0	.251	.300	.440	.739	.315	99	-3.0	-2.5	-3.9	-2.0	1.3	97.6
212	Bryan Reynolds	PIT	149	644	576	146	30	3	19	73	76	56	158	8	5	2	.253	.325	.414	.739	.322	104	-0.8	-3.4	2.4	-10.8	1.3	205.7
213	Josh Lowe	LAA	115	497	451	113	25	2	15	59	56	39	133	3	21	4	.251	.313	.416	.729	.315	100	1.8	-1.1	2.1	-6.2	1.3	259.9
214	Josh Smith	TEX	113	490	428	105	21	2	10	58	45	47	92	10	9	3	.244	.331	.370	.702	.311	100	-0.2	-4.8	0.1	-4.0	1.3	574.2
215	Zach McKinstry	DET	100	434	387	92	17	6	9	49	42	38	94	5	14	3	.239	.312	.382	.694	.304	94	1.2	-1.2	-2.0	-0.1	1.3	508.5
216	Yoán Moncada	LAA	97	420	374	90	19	2	14	47	50	39	115	5	1	0	.239	.318	.407	.725	.317	101	-0.8	-2.3	-0.1	-1.8	1.3	720.2
217	Denzel Clarke	ATH	97	420	377	86	18	4	9	50	44	33	139	7	14	3	.229	.301	.369	.670	.295	85	0.9	3.1	-6.5	4.6	1.3	999.0
218	Joc Pederson	TEX	100	434	372	88	15	1	19	54	55	50	100	9	3	1	.236	.338	.435	.774	.337	118	-0.9	0.0	8.3	-10.8	1.3	999.0
219	Danny Jansen	TEX	89	352	305	65	14	0	14	41	42	38	83	5	1	0	.213	.309	.396	.705	.310	100	-0.9	-2.0	-1.0	4.9	1.3	999.0
220	Nathan Lukes	TOR	68	294	264	71	14	1	6	35	34	24	46	2	3	1	.270	.334	.405	.740	.323	108	-0.5	2.6	2.2	-0.1	1.2	999.0
221	Kyle Isbel	KCR	113	490	445	108	20	5	8	57	48	31	95	5	9	4	.243	.296	.370	.666	.291	82	0.1	3.7	-10.2	5.5	1.2	999.0
222	Tyler O'Neill	BAL	91	392	344	81	14	1	19	51	53	40	111	4	5	1	.236	.320	.443	.763	.329	112	-0.1	-1.0	5.7	-7.1	1.2	999.0
223	Jonathan India	KCR	128	553	478	117	26	2	12	65	51	57	105	13	5	2	.244	.338	.377	.715	.318	101	-0.6	-2.7	-0.1	-6.9	1.2	640.8
224	Jake Burger	TEX	136	588	542	131	26	1	27	69	83	32	145	9	2	1	.242	.293	.444	.737	.316	104	-1.0	0.9	1.6	-9.8	1.2	266.4
225	Victor Caratini	MIN	97	400	356	90	14	0	10	40	43	31	70	9	1	0	.252	.324	.380	.704	.311	98	-1.1	0.1	-2.1	0.3	1.2	735.8
226	Luis Torrens	NYM	55	218	199	49	10	1	6	21	24	14	48	2	1	1	.244	.298	.382	.680	.297	92	-0.4	2.0	-2.4	6.2	1.2	999.0
227	Brooks Baldwin	CHW	92	399	364	92	16	1	13	45	49	27	90	2	8	2	.251	.305	.413	.718	.312	99	0.1	-1.1	-0.4	-1.6	1.2	999.0
228	Isaac Collins	KCR	104	448	384	91	20	3	9	54	48	54	97	6	15	5	.237	.337	.374	.711	.316	99	0.1	1.5	-0.4	-3.3	1.2	527.6
229	CJ Kayfus	CLE	99	427	378	92	20	4	12	49	51	39	117	6	5	2	.244	.322	.412	.734	.320	106	-0.2	0.3	3.0	-6.0	1.2	999.0
230	Kyle Higashioka	TEX	71	283	261	59	12	1	10	29	35	17	70	1	2	0	.227	.275	.398	.673	.291	86	-0.6	-0.4	-5.2	4.5	1.2	999.0
231	Josh Bell	MIN	133	574	504	127	23	1	20	63	70	61	107	5	1	2	.252	.336	.420	.756	.330	111	-2.3	-2.4	5.3	-13.7	1.2	671.0
232	Nick Fortes	TBR	79	314	285	66	11	0	8	33	33	19	54	6	3	1	.231	.290	.356	.646	.285	80	-0.3	-0.1	-7.7	6.0	1.2	999.0
233	Willi Castro	COL	126	546	485	124	24	5	13	68	55	43	122	13	15	5	.256	.332	.408	.740	.324	94	0.2	-4.7	-3.7	-3.1	1.2	289.9
234	Christian Moore	LAA	110	476	425	97	16	4	12	53	51	43	146	3	9	3	.229	.302	.371	.673	.296	87	-0.1	0.7	-7.4	2.4	1.2	999.0
235	Mark Vientos	NYM	102	441	401	100	18	1	20	52	63	32	115	5	1	0	.250	.311	.451	.761	.328	114	-1.0	-0.3	6.1	-9.7	1.1	394.6
236	Tyler Stephenson	CIN	112	450	398	93	19	1	14	50	53	44	126	5	1	1	.234	.316	.396	.711	.311	94	-1.1	-2.0	-4.3	2.5	1.1	279.4
237	Jacob Young	WSN	81	350	315	79	13	2	3	40	30	24	63	5	18	5	.251	.313	.332	.645	.288	83	1.1	4.1	-6.0	5.3	1.1	735.4
238	Wenceel Pérez	DET	115	497	449	108	21	5	13	59	57	40	107	4	11	4	.240	.305	.397	.702	.306	95	0.4	0.5	-2.6	-4.0	1.1	735.9
239	Edouard Julien	COL	100	434	369	92	17	2	11	50	43	57	123	4	5	2	.249	.354	.395	.749	.332	99	-0.9	-2.5	-1.4	-2.7	1.1	999.0
240	Lourdes Gurriel Jr.	ARI	109	469	433	115	22	2	15	52	61	27	75	5	7	2	.266	.314	.428	.742	.320	104	-0.4	-0.1	1.9	-7.2	1.1	736.0
241	Victor Robles	SEA	81	350	311	76	16	1	6	40	34	23	76	9	18	5	.246	.314	.366	.680	.301	98	1.0	1.4	0.2	-2.1	1.0	505.4
242	Jake Rogers	DET	45	179	161	34	7	1	6	21	21	15	52	1	1	0	.213	.283	.376	.660	.288	83	-0.2	2.0	-3.8	5.5	1.0	999.0
243	Gabriel Arias	CLE	105	455	418	96	20	2	13	46	49	28	140	5	8	4	.229	.284	.378	.662	.288	84	-0.2	0.9	-8.8	3.2	1.0	999.0
244	Cam Smith	HOU	104	448	401	97	18	3	11	52	48	38	116	6	7	1	.243	.315	.383	.698	.307	97	0.3	0.7	-1.5	-3.9	1.0	487.1
245	Joey Bart	PIT	76	301	263	63	11	0	7	32	31	30	84	6	1	1	.238	.327	.368	.695	.310	96	-0.8	-2.6	-2.3	3.3	1.0	999.0
246	Thomas Saggese	STL	86	371	341	85	17	1	8	40	39	22	93	4	4	2	.249	.301	.374	.676	.296	91	-0.4	1.4	-4.5	2.1	1.0	999.0
247	Marcelo Mayer	BOS	89	385	351	86	20	2	10	47	45	28	89	2	4	2	.245	.302	.401	.703	.305	90	-0.4	0.5	-4.9	1.5	1.0	607.4
248	Jordan Lawlar	ARI	76	329	293	69	17	2	7	40	35	28	86	4	12	3	.237	.312	.381	.693	.304	93	0.9	0.6	-1.9	0.6	1.0	438.1
249	Colt Emerson	SEA	76	329	291	67	14	2	6	35	33	29	72	6	5	2	.229	.307	.345	.652	.289	90	-0.3	1.2	-4.2	2.5	1.0	999.0
250	Blaze Alexander	BAL	65	280	246	57	11	1	6	30	30	24	84	6	5	2	.232	.314	.366	.680	.302	94	-0.4	1.4	-2.4	2.4	1.0	999.0
251	Miguel Amaya	CHC	71	284	254	61	12	1	8	30	34	20	60	5	1	0	.240	.307	.388	.696	.305	96	-0.6	-1.4	-1.9	2.9	1.0	735.8
252	Owen Caissie	MIA	96	413	365	88	19	2	13	48	48	41	128	3	4	2	.240	.320	.406	.726	.317	101	-0.5	0.6	0.2	-4.5	1.0	542.2
253	Max Muncy	ATH	75	322	293	71	16	1	9	35	40	20	90	6	3	2	.243	.301	.393	.694	.302	90	-0.6	1.4	-4.4	2.7	1.0	999.0
254	Jake Mangum	PIT	73	315	295	83	17	2	3	32	30	15	52	3	12	4	.282	.321	.378	.699	.306	93	0.5	3.5	-2.0	0.9	1.0	622.3
255	Romy Gonzalez	BOS	62	266	247	66	14	3	7	32	34	14	65	2	7	3	.269	.312	.433	.744	.320	101	-0.3	0.7	-0.2	0.3	1.0	654.8
256	Trevor Larnach	MIN	99	427	377	94	18	1	13	50	49	43	100	3	3	2	.249	.327	.410	.737	.321	105	-0.9	-0.3	1.6	-7.1	0.9	734.3
257	Logan O'Hoppe	LAA	112	445	406	94	13	1	19	47	54	31	124	5	2	2	.232	.293	.409	.702	.305	93	-1.5	-3.8	-5.0	3.3	0.9	258.4
258	Brady House	WSN	122	525	492	121	22	1	14	55	61	24	142	4	5	2	.245	.283	.382	.665	.288	83	-0.6	0.9	-11.1	2.8	0.9	999.0
259	José Caballero	NYY	73	315	273	60	13	1	6	38	30	32	79	6	31	8	.221	.314	.336	.650	.292	87	2.3	-0.9	-2.6	0.8	0.9	209.5
260	Austin Martin	MIN	81	350	302	77	16	1	3	40	30	39	58	5	12	4	.254	.347	.345	.691	.311	98	0.2	-0.4	-0.5	-2.5	0.9	999.0
261	Mickey Moniak	COL	113	490	458	122	22	6	21	65	68	24	120	4	9	4	.266	.308	.481	.789	.336	102	-0.6	0.3	0.6	-7.9	0.9	254.7
262	Henry Davis	PIT	71	282	250	56	12	1	8	31	30	23	73	6	4	1	.224	.302	.373	.675	.297	87	-0.4	-1.1	-4.7	4.4	0.9	999.0
263	Luis Rengifo	MIL	100	434	399	100	16	3	9	45	45	28	79	4	10	4	.251	.304	.375	.680	.298	91	0.0	-2.3	-4.9	-0.7	0.9	688.7
264	Austin Hays	CHW	112	483	441	108	23	3	16	58	56	33	121	5	6	1	.246	.302	.418	.720	.310	98	-0.1	-0.7	-1.3	-6.6	0.9	655.0
265	Jake McCarthy	COL	83	357	322	88	15	4	6	44	37	24	59	6	14	3	.275	.336	.405	.741	.324	94	1.2	1.0	-1.3	-1.9	0.9	622.8
266	Joe Mack	MIA	66	263	238	52	10	1	8	29	30	20	73	3	2	1	.219	.285	.368	.652	.286	80	-0.2	1.5	-6.4	6.3	0.9	999.0
267	Alek Thomas	ARI	97	420	387	94	18	3	10	47	45	23	96	4	7	3	.243	.290	.382	.672	.292	85	0.6	0.8	-7.1	1.7	0.9	999.0
268	Ramón Urías		65	280	253	63	12	1	8	30	31	21	65	3	2	0	.247	.308	.394	.702	.307	95	-0.4	0.0	-1.9	1.0	0.9	999.0
269	José Fermín	STL	57	245	210	51	12	0	4	29	25	27	29	5	8	3	.242	.340	.365	.705	.315	103	0.0	-0.2	1.0	-0.7	0.9	999.0
270	Hunter Feduccia	TBR	66	262	229	52	10	1	5	28	24	30	67	1	1	0	.225	.314	.352	.666	.297	88	-0.4	-2.3	-4.1	2.8	0.9	999.0
271	Dominic Canzone	SEA	99	427	390	96	18	1	17	50	54	31	98	3	4	2	.245	.304	.423	.727	.313	107	-0.8	-0.3	2.7	-9.0	0.9	638.4
272	Edmundo Sosa	PHI	57	245	227	57	12	2	7	28	30	9	56	5	3	1	.253	.296	.414	.711	.307	95	0.0	1.5	-1.5	1.7	0.9	999.0
273	Luisangel Acuña	CHW	92	399	368	92	16	2	5	47	34	24	73	2	21	6	.251	.299	.340	.639	.282	79	1.5	1.4	-8.5	3.1	0.8	487.8
274	Zach Cole	HOU	100	434	387	84	17	4	15	51	54	38	171	6	11	4	.216	.294	.395	.690	.300	92	0.0	-0.2	-4.2	-2.5	0.8	999.0
275	Sung-Mun Song	SDP	68	294	267	65	11	1	6	32	29	23	50	1	6	1	.243	.304	.364	.668	.292	89	0.2	0.9	-3.4	1.7	0.8	999.0
276	Dalton Rushing	LAD	42	169	146	33	7	0	6	21	22	18	47	3	1	0	.228	.323	.411	.733	.321	106	-0.3	-0.2	0.9	2.1	0.8	999.0
277	Luis Campusano	SDP	55	222	197	49	8	0	7	26	26	22	44	2	1	0	.247	.324	.399	.723	.318	107	-0.2	-1.4	1.6	0.5	0.8	999.0
278	Giancarlo Stanton	NYY	96	413	367	83	13	0	24	48	65	40	127	2	0	0	.226	.304	.460	.764	.327	111	-1.3	0.0	3.9	-10.2	0.8	246.8
279	Tyler Heineman	TOR	39	154	133	30	5	1	3	17	15	13	31	3	2	1	.224	.309	.328	.637	.287	83	-0.2	1.4	-3.4	4.4	0.8	999.0
280	Harry Ford	WSN	58	238	205	47	9	0	5	28	24	27	53	4	4	2	.232	.331	.355	.686	.308	96	-0.3	0.0	-1.3	0.9	0.8	720.5
281	Paul Goldschmidt	NYY	89	385	346	89	19	0	12	47	45	34	87	2	4	1	.257	.326	.413	.739	.321	107	-0.7	-0.4	2.3	-8.1	0.8	735.1
282	Travis Bazzana	CLE	55	238	206	45	9	1	5	30	24	27	69	3	4	1	.217	.315	.348	.663	.297	90	-0.1	1.1	-2.8	1.9	0.8	999.0
283	Colby Thomas	ATH	60	259	237	57	14	1	9	31	36	15	78	5	4	2	.242	.298	.428	.726	.313	98	-0.2	1.1	-1.0	-0.6	0.7	999.0
284	Jorge Soler	LAA	117	504	442	100	21	0	22	59	62	52	138	6	1	0	.226	.313	.423	.736	.320	104	-1.5	-2.1	0.8	-10.8	0.7	685.8
285	Vaughn Grissom	LAA	58	252	227	57	11	1	5	29	25	19	49	4	4	1	.250	.316	.373	.689	.304	93	0.0	-0.1	-2.1	0.7	0.7	999.0
286	Chandler Simpson	TBR	105	455	422	122	15	3	1	56	37	26	47	1	42	10	.289	.329	.345	.674	.298	89	3.7	-2.0	-2.1	-6.3	0.7	167.9
287	Jesse Winker		75	322	271	65	12	1	8	36	35	43	70	5	4	1	.239	.352	.385	.736	.327	109	-1.0	-0.2	2.6	-6.3	0.7	999.0
288	Christian Vázquez		55	218	199	45	8	0	4	20	20	14	41	2	2	1	.227	.281	.327	.608	.269	70	-0.7	2.0	-8.5	6.2	0.7	999.0
289	José Tena	WSN	62	266	243	61	13	1	5	28	27	19	67	1	8	3	.253	.308	.373	.680	.299	90	0.0	0.1	-3.1	1.1	0.7	999.0
290	Tyler Freeman	COL	83	357	313	86	16	2	5	45	34	28	45	12	13	4	.274	.354	.386	.740	.329	97	0.3	0.0	-1.0	-4.1	0.7	735.3
291	Carson Benge	NYM	91	392	347	84	16	3	9	50	44	36	85	5	8	2	.241	.320	.385	.705	.309	101	0.2	-3.5	0.6	-6.9	0.7	999.0
292	Thairo Estrada	COL	53	231	215	55	10	1	6	26	26	10	44	4	4	2	.256	.299	.390	.690	.300	91	-0.2	0.8	-2.7	1.6	0.7	999.0
293	Mike Tauchman		78	336	290	68	13	1	8	41	31	40	78	3	2	1	.236	.333	.365	.698	.311	99	-0.8	0.3	-1.4	-3.3	0.7	999.0
294	Austin Hedges	CLE	36	141	125	24	4	0	3	12	12	11	37	1	1	1	.191	.264	.298	.562	.252	59	-0.3	2.7	-7.0	5.4	0.7	999.0
295	Gavin Sheets	SDP	118	511	460	111	23	1	17	51	62	42	105	4	2	1	.240	.307	.403	.711	.309	101	-1.3	0.2	-0.8	-9.6	0.7	685.8
296	David Hamilton	MIL	44	189	170	38	7	1	5	24	19	16	46	1	16	4	.223	.294	.359	.653	.288	84	1.6	1.6	-2.0	2.3	0.7	735.8
297	Andrew Vaughn	MIL	130	560	509	125	26	1	20	58	75	41	111	6	0	0	.246	.307	.417	.724	.314	102	-1.6	-1.7	-0.4	-11.7	0.7	398.6
298	Miguel Rojas	LAD	42	182	166	42	9	0	4	20	18	12	25	2	3	1	.256	.311	.374	.685	.301	92	-0.1	1.6	-1.8	2.3	0.7	999.0
299	Pavin Smith	ARI	105	455	393	93	20	1	13	52	52	57	116	2	3	1	.237	.333	.391	.724	.319	103	-1.2	0.1	0.5	-9.2	0.7	999.0
300	Casey Schmitt	SFG	49	210	191	47	9	0	7	23	25	14	47	2	1	0	.248	.305	.403	.709	.308	99	-0.3	-0.7	-0.6	0.0	0.7	999.0
301	J.C. Escarra	NYY	32	130	115	27	6	1	3	14	14	12	23	1	1	0	.235	.313	.369	.682	.301	93	-0.2	-0.1	-1.2	1.6	0.6	999.0
302	Spencer Steer	CIN	87	378	334	79	17	1	13	44	47	37	81	5	6	2	.236	.319	.409	.728	.319	99	-0.1	0.1	-0.5	-5.8	0.6	292.3
303	Jake Fraley	TBR	94	406	362	89	16	0	10	46	44	37	82	5	13	4	.245	.321	.375	.696	.307	95	0.0	-0.7	-2.3	-5.4	0.6	999.0
304	Nasim Nuñez	WSN	73	315	277	63	9	1	3	36	26	31	74	2	24	6	.227	.307	.303	.610	.276	75	1.8	1.7	-7.6	3.4	0.6	999.0
305	Michael Massey	KCR	78	336	312	78	16	1	9	35	37	17	63	3	2	1	.249	.291	.390	.681	.295	85	-0.4	0.3	-6.4	0.9	0.6	999.0
306	JJ Bleday	CIN	78	336	295	68	15	1	14	42	43	37	76	1	2	1	.230	.317	.425	.741	.322	101	-0.7	-1.6	-0.1	-5.0	0.6	999.0
307	Tyler Austin	CHC	58	252	225	55	13	1	10	31	35	24	63	1	1	0	.247	.320	.446	.765	.328	112	-0.6	0.1	2.9	-5.3	0.6	999.0
308	Graham Pauley	MIA	70	301	269	61	13	1	8	34	33	26	60	3	4	1	.229	.303	.379	.682	.299	89	-0.2	1.5	-4.1	0.1	0.6	999.0
309	Edgar Quero	CHW	112	466	414	104	18	0	9	45	48	41	84	6	1	1	.252	.326	.365	.691	.307	96	-1.3	-1.3	-3.8	-4.6	0.6	635.8
310	Justyn-Henry Malloy	TBR	47	203	172	42	8	0	5	24	23	27	54	3	1	0	.243	.351	.387	.739	.329	110	-0.3	-0.7	2.2	-3.2	0.6	999.0
311	Drew Millas	WSN	36	141	127	32	6	1	2	15	14	11	24	1	3	1	.248	.310	.366	.676	.296	88	0.2	0.0	-1.8	2.8	0.6	999.0
312	Braxton Fulford	COL	52	205	183	45	9	1	6	24	25	15	55	5	2	1	.244	.316	.404	.720	.315	87	-0.2	0.5	-3.3	4.5	0.6	999.0
313	Jordan Beck	COL	130	560	509	128	25	4	16	64	63	45	155	3	16	5	.252	.315	.414	.729	.317	89	0.4	0.1	-6.9	-5.9	0.6	239.1
314	Alex Call	LAD	32	140	119	28	6	0	4	17	16	17	26	2	2	1	.240	.344	.389	.733	.326	109	-0.2	0.5	1.3	-0.1	0.6	999.0
315	Jake Bauers	MIL	73	315	272	59	12	1	13	37	38	38	96	2	8	2	.216	.316	.408	.724	.316	103	0.1	-1.2	1.3	-5.9	0.6	999.0
316	Kyle Karros	COL	50	217	194	51	11	1	3	25	22	19	50	3	2	0	.261	.332	.381	.713	.314	87	-0.2	1.4	-3.6	2.2	0.6	999.0
317	Blake Perkins	MIL	50	217	190	42	8	1	4	25	21	23	59	1	7	2	.223	.308	.341	.649	.289	85	0.3	1.5	-3.7	2.3	0.6	999.0
318	Moisés Ballesteros	CHC	89	382	344	91	16	1	9	41	45	31	66	3	2	1	.264	.327	.400	.727	.317	104	-0.8	-0.1	1.2	-8.1	0.6	653.4
319	Angel Martínez	CLE	66	287	262	62	13	1	6	32	29	18	61	3	5	2	.236	.290	.370	.660	.289	85	0.1	-0.1	-5.1	1.0	0.6	999.0
320	Kody Clemens	MIN	53	231	210	48	9	2	9	28	30	16	56	2	2	1	.231	.292	.424	.716	.309	96	-0.1	1.1	-1.0	-1.2	0.6	735.0
321	Travis d'Arnaud	LAA	58	231	211	46	11	1	7	23	25	14	65	4	0	0	.216	.276	.376	.652	.285	79	-0.6	0.1	-6.2	4.3	0.6	999.0
322	Ryan Ritter	COL	44	189	168	43	9	2	5	23	22	14	49	4	3	1	.253	.323	.404	.728	.318	90	0.0	0.7	-2.2	1.6	0.6	999.0
323	Leo Rivas	SEA	37	161	133	29	4	0	2	19	14	23	40	2	7	2	.215	.334	.301	.636	.293	93	0.4	0.3	-1.0	1.1	0.6	999.0
324	Matt Shaw	CHC	45	196	174	42	8	1	6	25	23	18	38	2	7	2	.244	.321	.407	.727	.318	105	0.3	0.0	1.5	-2.5	0.6	280.5
325	Javier Sanoja	MIA	53	231	212	55	12	2	3	24	24	14	24	1	5	3	.258	.305	.379	.685	.299	89	-0.4	0.4	-3.4	1.2	0.6	999.0
326	Miguel Andujar	SDP	86	371	345	95	17	1	10	40	45	20	55	2	2	1	.274	.317	.415	.732	.317	106	-0.6	-1.3	2.2	-9.0	0.6	999.0
327	Jeremiah Jackson	BAL	55	238	223	54	12	1	8	26	30	12	54	2	4	2	.244	.285	.411	.696	.300	93	-0.3	-0.8	-2.4	-0.4	0.6	999.0
328	Joey Loperfido	HOU	92	399	361	86	18	2	12	45	48	27	111	7	7	3	.239	.301	.392	.693	.302	93	-0.2	-0.9	-3.4	-4.9	0.6	999.0
329	Liam Hicks	MIA	73	305	261	64	11	1	4	30	29	34	48	7	2	0	.244	.343	.344	.687	.310	97	-0.5	-1.7	-1.6	-3.2	0.6	999.0
330	Mauricio Dubón	ATL	78	336	313	81	16	1	5	37	33	17	41	2	3	1	.258	.297	.366	.663	.290	84	-0.3	-1.5	-6.8	1.0	0.6	999.0
331	Andrew Benintendi	CHW	121	525	472	119	20	1	16	58	62	45	91	3	3	1	.251	.317	.401	.719	.313	100	-0.9	-5.1	-1.1	-11.6	0.5	999.0
332	Amed Rosario	NYY	53	231	218	57	10	2	4	25	26	9	41	2	4	1	.263	.298	.384	.681	.296	90	0.5	-0.4	-2.3	-0.3	0.5	999.0
333	Andy Ibáñez	ATH	57	245	223	55	12	1	6	27	28	17	47	3	3	1	.245	.305	.382	.687	.301	89	-0.5	0.3	-3.6	0.5	0.5	999.0
334	César Salazar	HOU	42	166	144	30	6	0	3	17	17	15	34	5	1	0	.209	.304	.322	.625	.282	80	-0.3	0.0	-4.2	3.2	0.5	999.0
335	Noelvi Marte	CIN	125	539	495	125	23	2	17	67	65	34	119	6	15	5	.253	.307	.412	.718	.311	94	0.2	-3.3	-3.6	-9.0	0.5	132.0
336	Rob Refsnyder	SEA	62	266	232	54	12	0	8	31	31	28	75	4	3	1	.234	.323	.390	.713	.313	107	-0.4	-0.4	1.8	-5.7	0.5	999.0
337	Ben Williamson	TBR	47	203	185	47	10	1	2	22	19	14	41	2	4	1	.255	.313	.350	.663	.293	86	0.0	0.7	-3.4	1.6	0.5	999.0
338	Andrés Chaparro	WSN	60	259	233	56	12	1	9	28	32	22	62	3	1	0	.239	.309	.413	.722	.314	100	-0.3	1.5	-0.2	-3.4	0.5	999.0
339	Sam Haggerty	TEX	62	266	238	59	11	2	4	33	25	22	58	3	14	3	.247	.317	.360	.678	.299	92	1.1	0.2	-1.4	-2.7	0.5	999.0
340	Luke Raley	SEA	65	280	245	55	11	1	10	32	33	21	85	11	4	1	.222	.309	.389	.698	.308	103	-0.3	-0.8	0.8	-5.4	0.5	999.0
341	Rhys Hoskins		84	364	316	70	14	1	15	40	46	40	99	4	2	1	.223	.316	.411	.727	.317	102	-1.0	-0.8	0.0	-7.3	0.5	999.0
342	Austin Wynns	ATH	42	166	152	35	7	0	4	16	19	11	46	1	1	0	.233	.291	.363	.654	.287	79	-0.3	0.7	-4.3	4.0	0.5	999.0
343	Lane Thomas	KCR	97	420	376	87	18	2	12	50	48	35	108	5	14	5	.232	.303	.391	.694	.303	91	0.2	-2.3	-4.5	-5.0	0.5	703.3
344	Jordan Walker	STL	126	546	495	118	24	1	15	56	60	41	143	6	10	3	.239	.303	.386	.689	.301	94	-0.1	-3.2	-4.0	-9.4	0.5	367.5
345	Jonny DeLuca	TBR	68	294	267	63	11	3	8	33	32	21	60	4	9	2	.235	.299	.383	.682	.298	89	0.5	-0.7	-3.4	-2.0	0.5	999.0
346	Michael Conforto		71	308	269	61	13	0	11	36	36	32	76	4	1	0	.226	.316	.399	.715	.314	100	-0.5	-2.0	-0.4	-5.3	0.5	999.0
347	Johnathan Rodríguez	CLE	45	196	176	44	8	1	7	22	24	17	56	1	1	1	.250	.319	.414	.734	.319	106	-0.4	-0.3	0.9	-3.0	0.5	999.0
348	Alan Roden	MIN	37	161	142	36	8	1	3	19	17	14	28	4	2	1	.257	.338	.384	.722	.319	104	-0.1	0.4	0.6	-1.5	0.5	999.0
349	Javier Báez	DET	81	350	329	78	14	2	9	37	41	13	83	4	5	1	.237	.274	.376	.649	.281	78	0.3	-2.3	-8.8	1.3	0.5	999.0
350	Darell Hernaiz	ATH	34	147	132	35	7	1	2	16	15	12	21	1	3	1	.262	.324	.368	.692	.305	92	-0.1	0.2	-1.5	1.0	0.5	999.0
351	Taylor Walls	TBR	73	315	278	60	12	2	5	35	28	32	73	1	13	4	.216	.297	.325	.623	.279	76	0.7	-0.8	-8.3	2.0	0.5	999.0
352	Jon Berti		42	182	164	41	6	1	2	21	15	14	39	2	10	3	.248	.313	.337	.650	.290	84	0.8	0.2	-2.7	1.1	0.5	999.0
353	Will Benson	CIN	50	217	190	43	8	2	8	27	26	23	66	2	5	2	.225	.312	.412	.724	.315	97	-0.2	0.2	-1.0	-1.7	0.5	999.0
354	Rafael Marchán	PHI	32	128	113	26	5	0	2	13	13	11	21	2	0	0	.231	.307	.344	.651	.290	83	-0.2	0.9	-2.9	3.4	0.5	999.0
355	Gary Sánchez	MIL	36	144	128	28	5	0	7	16	20	12	39	3	0	0	.222	.300	.424	.724	.314	102	-0.3	-1.0	0.0	0.3	0.5	999.0
356	Johan Rojas	PHI	40	175	161	40	7	1	2	20	17	9	37	2	9	2	.247	.294	.350	.644	.283	78	1.0	1.8	-3.6	2.2	0.5	999.0
357	Ezequiel Duran	TEX	70	301	280	69	16	1	6	33	30	15	71	3	9	3	.246	.292	.376	.668	.291	87	0.2	-2.6	-4.6	-1.4	0.4	999.0
358	Cody Freeman	TEX	57	245	226	55	11	0	6	28	27	14	37	2	3	1	.245	.292	.380	.672	.292	87	-0.3	-0.7	-4.0	-0.1	0.4	999.0
359	George Valera	CLE	89	385	341	79	14	1	13	46	43	38	109	2	2	1	.232	.312	.399	.710	.311	100	-0.7	0.0	-0.7	-8.3	0.4	999.0
360	Matt Vierling	DET	52	224	202	49	9	1	5	25	23	18	52	2	3	1	.245	.311	.380	.691	.303	93	-0.1	-1.7	-1.9	-1.5	0.4	999.0
361	James Outman	MIN	44	189	165	36	7	1	6	24	20	19	64	3	4	1	.216	.307	.389	.696	.305	94	0.2	-0.1	-1.1	-1.3	0.4	999.0
362	Brett Harris	ATH	34	147	129	30	6	0	3	17	16	13	30	3	2	1	.235	.317	.363	.680	.302	90	-0.2	0.8	-2.0	0.8	0.4	999.0
363	Tyrone Taylor	NYM	65	280	257	60	14	2	6	32	28	14	63	5	7	2	.232	.284	.372	.656	.286	85	0.6	1.0	-4.5	-0.9	0.4	999.0
364	Jahmai Jones	DET	31	133	115	28	6	1	4	18	16	14	32	3	3	1	.244	.341	.420	.761	.333	114	-0.1	0.2	2.1	-2.8	0.4	999.0
365	Randal Grichuk		66	287	264	64	14	1	10	34	33	18	61	3	1	1	.244	.297	.420	.717	.309	97	-0.4	-0.2	-1.4	-4.4	0.4	999.0
366	Ty France		68	294	264	67	13	0	7	31	33	18	54	10	1	0	.252	.321	.383	.704	.310	98	-0.6	0.4	-1.3	-4.8	0.4	999.0
367	Daniel Schneemann	CLE	44	189	168	37	8	1	5	21	19	18	51	1	4	1	.219	.298	.359	.658	.291	86	-0.2	0.0	-3.3	0.5	0.4	999.0
368	Starling Marte		66	287	261	69	12	1	7	33	31	18	62	5	8	2	.262	.320	.387	.707	.310	98	0.3	-0.1	-0.5	-5.6	0.4	999.0
369	Jimmy Crooks	STL	24	96	88	21	4	0	2	10	10	7	26	1	0	0	.238	.297	.367	.664	.291	87	-0.1	0.4	-1.6	2.3	0.4	999.0
370	Yohel Pozo	STL	41	167	159	42	9	0	5	17	21	5	20	1	1	0	.264	.288	.415	.703	.302	95	-0.3	-1.2	-1.3	-0.9	0.4	999.0
371	Zack Gelof	ATH	24	105	94	21	5	0	4	13	13	9	34	1	3	1	.228	.299	.399	.698	.304	91	0.2	0.3	-0.8	0.7	0.4	999.0
372	Triston Casas	BOS	34	147	127	30	6	0	6	17	19	19	37	1	0	0	.240	.340	.434	.774	.335	111	-0.3	-0.2	1.6	-3.2	0.4	702.4
373	James McCann	ARI	49	194	178	43	9	0	5	20	22	10	50	3	1	0	.239	.288	.378	.666	.290	83	-0.4	-0.6	-4.2	2.2	0.4	999.0
374	Jasson Domínguez	NYY	26	112	100	25	4	0	3	15	13	11	28	1	5	1	.250	.325	.404	.729	.319	105	0.4	-0.4	1.1	-1.5	0.3	272.0
375	Ryan Waldschmidt	ARI	37	161	139	33	6	1	3	20	17	18	35	3	4	2	.239	.336	.360	.696	.311	98	-0.1	0.2	-0.6	-1.4	0.3	999.0
376	Jett Williams	MIL	34	147	129	29	7	1	3	18	16	15	39	2	5	2	.222	.307	.369	.676	.298	91	0.0	-0.7	-1.6	0.1	0.3	999.0
377	Christopher Morel	MIA	73	315	280	62	12	1	13	37	39	30	94	3	6	2	.223	.303	.409	.713	.310	97	0.0	0.1	-1.3	-5.8	0.3	999.0
378	Nathan Church	STL	47	203	185	47	8	1	3	23	21	13	28	3	5	2	.253	.310	.359	.669	.295	90	0.0	0.3	-2.5	-0.9	0.3	999.0
379	Otto Kemp	PHI	63	273	242	57	12	1	8	33	35	19	78	9	5	2	.234	.313	.395	.707	.310	96	-0.4	-1.1	-1.6	-4.1	0.3	999.0
380	Max Kepler		32	140	125	30	6	0	5	17	17	13	29	1	1	0	.237	.312	.410	.721	.314	100	-0.2	0.3	-0.2	-1.2	0.3	999.0
381	Masataka Yoshida	BOS	40	175	159	44	9	0	4	19	21	12	23	3	2	0	.279	.338	.422	.760	.331	108	-0.2	0.0	1.5	-4.2	0.3	999.0
382	Carlos Cortes	ATH	37	161	144	34	8	0	5	19	19	14	34	1	1	0	.239	.309	.404	.712	.311	96	-0.3	0.6	-1.1	-1.1	0.3	999.0
383	Ronny Mauricio	NYM	32	140	129	32	6	0	5	16	16	9	35	1	4	1	.244	.297	.402	.698	.301	95	0.1	0.5	-0.8	-0.6	0.3	999.0
384	Mitch Garver		49	192	167	34	6	1	6	20	21	21	54	2	1	0	.205	.301	.366	.667	.295	87	-0.5	-2.4	-3.4	1.4	0.3	999.0
385	Esteury Ruiz	MIA	18	77	68	17	3	1	2	10	8	6	17	2	7	2	.246	.325	.386	.711	.314	99	0.5	0.2	0.5	0.2	0.3	999.0
386	Dane Myers	CIN	53	231	210	51	8	1	6	25	27	16	59	3	8	2	.245	.306	.374	.680	.299	86	0.3	-1.1	-3.7	-0.8	0.3	999.0
387	Bryce Eldridge	SFG	104	448	402	94	19	0	18	45	58	38	134	3	1	1	.235	.302	.416	.719	.309	100	-0.7	-0.2	-0.9	-10.8	0.3	999.0
388	Alex Freeland	LAD	21	91	79	18	4	0	3	11	10	10	24	1	2	1	.226	.321	.379	.699	.309	98	0.0	0.0	-0.2	0.4	0.3	999.0
389	Connor Wong	BOS	53	211	192	47	10	1	5	23	21	14	51	3	3	1	.244	.305	.379	.684	.300	87	-0.4	-2.8	-3.7	1.4	0.3	999.0
390	Everson Pereira	CHW	49	210	189	43	7	1	8	27	24	17	67	3	4	1	.227	.298	.396	.694	.304	93	-0.1	-0.9	-1.7	-2.5	0.3	999.0
391	Luis Urías		32	140	122	28	5	0	4	14	15	14	26	3	1	0	.229	.320	.360	.680	.303	93	-0.2	-0.9	-1.3	-0.4	0.3	999.0
392	Bryan Torres	STL	26	112	97	26	4	0	1	12	10	13	19	0	4	1	.270	.353	.352	.706	.316	105	0.0	-0.9	0.6	-1.3	0.3	999.0
393	Michael Helman	TEX	42	182	166	36	8	1	5	22	19	12	42	2	5	1	.217	.276	.355	.632	.277	77	0.3	0.7	-4.7	1.4	0.3	999.0
394	Ryan Mountcastle	BAL	37	161	148	38	8	0	6	18	21	10	40	1	1	0	.257	.305	.432	.736	.317	105	0.0	0.0	0.8	-3.4	0.3	999.0
395	Hyeseong Kim	LAD	32	140	130	32	5	1	2	16	16	7	34	1	8	1	.249	.293	.359	.652	.286	82	0.8	-0.1	-2.2	0.4	0.3	999.0
396	Nolan Jones	CLE	26	112	98	23	5	0	3	12	12	12	33	1	2	1	.237	.324	.378	.703	.310	99	-0.1	0.0	-0.2	-0.8	0.3	999.0
397	Carlos Santana	ARI	83	357	312	70	13	0	10	38	40	40	69	2	3	0	.224	.314	.362	.676	.300	90	-0.7	2.4	-5.0	-4.0	0.3	999.0
398	Leo Jiménez	TOR	21	91	79	18	4	0	2	11	10	7	20	3	1	0	.230	.319	.353	.672	.301	92	-0.2	0.0	-1.0	0.7	0.3	999.0
399	Drew Gilbert	SFG	45	196	175	40	8	1	5	21	22	16	38	3	2	1	.230	.306	.375	.681	.300	94	-0.2	-0.2	-1.7	-2.0	0.3	999.0
400	Alex Verdugo		47	203	184	47	10	0	4	23	20	15	31	1	1	0	.253	.313	.378	.691	.303	93	-0.3	0.0	-2.0	-2.1	0.3	999.0
401	Richie Palacios	TBR	44	189	165	39	7	0	3	22	18	20	36	2	6	1	.234	.322	.340	.663	.296	88	0.2	0.4	-2.5	-1.3	0.3	999.0
402	Nick Loftin	KCR	26	112	98	24	5	0	2	13	11	11	18	1	2	1	.243	.327	.366	.694	.308	94	-0.1	0.3	-0.9	-0.3	0.3	999.0
403	Leody Taveras	BAL	18	77	70	18	3	0	2	9	8	6	16	0	3	1	.251	.305	.392	.697	.304	95	0.2	0.2	-0.2	0.2	0.3	999.0
404	Keibert Ruiz	WSN	81	320	298	74	14	0	8	30	35	15	36	4	2	1	.249	.292	.379	.671	.293	86	-0.8	-3.7	-6.1	2.6	0.3	999.0
405	Jose Iglesias		45	196	181	46	9	0	2	19	18	10	33	3	2	1	.252	.302	.343	.644	.285	80	-0.3	-0.5	-4.8	0.7	0.3	999.0
406	Daniel Susac	SFG	19	77	71	17	3	0	2	7	9	4	22	1	1	0	.235	.286	.367	.653	.286	84	-0.1	0.0	-1.6	1.5	0.3	999.0
407	Oswald Peraza	LAA	45	196	178	39	6	0	5	21	19	14	51	3	6	2	.218	.284	.345	.629	.278	75	0.4	1.2	-5.4	1.1	0.3	999.0
408	Andrew Knizner	SEA	28	109	97	21	4	0	2	11	10	8	23	3	1	0	.220	.295	.320	.615	.276	81	-0.1	-0.9	-2.5	1.2	0.3	999.0
409	Troy Johnston	COL	63	273	248	65	13	2	7	31	33	18	55	5	8	2	.262	.323	.417	.740	.322	92	0.2	0.7	-2.2	-4.4	0.2	999.0
410	Jacob Melton	TBR	34	147	134	30	6	0	4	18	16	11	38	1	8	2	.227	.288	.372	.660	.289	83	0.5	0.5	-2.4	-0.2	0.2	718.9
411	Nick Allen	HOU	31	133	119	28	5	0	1	13	11	10	26	1	3	1	.233	.297	.313	.611	.274	74	-0.1	1.3	-4.3	2.0	0.2	999.0
412	Juan Brito	CLE	21	91	80	18	4	0	2	10	9	9	18	1	1	1	.228	.314	.363	.677	.300	92	-0.2	-0.1	-1.0	0.2	0.2	999.0
413	Kristian Campbell	BOS	23	98	86	21	4	0	2	11	11	10	25	2	1	0	.248	.335	.381	.716	.318	99	-0.1	-0.2	-0.2	-0.9	0.2	999.0
414	Dominic Keegan	TBR	16	64	58	13	3	0	2	7	7	5	18	1	0	0	.229	.294	.367	.661	.290	83	-0.1	0.2	-1.3	1.4	0.2	999.0
415	Robert Hassell III	WSN	58	252	230	56	9	0	4	26	24	18	60	2	6	1	.242	.300	.345	.645	.285	81	0.2	0.1	-5.5	-0.6	0.2	999.0
416	Tommy Pham		76	329	293	71	14	1	7	37	32	31	75	2	5	2	.243	.315	.371	.686	.301	92	-0.6	-1.6	-3.8	-5.1	0.2	999.0
417	Oswaldo Cabrera	NYY	37	161	145	34	6	0	4	19	17	13	33	1	2	1	.237	.303	.370	.674	.296	90	-0.1	0.1	-2.1	-1.3	0.2	999.0
418	Tyler Locklear	ARI	36	154	137	33	7	1	4	18	19	13	40	3	3	1	.244	.322	.398	.720	.316	101	0.0	0.0	0.2	-3.1	0.2	999.0
419	Griffin Conine	MIA	89	385	342	76	14	1	13	42	45	37	128	4	1	1	.222	.302	.383	.685	.301	90	-0.9	1.0	-5.3	-5.4	0.2	999.0
420	Nick Yorke	PIT	28	119	109	28	5	0	2	13	11	8	27	1	3	1	.254	.309	.365	.673	.296	86	-0.1	0.0	-2.0	0.2	0.2	999.0
421	Santiago Espinal	CIN	45	196	179	45	8	0	2	18	17	13	26	1	2	1	.250	.304	.332	.636	.282	78	-0.2	-0.4	-5.2	0.7	0.2	999.0
422	Alejandro Osuna	TEX	23	98	86	21	4	0	2	11	10	9	21	2	3	1	.246	.328	.373	.701	.310	100	-0.1	-0.1	-0.1	-1.2	0.2	999.0
423	Lenyn Sosa	CHW	94	406	382	96	16	1	14	42	51	17	90	3	2	1	.251	.285	.409	.694	.299	90	-0.7	-1.3	-5.2	-6.7	0.2	422.8
424	Luis Matos	SFG	19	84	77	19	4	0	3	10	10	5	11	1	2	0	.249	.299	.409	.708	.307	98	0.1	0.0	-0.1	-0.7	0.2	999.0
425	Tim Tawa	ARI	37	161	145	32	6	1	4	18	17	13	41	1	3	1	.223	.290	.369	.659	.289	83	-0.1	0.3	-3.4	0.0	0.2	999.0
426	Blaine Crim	COL	42	182	163	42	9	1	6	22	22	16	39	2	1	1	.259	.328	.430	.759	.328	97	-0.4	0.2	-1.0	-3.1	0.2	999.0
427	Bryce Teodosio	LAA	62	266	243	53	9	3	3	27	24	15	83	4	12	3	.219	.273	.320	.593	.262	64	0.9	2.2	-10.4	3.1	0.2	999.0
428	Ildemaro Vargas	ARI	23	98	90	23	4	1	1	9	10	6	11	1	1	0	.251	.299	.355	.655	.288	82	-0.1	0.6	-2.2	0.8	0.2	999.0
429	Tom Murphy		29	115	104	24	5	0	4	12	13	10	33	1	1	0	.234	.302	.395	.696	.304	94	-0.2	-2.4	-1.1	-0.1	0.2	999.0
430	Heriberto Hernández	MIA	81	350	308	68	14	1	12	40	42	36	107	4	3	1	.223	.309	.393	.701	.308	95	-0.6	-0.4	-2.7	-7.1	0.2	999.0
431	Coby Mayo	BAL	11	49	44	10	2	0	2	6	6	4	14	1	0	0	.233	.309	.431	.740	.320	107	0.0	-0.1	0.3	-0.2	0.2	999.0
432	Myles Straw	TOR	42	182	164	38	7	1	2	20	15	14	35	1	6	1	.235	.295	.319	.614	.274	74	0.7	1.6	-5.0	0.5	0.2	999.0
433	Zach Dezenzo	HOU	31	133	120	29	6	0	4	16	15	10	40	1	2	0	.241	.305	.397	.701	.306	96	0.0	-0.7	-0.7	-2.2	0.2	999.0
434	Walker Jenkins	MIN	19	84	74	18	4	0	2	9	9	8	19	1	2	0	.240	.321	.364	.685	.304	93	0.0	-0.5	-0.6	-0.5	0.2	999.0
435	Trey Sweeney	DET	16	70	63	14	3	0	2	8	7	6	19	1	1	0	.224	.294	.358	.652	.287	82	0.0	0.0	-1.5	0.8	0.2	999.0
436	Jorge Mateo	ATL	24	105	97	22	5	1	2	12	10	6	28	1	8	2	.224	.269	.357	.625	.272	72	0.9	0.1	-2.6	0.8	0.2	999.0
437	Nathaniel Lowe	CIN	24	105	93	24	4	0	3	12	13	11	24	1	0	0	.255	.336	.408	.744	.326	104	-0.3	0.0	0.2	-2.0	0.2	999.0
438	Derek Hill	CHW	19	84	77	18	3	0	2	10	9	5	24	1	3	1	.235	.290	.367	.658	.288	83	0.2	0.2	-1.5	0.3	0.2	999.0
439	Bryce Johnson	SDP	34	147	130	30	5	1	2	16	13	12	40	2	5	1	.231	.307	.327	.634	.284	84	0.3	0.0	-2.5	-0.8	0.2	999.0
440	Emmanuel Rodriguez	MIN	11	49	41	9	2	0	1	6	5	7	17	0	1	0	.217	.340	.360	.700	.315	101	0.0	0.1	0.0	-0.2	0.2	999.0
441	Eric Wagaman	MIN	26	112	103	27	6	0	3	12	12	7	22	1	1	0	.258	.309	.403	.712	.309	97	-0.2	-0.1	-0.6	-1.7	0.2	999.0
442	Chas McCormick	CHC	24	105	93	21	3	0	3	12	11	9	28	2	3	1	.228	.306	.365	.671	.296	90	-0.2	0.1	-1.4	-0.6	0.2	999.0
443	Dominic Smith		53	231	208	51	10	0	6	24	25	18	46	3	2	0	.243	.310	.374	.684	.301	91	-0.5	0.6	-2.8	-3.5	0.1	999.0
444	Ryan Bliss	SEA	13	56	50	11	2	0	1	6	6	5	15	1	3	1	.216	.288	.343	.631	.280	84	0.0	0.3	-1.0	0.5	0.1	999.0
445	Alex Jackson	MIN	8	32	29	6	2	0	1	4	4	2	10	0	0	0	.208	.273	.385	.657	.286	81	0.0	0.1	-0.8	0.8	0.1	999.0
446	Jorge Barrosa	ARI	42	182	163	37	8	1	3	20	17	16	42	1	3	1	.227	.297	.338	.635	.282	77	-0.2	1.5	-5.1	0.3	0.1	999.0
447	Curtis Mead	CHW	11	49	44	11	2	0	1	5	5	3	10	1	1	0	.246	.313	.378	.690	.304	94	0.0	0.0	-0.4	0.0	0.1	999.0
448	Jerar Encarnacion	SFG	26	112	102	24	4	0	4	12	15	9	35	1	1	0	.237	.301	.401	.703	.306	98	-0.2	0.1	-0.5	-2.0	0.1	999.0
449	Endy Rodríguez	PIT	13	54	48	12	3	0	1	6	6	4	11	0	0	0	.242	.310	.386	.696	.305	93	-0.1	0.1	-0.6	0.0	0.1	999.0
450	Abimelec Ortiz	WSN	52	224	202	46	9	1	8	26	26	18	58	2	1	1	.229	.297	.398	.695	.303	93	-0.5	0.3	-2.4	-3.8	0.1	999.0
451	Jesus Rodriguez	SFG	6	26	23	6	1	0	0	3	2	2	4	0	1	0	.267	.333	.365	.698	.309	99	0.0	-0.1	0.0	0.4	0.1	999.0
452	Jace Jung	DET	8	35	30	7	1	0	1	4	4	4	9	0	0	0	.221	.318	.374	.692	.307	95	-0.1	0.1	-0.2	0.2	0.1	999.0
453	Anthony Santander	TOR	13	56	50	11	2	0	3	7	8	5	13	1	0	0	.229	.308	.443	.751	.323	108	-0.1	0.0	0.4	-1.2	0.1	317.7
454	Christian Koss	SFG	11	49	45	11	2	0	1	6	5	2	11	1	1	0	.249	.294	.366	.660	.289	86	0.0	0.2	-0.8	0.3	0.1	999.0
455	Eli White	ATL	16	70	64	15	2	0	2	9	8	5	19	1	3	0	.237	.294	.371	.665	.291	84	0.2	0.5	-1.1	-0.1	0.1	999.0
456	Jonah Heim	ATL	11	45	41	9	2	0	1	4	5	3	9	0	0	0	.225	.285	.356	.641	.281	78	-0.1	0.1	-1.2	0.9	0.1	999.0
457	Aidan Miller	PHI	10	42	37	8	2	0	1	5	4	4	11	1	2	1	.224	.312	.350	.662	.296	86	0.1	0.0	-0.6	0.3	0.1	999.0
458	Andrew McCutchen		86	371	322	75	14	0	10	41	36	43	88	3	2	1	.232	.326	.368	.694	.307	96	-1.4	-0.1	-3.3	-8.2	0.1	999.0
459	Adael Amador	COL	15	63	55	14	2	0	1	7	7	6	10	1	2	1	.250	.332	.377	.708	.314	87	-0.1	-0.2	-1.1	0.0	0.1	999.0
460	Ryan Vilade	TBR	11	49	44	11	2	0	1	5	5	4	12	1	1	0	.244	.315	.374	.689	.303	93	-0.1	0.1	-0.5	-0.2	0.1	999.0
461	Enrique Hernández	LAD	45	196	179	40	8	0	6	22	23	14	46	1	1	0	.225	.281	.369	.650	.284	81	-0.2	-0.7	-4.7	-0.8	0.1	999.0
462	Gabriel Gonzalez	MIN	10	42	38	10	2	0	1	4	5	3	8	1	0	0	.266	.322	.401	.723	.316	102	-0.1	0.0	0.0	-0.5	0.1	999.0
463	Will Wagner	SDP	10	42	37	9	2	0	1	5	4	4	7	0	0	0	.253	.333	.364	.697	.310	102	-0.1	0.0	0.0	-0.4	0.1	999.0
464	Orlando Arcia	MIN	23	98	90	20	4	0	2	9	10	7	20	1	0	0	.227	.283	.353	.636	.279	76	-0.1	0.0	-2.9	0.5	0.1	999.0
465	Andruw Monasterio	BOS	11	49	44	11	2	0	1	6	5	5	12	1	1	0	.242	.319	.363	.682	.303	89	0.0	-0.3	-0.6	-0.1	0.1	999.0
466	Nick Castellanos	SDP	83	357	331	83	16	1	11	39	45	20	85	3	3	1	.249	.296	.407	.703	.304	98	-0.7	-2.4	-1.7	-9.2	0.1	671.2
467	Tyler Tolbert	KCR	23	98	88	20	4	1	1	12	9	6	25	1	8	1	.226	.282	.323	.605	.268	66	0.8	0.5	-3.1	0.7	0.1	999.0
468	Rowdy Tellez		68	294	266	62	11	0	12	31	37	23	71	2	1	0	.232	.296	.413	.709	.307	95	-0.6	-0.5	-2.2	-6.8	0.1	999.0
469	Jhostynxon Garcia	PIT	73	315	288	67	13	2	9	36	33	20	88	4	3	1	.231	.289	.380	.669	.292	84	-0.3	-0.8	-6.4	-3.2	0.1	999.0
470	Isiah Kiner-Falefa	BOS	36	154	143	36	6	1	2	16	14	7	26	2	4	1	.252	.296	.336	.632	.279	73	0.3	-0.4	-4.6	0.3	0.1	999.0
471	Brett Wisely	ATL	10	42	38	9	2	0	1	5	4	4	10	0	1	0	.236	.305	.358	.662	.292	85	0.0	0.1	-0.8	0.3	0.1	999.0
472	Nick Madrigal	LAA	8	35	32	8	2	0	0	4	3	2	4	1	1	0	.262	.319	.341	.659	.294	86	0.0	0.2	-0.6	0.3	0.1	999.0
473	DJ LeMahieu		26	112	99	24	4	0	2	11	10	11	23	1	1	0	.241	.319	.339	.658	.294	87	-0.3	-0.2	-2.1	-0.8	0.1	999.0
474	Rafael Flores Jr.	PIT	13	53	48	12	2	0	1	5	5	4	15	0	0	0	.245	.309	.386	.695	.305	92	-0.1	-0.6	-0.5	-0.3	0.1	999.0
475	Dairon Blanco	KCR	13	56	50	12	2	0	1	7	6	4	14	1	5	1	.242	.304	.360	.664	.293	83	0.5	-0.2	-0.6	-0.5	0.1	999.0
476	Dylan Moore	PHI	10	42	37	8	2	0	1	5	5	4	12	1	2	1	.213	.307	.392	.699	.307	94	0.1	-0.3	-0.2	-0.4	0.1	999.0
477	Brandon Lockridge	MIL	10	42	38	9	2	0	0	5	4	3	11	0	2	0	.242	.308	.339	.647	.288	83	0.2	0.3	-0.6	0.0	0.1	999.0
478	Paul DeJong	NYY	10	42	38	8	1	0	2	4	5	3	13	1	0	0	.205	.263	.366	.629	.274	75	-0.1	0.2	-1.3	0.6	0.1	999.0
479	Gio Urshela	MIN	10	42	39	10	2	0	1	4	4	3	8	0	0	0	.262	.308	.374	.682	.298	89	-0.1	-0.1	-0.6	0.0	0.1	999.0
480	Jose Siri	LAA	10	42	38	8	2	0	2	5	5	3	15	0	1	0	.201	.261	.370	.630	.274	72	0.1	0.4	-1.3	0.6	0.1	999.0
481	Leo De Vries	ATH	8	35	31	7	2	0	1	4	4	3	9	0	0	0	.223	.299	.370	.669	.293	84	-0.1	-0.1	-0.7	0.3	0.1	999.0
482	Maximo Acosta	MIA	16	70	64	14	3	0	2	7	7	5	17	1	3	1	.224	.286	.344	.630	.278	75	0.0	0.0	-2.1	0.5	0.1	999.0
483	Brock Wilken	MIL	10	42	36	7	1	0	1	4	5	5	14	0	0	0	.191	.296	.347	.644	.288	84	0.0	0.0	-0.9	0.2	0.1	999.0
484	Kameron Misner	KCR	13	56	49	10	2	0	1	6	6	6	18	0	2	0	.209	.298	.350	.649	.288	80	0.1	0.3	-1.2	0.0	0.1	999.0
485	John Rave	KCR	31	133	118	27	5	1	3	15	14	12	35	1	4	1	.228	.303	.370	.673	.296	85	0.1	-0.2	-2.2	-1.7	0.1	999.0
486	Tommy Troy	ARI	8	35	31	7	1	0	1	4	3	3	7	0	1	0	.239	.308	.352	.660	.293	85	0.0	0.0	-0.6	0.2	0.1	999.0
487	Elias Díaz		32	128	117	25	5	0	3	12	13	9	32	1	0	0	.218	.276	.342	.618	.272	72	-0.3	-1.1	-4.6	1.4	0.1	999.0
488	Jack Suwinski	PIT	8	35	30	7	1	0	1	4	4	4	11	0	1	0	.220	.317	.408	.725	.316	100	0.0	-0.2	0.1	-0.5	0.1	999.0
489	Brice Matthews	HOU	5	21	19	4	1	0	1	2	2	2	7	0	1	0	.220	.304	.382	.686	.302	93	0.0	0.0	-0.1	0.1	0.1	999.0
490	Nelson Rada	LAA	16	70	61	15	2	0	0	7	6	6	17	1	3	1	.240	.321	.305	.626	.284	79	0.0	0.1	-1.7	-0.1	0.1	999.0
491	Jonah Bride	TEX	10	42	36	8	2	0	1	4	4	5	10	1	0	0	.218	.321	.333	.654	.295	89	-0.1	0.1	-0.6	-0.2	0.1	999.0
492	Tyler Fitzgerald	SFG	6	28	25	6	1	0	1	3	3	2	8	0	1	0	.233	.290	.379	.669	.293	88	0.1	0.1	-0.3	0.0	0.1	999.0
493	Tristan Gray	MIN	15	63	58	13	3	0	2	7	7	4	18	1	0	0	.220	.278	.377	.655	.284	80	-0.1	-0.1	-1.6	0.1	0.1	999.0
494	Mark Canha		36	154	134	32	6	0	3	16	15	14	32	4	1	0	.236	.325	.349	.673	.301	91	-0.3	-1.0	-1.9	-2.7	0.1	999.0
495	Ryan Kreidler	MIN	24	105	91	18	4	0	2	11	9	11	32	1	3	1	.196	.291	.303	.595	.270	70	0.0	-0.1	-3.8	0.7	0.1	999.0
496	David Fry	CLE	52	221	198	43	9	1	7	23	26	18	60	4	2	0	.218	.294	.377	.670	.293	88	-0.2	0.0	-3.4	-3.6	0.1	999.0
497	Adrian Del Castillo	ARI	41	172	155	36	8	1	5	18	20	15	48	1	1	0	.231	.300	.389	.689	.300	90	-0.2	0.0	-2.2	-2.9	0.1	999.0
498	Nate Eaton	BOS	15	63	57	14	3	0	1	7	7	4	15	1	2	1	.240	.298	.375	.672	.294	83	0.1	0.1	-1.1	-0.5	0.1	999.0
499	Tre' Morgan	TBR	8	35	30	8	1	0	1	4	4	4	7	0	0	0	.249	.339	.362	.701	.312	98	-0.1	0.1	-0.1	-0.5	0.1	999.0
500	Eduardo Valencia	DET	5	20	18	4	1	0	1	2	3	1	5	0	0	0	.237	.297	.400	.697	.302	92	0.0	0.0	-0.2	0.1	0.1	999.0
501	Joey Wiemer	WSN	28	119	106	22	5	0	3	12	12	10	36	1	3	1	.208	.284	.342	.626	.277	76	0.0	0.5	-3.5	0.0	0.1	999.0
502	Justin Turner		55	238	209	51	10	0	5	25	25	22	46	4	1	1	.244	.324	.371	.694	.307	95	-1.0	0.0	-2.3	-5.2	0.1	999.0
503	Enmanuel Valdez	PIT	3	14	12	3	1	0	0	2	2	1	3	0	0	0	.239	.314	.404	.718	.313	98	0.0	0.0	0.0	0.1	0.1	999.0
504	Korey Lee	CHW	26	102	96	21	4	0	3	11	11	6	28	1	1	0	.220	.267	.356	.623	.272	72	0.0	-0.7	-3.4	1.3	0.1	999.0
505	Austin Slater	DET	8	35	31	7	1	0	1	4	4	4	10	0	0	0	.229	.317	.359	.676	.301	91	0.0	0.1	-0.4	-0.3	0.1	999.0
506	Tanner Murray	CHW	15	63	59	14	3	0	1	6	6	3	15	1	0	0	.230	.273	.346	.618	.271	71	-0.1	0.4	-2.3	0.6	0.1	999.0
507	Sam Antonacci	CHW	3	14	12	3	1	0	0	2	1	1	3	1	1	0	.244	.345	.338	.683	.309	97	0.0	0.0	0.0	0.0	0.0	999.0
508	Heston Kjerstad	BAL	6	28	25	6	1	0	1	3	3	2	7	1	0	0	.238	.302	.402	.703	.306	96	0.0	0.0	-0.2	-0.3	0.0	999.0
509	Vidal Bruján	NYM	8	35	31	7	1	0	1	4	3	3	7	0	1	1	.227	.296	.328	.624	.277	79	-0.1	0.0	-0.9	0.3	0.0	999.0
510	Tyler Callihan	CIN	11	49	44	10	2	0	1	5	5	4	14	0	1	0	.227	.290	.353	.643	.284	75	0.0	0.1	-1.4	0.2	0.0	999.0
511	Dylan Carlson	CHC	5	21	18	4	1	0	0	2	2	2	5	0	0	0	.230	.321	.365	.687	.305	96	0.0	0.1	-0.1	-0.1	0.0	999.0
512	Hao-Yu Lee	DET	3	14	13	3	1	0	0	2	2	1	3	0	0	0	.233	.305	.372	.677	.298	89	0.0	0.1	-0.2	0.1	0.0	999.0
513	Reese McGuire	MIL	3	13	12	3	0	0	0	1	1	1	3	0	0	0	.223	.274	.351	.624	.273	74	0.0	0.1	-0.4	0.3	0.0	999.0
514	Miles Mastrobuoni	SEA	3	14	12	3	1	0	0	2	1	1	3	0	0	0	.237	.314	.325	.640	.287	89	0.0	0.0	-0.2	0.1	0.0	999.0
515	Max Anderson	DET	3	14	13	3	1	0	0	2	2	1	2	0	0	0	.251	.295	.392	.687	.297	89	0.0	0.1	-0.2	0.1	0.0	999.0
516	César Prieto	STL	6	28	26	7	1	0	0	3	3	1	4	0	0	0	.256	.299	.364	.663	.290	87	-0.1	-0.1	-0.5	0.0	0.0	999.0
517	RJ Schreck	TOR	3	14	12	3	0	0	0	2	2	2	3	0	0	0	.217	.322	.387	.709	.314	101	0.0	0.0	0.0	-0.1	0.0	999.0
518	Gabriel Rincones Jr.	PHI	8	35	31	7	1	0	1	4	4	4	10	0	1	0	.216	.305	.370	.675	.297	87	0.0	0.1	-0.5	-0.3	0.0	999.0
519	Willie MacIver	TEX	3	13	11	3	1	0	0	1	1	1	3	0	0	0	.226	.297	.354	.650	.288	84	0.0	0.0	-0.2	0.3	0.0	999.0
520	Kyren Paris	LAA	5	21	19	4	1	0	1	2	2	2	7	0	1	0	.205	.289	.353	.642	.284	79	0.1	0.0	-0.4	0.1	0.0	999.0
521	Shay Whitcomb	HOU	3	14	13	3	1	0	1	2	2	1	4	0	0	0	.224	.286	.393	.679	.295	88	0.0	0.0	-0.2	0.1	0.0	999.0
522	Jhonny Pereda	SEA	3	13	11	3	1	0	0	1	1	1	3	0	0	0	.231	.314	.324	.637	.287	89	0.0	-0.1	-0.2	0.2	0.0	999.0
523	Kevin Alcántara	CHC	8	35	32	7	1	0	1	4	4	3	11	0	1	0	.231	.294	.366	.660	.290	86	0.0	0.0	-0.6	-0.2	0.0	999.0
524	Bryan Ramos	STL	8	35	32	7	1	0	1	4	4	2	8	1	1	0	.212	.276	.350	.626	.276	77	0.0	0.1	-1.0	0.2	0.0	999.0
525	Max Schuemann	NYY	3	14	12	3	0	0	0	2	1	1	3	0	0	0	.230	.323	.337	.660	.297	90	0.0	-0.1	-0.2	0.0	0.0	999.0
526	Luke Maile	KCR	3	13	11	2	1	0	0	1	1	1	4	0	0	0	.223	.311	.335	.646	.290	81	0.0	0.0	-0.3	0.2	0.0	999.0
527	Mason McCoy	SDP	6	28	25	5	1	0	0	3	2	2	9	0	1	0	.203	.272	.310	.582	.259	67	0.0	0.2	-1.1	0.5	0.0	999.0
528	Blake Dunn	CIN	6	28	24	6	1	0	1	3	3	3	8	1	1	0	.232	.320	.341	.661	.297	84	0.1	-0.1	-0.5	-0.1	0.0	999.0
529	Grant McCray	SFG	6	28	25	6	1	0	1	3	3	2	8	0	1	0	.223	.287	.359	.647	.284	83	0.1	0.0	-0.5	-0.1	0.0	999.0
530	Sterlin Thompson	COL	6	28	25	7	1	0	1	3	3	2	6	1	0	0	.258	.325	.413	.738	.322	93	0.0	-0.1	-0.3	-0.4	0.0	999.0
531	Zac Veen	COL	28	119	108	27	5	1	3	14	13	9	28	1	4	1	.250	.311	.395	.706	.308	83	0.1	-0.1	-2.3	-1.3	0.0	999.0
532	Junior Perez	ATH	10	42	37	8	2	0	1	5	5	4	14	0	1	0	.209	.289	.362	.651	.287	79	0.0	0.0	-1.0	-0.2	0.0	999.0
533	Victor Mesa Jr.	TBR	3	14	13	3	1	0	0	1	2	1	3	0	0	0	.236	.294	.373	.667	.292	85	0.0	0.0	-0.3	0.0	0.0	999.0
534	Tomás Nido	DET	3	13	12	3	0	0	0	1	1	1	3	0	0	0	.230	.269	.341	.610	.267	68	0.0	0.0	-0.5	0.3	0.0	999.0
535	Spencer Jones	NYY	5	21	19	4	1	0	1	3	3	2	8	0	1	0	.223	.289	.411	.700	.303	94	0.0	-0.1	-0.1	-0.3	0.0	999.0
536	Tirso Ornelas	SDP	5	21	19	5	1	0	0	2	2	2	4	0	0	0	.240	.309	.367	.676	.298	93	0.0	0.1	-0.2	-0.2	0.0	999.0
537	Brandon Valenzuela	TOR	3	13	12	2	0	0	0	1	1	1	3	0	0	0	.203	.272	.329	.601	.266	68	0.0	0.1	-0.5	0.3	0.0	999.0
538	Brendan Rodgers	BOS	5	21	19	5	1	0	0	2	2	1	6	0	0	0	.236	.295	.361	.656	.288	79	0.0	0.0	-0.5	0.1	0.0	999.0
539	Taylor Trammell	HOU	3	14	12	3	1	0	0	2	2	2	4	0	0	0	.215	.309	.395	.703	.309	98	0.0	0.0	0.0	-0.2	0.0	999.0
540	Kyle Farmer	ATL	6	28	26	6	1	0	1	3	3	2	6	1	0	0	.233	.292	.358	.649	.286	81	-0.1	-0.1	-0.7	0.0	0.0	999.0
541	Garrett Stubbs	PHI	5	19	17	4	1	0	0	2	2	2	5	0	0	0	.222	.295	.326	.621	.276	73	0.0	0.0	-0.6	0.3	0.0	999.0
542	A.J. Vukovich	ARI	6	28	26	6	1	0	1	3	3	2	8	0	0	0	.236	.290	.383	.673	.293	85	0.0	0.1	-0.5	-0.2	0.0	999.0
543	Shane McGuire	ATH	3	13	11	2	0	0	0	1	1	1	3	0	0	0	.211	.303	.294	.597	.272	69	0.0	0.0	-0.5	0.3	0.0	999.0
544	Eric Haase	SFG	3	13	12	3	0	0	0	1	1	1	4	0	0	0	.218	.274	.349	.623	.273	75	0.0	0.0	-0.4	0.2	0.0	999.0
545	Denzer Guzman	LAA	5	21	19	4	1	0	0	2	2	2	6	0	0	0	.217	.283	.343	.626	.277	74	0.0	0.0	-0.7	0.2	0.0	999.0
546	Trei Cruz	DET	3	14	12	3	1	0	0	2	1	2	4	0	0	0	.218	.312	.339	.651	.291	85	0.0	-0.1	-0.3	0.0	0.0	999.0
547	Jeferson Quero	MIL	2	6	6	1	0	0	0	1	1	0	1	0	0	0	.227	.291	.364	.655	.288	84	0.0	0.0	-0.1	0.1	0.0	999.0
548	Justin Foscue	TEX	10	42	37	8	2	0	1	5	5	4	8	1	0	0	.224	.304	.378	.682	.301	93	0.0	-0.1	-0.4	-0.8	0.0	999.0
549	Matt Koperniak	STL	5	21	19	5	1	0	0	2	2	1	4	0	0	0	.239	.295	.352	.648	.285	83	0.0	0.1	-0.5	0.0	0.0	999.0
550	Kevin Newman	KCR	3	14	13	3	1	0	0	2	1	1	2	0	0	0	.255	.300	.351	.651	.286	79	0.0	0.0	-0.3	0.1	0.0	999.0
551	Mickey Gasper	BOS	2	6	6	1	0	0	0	1	1	1	1	0	0	0	.238	.328	.368	.697	.310	94	0.0	0.0	0.0	0.1	0.0	999.0
552	Jonatan Clase	TOR	3	14	13	3	1	0	0	2	1	1	4	0	1	0	.224	.293	.360	.653	.288	83	0.0	0.0	-0.2	0.0	0.0	999.0
553	T.J. Rumfield	COL	15	63	56	15	3	0	2	7	7	5	13	1	0	0	.261	.330	.400	.731	.320	91	-0.1	0.1	-0.8	-1.1	0.0	999.0
554	Hayden Senger	NYM	3	13	12	2	0	0	0	1	1	1	4	0	0	0	.205	.261	.302	.563	.251	60	0.0	0.1	-0.6	0.3	0.0	999.0
555	Akil Baddoo	MIL	3	14	12	3	1	0	0	2	2	2	4	0	0	0	.224	.310	.382	.692	.304	94	0.0	-0.1	-0.1	-0.2	0.0	999.0
556	Jared Young	NYM	2	7	6	1	0	0	0	1	1	1	2	0	0	0	.237	.320	.412	.733	.321	109	0.0	0.0	0.1	-0.1	0.0	999.0
557	Nacho Alvarez Jr.	ATL	2	7	6	1	0	0	0	1	1	1	1	0	0	0	.238	.317	.333	.650	.292	85	0.0	0.0	-0.1	0.1	0.0	999.0
558	Stuart Fairchild	CLE	3	14	12	3	1	0	0	2	1	1	4	0	0	0	.220	.296	.352	.648	.288	84	0.0	0.0	-0.2	-0.1	0.0	999.0
559	Ben Rortvedt	LAD	3	13	11	2	0	0	0	1	1	1	3	0	0	0	.203	.285	.310	.596	.268	70	0.0	0.0	-0.5	0.2	0.0	999.0
560	Samad Taylor	SDP	2	7	6	1	0	0	0	1	1	1	2	0	0	0	.237	.310	.350	.660	.293	90	0.0	0.0	-0.1	0.0	0.0	999.0
561	Josh Rojas	KCR	3	14	12	3	1	0	0	1	1	1	3	0	0	0	.233	.307	.341	.648	.288	80	0.0	0.0	-0.3	0.0	0.0	999.0
562	Kahlil Watson	CLE	3	14	13	3	1	0	0	2	2	1	4	0	0	0	.211	.283	.367	.650	.285	82	0.0	-0.1	-0.3	0.0	0.0	999.0
563	Ryan Ward	LAD	2	7	6	1	0	0	0	1	1	1	2	0	0	0	.227	.290	.424	.714	.307	96	0.0	0.0	0.0	0.0	0.0	999.0
564	Chris Taylor	LAA	42	182	162	35	8	1	4	19	16	16	59	3	4	1	.214	.293	.336	.629	.279	76	-0.1	-0.4	-5.3	-0.8	0.0	999.0
565	Jonathon Long	CHC	2	7	6	2	0	0	0	1	1	1	2	0	0	0	.246	.330	.380	.710	.315	103	0.0	0.0	0.0	-0.1	0.0	999.0
566	Jhonkensy Noel	BAL	3	14	13	3	1	0	1	2	2	1	4	0	0	0	.226	.280	.426	.707	.304	96	0.0	0.0	-0.1	-0.2	0.0	999.0
567	Nick Sogard	BOS	3	14	12	3	1	0	0	2	1	1	3	0	0	0	.244	.329	.340	.669	.300	87	0.0	-0.1	-0.2	-0.1	0.0	999.0
568	Gustavo Campero	LAA	2	7	6	2	0	0	0	1	1	0	1	0	0	0	.245	.319	.392	.711	.313	99	0.0	0.0	0.0	-0.1	0.0	999.0
569	Rhylan Thomas	SEA	2	7	6	2	0	0	0	1	1	0	1	0	0	0	.262	.311	.342	.653	.289	90	0.0	0.0	-0.1	0.0	0.0	999.0
570	Jorbit Vivas	NYY	2	7	6	1	0	0	0	1	1	1	1	0	0	0	.223	.318	.320	.637	.288	84	0.0	0.0	-0.1	0.0	0.0	999.0
571	Blake Hunt	SDP	2	6	6	1	0	0	0	1	1	0	2	0	0	0	.212	.278	.339	.617	.273	76	0.0	0.0	-0.2	0.1	0.0	999.0
572	Matt Thaiss	BOS	2	6	5	1	0	0	0	1	1	1	2	0	0	0	.223	.327	.338	.665	.300	87	0.0	-0.1	-0.1	0.0	0.0	999.0
573	Maverick Handley	BAL	2	6	6	1	0	0	0	1	1	1	2	0	0	0	.201	.291	.291	.582	.265	69	0.0	0.0	-0.2	0.1	0.0	999.0
574	Ryan Clifford	NYM	3	14	12	3	1	0	1	2	2	2	4	0	0	0	.210	.306	.388	.694	.305	98	0.0	0.0	-0.1	-0.3	0.0	999.0
575	Yanquiel Fernández	NYY	2	7	6	2	0	0	0	1	1	0	2	0	0	0	.246	.295	.404	.698	.302	94	0.0	0.0	-0.1	-0.1	0.0	999.0
576	Dominic Fletcher	PIT	2	7	6	2	0	0	0	1	1	0	1	0	0	0	.242	.295	.369	.664	.291	83	0.0	0.0	-0.2	0.0	0.0	999.0
577	Petey Halpin	CLE	5	21	19	4	1	0	0	2	2	2	6	0	0	0	.217	.277	.333	.611	.270	72	0.0	0.0	-0.7	0.1	0.0	999.0
578	Vimael Machín	COL	2	7	6	2	0	0	0	1	1	1	1	0	0	0	.259	.317	.393	.711	.309	84	0.0	0.0	-0.1	0.0	0.0	999.0
579	Pedro León	PHI	5	21	19	4	1	0	1	2	3	2	7	0	1	0	.217	.288	.375	.663	.291	83	0.0	-0.1	-0.4	-0.2	0.0	999.0
580	Christian Franklin	WSN	3	14	12	3	0	0	0	2	1	2	3	0	0	0	.233	.325	.346	.671	.301	92	0.0	-0.1	-0.2	-0.2	0.0	999.0
581	Blaze Jordan	STL	5	21	19	5	1	0	1	2	2	1	3	0	0	0	.246	.293	.380	.673	.293	89	0.0	0.1	-0.3	-0.3	0.0	999.0
582	Austin Barnes	NYM	3	13	11	2	0	0	0	1	1	1	3	0	0	0	.208	.284	.282	.566	.257	65	0.0	-0.1	-0.5	0.2	0.0	999.0
583	Collin Price	HOU	2	6	6	1	0	0	0	1	1	1	2	0	0	0	.198	.270	.341	.611	.270	71	0.0	0.0	-0.2	0.1	0.0	999.0
584	Rece Hinds	CIN	3	14	13	3	1	0	1	2	2	1	5	0	0	0	.233	.284	.429	.712	.306	90	0.0	-0.1	-0.2	-0.2	0.0	999.0
585	Matt Mervis	WSN	8	35	32	7	1	0	1	4	4	3	10	0	0	0	.216	.283	.396	.679	.295	87	-0.1	0.1	-0.6	-0.5	0.0	999.0
586	Anthony Seigler	BOS	2	7	6	1	0	0	0	1	1	1	2	0	0	0	.217	.319	.342	.661	.297	85	0.0	-0.1	-0.1	-0.1	0.0	999.0
587	Brett Sullivan	COL	3	13	12	3	1	0	0	1	1	1	2	0	0	0	.236	.292	.366	.659	.287	69	0.0	-0.1	-0.5	0.2	0.0	999.0
588	Steward Berroa	MIL	2	7	6	1	0	0	0	1	1	1	2	0	0	0	.208	.291	.309	.600	.270	71	0.0	0.0	-0.2	0.0	0.0	999.0
589	MJ Melendez	NYM	10	42	38	8	2	0	1	5	5	3	12	0	1	0	.216	.284	.394	.677	.294	90	-0.1	-0.3	-0.5	-0.8	0.0	999.0
590	Tyler Black	MIL	2	7	6	1	0	0	0	1	1	1	2	0	0	0	.221	.323	.355	.679	.303	94	0.0	0.0	0.0	-0.1	0.0	999.0
591	Chadwick Tromp	ATL	2	6	6	1	0	0	0	1	1	0	2	0	0	0	.206	.263	.319	.582	.257	61	0.0	0.0	-0.3	0.1	0.0	999.0
592	Edwin Arroyo	CIN	3	14	13	3	1	0	0	1	1	1	3	0	0	0	.252	.300	.342	.642	.283	75	0.0	0.0	-0.4	0.0	0.0	999.0
593	James Triantos	CHC	2	7	6	2	0	0	0	1	1	0	1	0	0	0	.239	.287	.330	.617	.272	74	0.0	0.0	-0.2	0.0	0.0	999.0
594	Wilmer Flores		55	238	213	50	9	0	8	25	29	19	43	3	0	0	.233	.304	.385	.690	.302	92	-0.9	0.0	-3.0	-5.0	0.0	999.0
595	Grae Kessinger	NYM	2	7	6	1	0	0	0	1	1	1	2	0	0	0	.205	.290	.303	.593	.268	72	0.0	0.0	-0.2	0.0	0.0	999.0
596	Sergio Alcántara	WSN	2	7	6	1	0	0	0	1	1	1	2	0	0	0	.219	.304	.302	.606	.274	74	0.0	0.0	-0.2	0.0	0.0	999.0
597	Jose Herrera	TEX	2	6	6	1	0	0	0	1	0	1	1	0	0	0	.206	.290	.284	.575	.262	66	0.0	0.0	-0.3	0.1	0.0	999.0
598	Nicky Lopez	COL	2	7	6	2	0	0	0	1	1	1	1	0	0	0	.255	.324	.324	.649	.291	71	0.0	0.0	-0.2	0.0	0.0	999.0
599	Niko Kavadas	LAA	2	7	6	1	0	0	0	1	1	1	3	0	0	0	.197	.303	.365	.667	.296	87	0.0	0.0	-0.1	-0.1	0.0	999.0
600	Billy Cook	PIT	2	7	6	1	0	0	0	1	1	0	2	0	0	0	.225	.287	.357	.644	.282	77	0.0	-0.1	-0.2	0.0	0.0	999.0
601	Tim Anderson		10	42	40	10	1	0	0	4	3	2	11	0	1	0	.243	.280	.308	.589	.261	64	0.0	0.0	-1.7	0.3	0.0	999.0
602	Davis Wendzel	PIT	2	7	6	1	0	0	0	1	1	1	2	0	0	0	.208	.284	.333	.617	.275	72	0.0	-0.1	-0.2	0.0	0.0	999.0
603	Tim Elko	CHW	2	7	7	2	0	0	0	1	1	0	2	0	0	0	.233	.281	.393	.674	.293	86	0.0	0.0	-0.1	-0.1	0.0	999.0
604	Christian Encarnacion-Strand	CIN	2	7	6	2	0	0	0	1	1	0	2	0	0	0	.243	.290	.436	.727	.312	95	0.0	0.0	-0.1	-0.2	0.0	999.0
605	Héctor Rodríguez	CIN	2	7	7	2	0	0	0	1	1	0	1	0	0	0	.248	.288	.389	.677	.293	81	0.0	0.0	-0.2	-0.1	0.0	999.0
606	Kemp Alderman	MIA	2	7	6	2	0	0	0	1	1	0	2	0	0	0	.242	.288	.388	.677	.294	86	0.0	0.0	-0.1	-0.1	0.0	999.0
607	Dom Nuñez	CLE	2	6	6	1	0	0	0	1	0	1	2	0	0	0	.168	.272	.268	.540	.249	57	0.0	0.0	-0.3	0.1	0.0	999.0
608	Trey Lipscomb	WSN	3	14	13	3	1	0	0	1	1	1	3	0	0	0	.236	.281	.334	.616	.270	71	0.0	0.0	-0.5	0.0	0.0	999.0
609	Nick Morabito	NYM	2	7	6	2	0	0	0	1	1	1	2	0	0	0	.238	.302	.323	.625	.280	80	0.0	0.0	-0.1	-0.1	0.0	999.0
610	Michael Siani	LAD	2	7	6	1	0	0	0	1	1	1	2	0	0	0	.197	.275	.286	.561	.254	60	0.0	0.0	-0.3	0.1	0.0	999.0
611	Tristan Peters	CHW	5	21	19	4	1	0	0	2	2	2	4	0	0	0	.225	.297	.343	.640	.284	80	0.0	-0.1	-0.6	-0.2	0.0	999.0
612	Justin Dean	CHC	3	14	12	3	0	0	0	2	1	1	4	0	1	0	.208	.288	.299	.587	.265	69	0.0	0.0	-0.5	0.0	0.0	999.0
613	Ben Cowles	CHC	2	7	6	1	0	0	0	1	1	0	2	0	0	0	.214	.275	.316	.591	.263	67	0.0	0.0	-0.3	0.0	0.0	999.0
614	Will Banfield	CIN	2	6	6	1	0	0	0	1	1	0	2	0	0	0	.207	.248	.320	.568	.249	51	0.0	0.0	-0.4	0.1	0.0	999.0
615	Jared Serna	MIA	8	35	32	7	1	0	0	4	3	3	7	0	1	0	.218	.282	.311	.593	.264	65	-0.1	0.0	-1.5	0.3	0.0	999.0
616	Patrick Wisdom	SEA	3	14	13	2	0	0	1	2	2	1	5	0	0	0	.185	.262	.390	.653	.283	86	0.0	0.0	-0.2	-0.3	0.0	999.0
617	Kristian Robinson	ARI	3	14	12	3	0	0	0	1	1	1	5	0	0	0	.211	.298	.331	.628	.281	77	0.0	-0.1	-0.4	-0.1	0.0	999.0
618	Yohandy Morales	WSN	13	56	51	12	3	0	1	6	6	4	16	0	0	0	.236	.297	.362	.659	.289	84	-0.1	0.2	-1.1	-0.8	0.0	999.0
619	Tyler Wade	TEX	10	42	37	8	1	0	0	5	3	4	10	0	2	1	.219	.297	.287	.585	.266	69	0.0	-0.3	-1.5	0.0	0.0	999.0
620	Sebastián Rivero	LAA	2	6	6	1	0	0	0	1	1	0	1	0	0	0	.208	.251	.314	.565	.249	55	0.0	0.0	-0.4	0.1	0.0	999.0
621	Jose Miranda	SDP	5	21	19	4	1	0	0	2	2	1	4	0	0	0	.229	.282	.355	.637	.279	81	0.0	0.0	-0.5	-0.3	0.0	999.0
622	Manuel Margot		15	63	58	14	3	0	1	6	6	4	12	1	1	0	.244	.298	.342	.639	.283	79	-0.1	-0.2	-1.6	-0.6	0.0	999.0
623	Trey Mancini	LAA	3	14	13	3	1	0	0	1	2	1	4	0	0	0	.232	.293	.376	.669	.291	84	0.0	0.0	-0.3	-0.3	0.0	999.0
624	Braden Montgomery	CHW	32	140	127	29	7	1	3	14	14	10	41	2	2	1	.229	.293	.361	.654	.287	82	-0.2	-0.6	-3.1	-1.8	0.0	999.0
625	Ethan Murray	MIL	3	14	12	2	1	0	0	1	1	1	4	0	0	0	.195	.273	.287	.560	.254	60	0.0	0.0	-0.7	0.1	0.0	999.0
626	Orelvis Martinez	WSN	23	98	88	17	4	0	3	10	11	8	28	1	0	0	.197	.270	.363	.633	.277	75	-0.1	-0.2	-3.0	-0.5	0.0	999.0
627	Jarred Kelenic	CHW	15	63	57	13	3	0	2	7	6	5	18	0	1	1	.224	.287	.375	.662	.289	83	0.0	-0.3	-1.3	-1.1	0.0	999.0
628	Jeimer Candelario	LAA	3	14	13	3	1	0	0	1	2	1	4	0	0	0	.204	.274	.354	.627	.276	73	0.0	0.0	-0.5	-0.2	0.0	999.0
629	Garrett Hampson	CIN	6	28	25	5	1	0	0	3	2	2	7	0	1	0	.216	.287	.287	.574	.259	58	0.0	0.0	-1.3	0.1	0.0	999.0
630	Riley Adams	WSN	15	61	55	12	2	0	2	6	6	4	20	1	0	0	.212	.280	.361	.640	.281	78	-0.1	-0.4	-1.6	-0.7	0.0	999.0
631	Charlie Condon	COL	49	210	188	46	8	1	6	22	24	16	60	4	1	1	.244	.317	.391	.707	.311	85	-0.4	0.7	-4.2	-3.3	-0.1	999.0
632	Matthew Lugo	LAA	15	63	59	13	3	0	2	7	7	3	19	1	1	0	.225	.271	.377	.647	.281	77	-0.1	-0.3	-1.8	-1.0	-0.1	999.0
633	Deyvison De Los Santos	MIA	26	112	104	24	4	0	4	12	13	6	28	1	1	1	.233	.281	.378	.659	.286	80	-0.1	0.4	-2.7	-1.8	-0.1	999.0
634	Kris Bryant	COL	21	91	81	19	4	0	2	10	9	8	23	2	0	0	.238	.314	.369	.683	.303	79	-0.2	0.0	-2.4	-2.0	-0.1	999.0
635	Adam Frazier		76	329	299	70	13	1	5	32	29	22	60	5	5	3	.235	.295	.333	.628	.278	76	-0.6	-1.8	-10.0	-2.7	-0.2	999.0
