#	Name	Team	GS	G	IP	W	L	QS	SV	HLD	H	ER	HR	SO	BB	WHIP	K/9	BB/9	ERA	FIP	WAR	RA9-WAR	ADP	Vol	Skew	Dim
1	Tarik Skubal	DET	30	30	190.0	14	7	18	0	0	145	57	19	230	38	0.96	10.91	1.80	2.72	2.68	6.0	5.9	6.5	3.42	2.12	2.29
2	Paul Skenes	PIT	30	30	184.2	12	8	17	0	0	143	56	15	222	46	1.02	10.81	2.22	2.75	2.66	5.7	6.0	10.0	2.69	-0.26	2.63
3	Garrett Crochet	BOS	29	29	176.2	13	8	15	0	0	142	60	19	217	45	1.06	11.06	2.31	3.05	2.93	4.9	4.9	11.1	5.00	1.28	3.13
4	Logan Webb	SFG	30	30	194.1	13	10	17	0	0	184	71	16	184	44	1.17	8.50	2.04	3.30	3.05	4.9	4.5	63.6	4.88	0.70	3.46
5	Cristopher Sánchez	PHI	29	29	187.1	12	8	17	0	0	168	67	16	181	46	1.14	8.70	2.20	3.20	3.15	4.5	4.9	27.2	3.70	0.87	3.52
6	Chris Sale	ATL	25	25	153.1	11	6	14	0	0	126	54	16	188	40	1.08	11.05	2.34	3.19	3.02	3.8	3.9	38.2	3.57	0.27	3.57
7	Yoshinobu Yamamoto	LAD	26	26	159.2	12	7	14	0	0	129	58	16	174	47	1.10	9.79	2.64	3.24	3.21	3.8	3.8	26.8	4.19	-0.13	3.63
8	Cole Ragans	KCR	26	26	150.1	10	8	13	0	0	119	57	16	186	53	1.14	11.15	3.16	3.42	3.18	3.7	3.2	45.5	4.10	0.29	3.84
9	Dylan Cease	TOR	29	29	172.2	11	10	13	0	0	143	72	21	205	66	1.21	10.66	3.45	3.74	3.60	3.6	2.8	80.0	5.89	1.17	3.50
10	Framber Valdez	DET	28	28	183.2	13	9	16	0	0	164	71	16	171	60	1.22	8.36	2.96	3.50	3.50	3.6	3.6	95.4	3.70	2.73	3.53
11	Jesús Luzardo	PHI	29	29	173.1	12	9	14	0	0	148	70	21	191	53	1.16	9.94	2.76	3.66	3.53	3.6	3.4	75.8	2.86	0.31	3.70
12	Max Fried	NYY	28	28	178.1	14	8	16	0	0	156	66	16	169	52	1.17	8.51	2.64	3.34	3.44	3.6	4.0	54.2	2.36	1.94	3.54
13	Hunter Brown	HOU	29	29	178.0	12	9	16	0	0	151	69	20	193	58	1.17	9.74	2.92	3.49	3.49	3.5	3.5	37.7	3.35	-0.41	3.63
14	Hunter Greene	CIN	28	28	165.2	10	8	14	0	0	132	67	24	199	53	1.11	10.80	2.89	3.66	3.78	3.5	3.6	43.3	1.97	-0.48	3.65
15	Sonny Gray	BOS	28	28	168.0	12	9	13	0	0	154	71	21	177	43	1.18	9.49	2.33	3.80	3.51	3.4	3.0	133.0	2.52	1.24	3.76
16	Bryan Woo	SEA	29	29	182.2	13	8	15	0	0	151	69	24	184	38	1.03	9.07	1.86	3.40	3.57	3.4	3.3	38.7	3.84	-0.15	3.19
17	Jacob deGrom	TEX	25	25	152.0	10	7	12	0	0	124	58	21	171	34	1.04	10.11	2.03	3.44	3.43	3.3	3.1	46.8	2.85	0.56	3.55
18	Logan Gilbert	SEA	28	28	164.1	10	8	13	0	0	135	63	22	184	36	1.04	10.05	1.98	3.43	3.38	3.3	2.9	32.8	2.29	0.43	3.43
19	Ranger Suárez	BOS	27	27	164.0	11	9	13	0	0	157	67	17	147	47	1.24	8.07	2.55	3.68	3.62	3.2	3.2	173.9	2.73	-0.65	3.87
20	Joe Ryan	MIN	28	28	168.1	11	10	13	0	0	145	71	25	185	38	1.09	9.90	2.03	3.81	3.71	3.2	2.6	71.9	1.85	-0.82	3.50
21	Kevin Gausman	TOR	29	29	179.1	11	10	14	0	0	163	78	24	175	51	1.19	8.80	2.55	3.93	3.83	3.1	2.5	125.7	3.36	0.13	3.65
22	George Kirby	SEA	28	28	165.0	12	9	14	0	0	151	67	20	161	31	1.10	8.78	1.71	3.63	3.47	3.1	2.5	69.6	2.95	0.40	3.77
23	Kyle Bradish	BAL	25	25	140.2	8	7	11	0	0	120	56	16	151	44	1.17	9.67	2.84	3.60	3.54	3.0	2.5	69.8	3.02	0.54	4.26
24	Nathan Eovaldi	TEX	25	25	153.0	11	8	13	0	0	134	62	18	148	37	1.11	8.69	2.16	3.65	3.58	2.9	2.7	150.7	5.39	-1.09	3.95
25	Chase Burns	CIN	24	29	131.2	7	8	10	0	0	112	53	18	156	41	1.16	10.64	2.84	3.61	3.54	2.9	2.9	104.5	4.64	0.73	4.20
26	Pablo López	MIN	26	26	154.2	10	8	12	0	0	144	65	19	155	39	1.18	9.01	2.29	3.79	3.62	2.9	2.5	140.0	2.95	1.52	4.16
27	Zack Wheeler	PHI	20	20	126.0	9	5	12	0	0	102	46	15	145	34	1.08	10.39	2.41	3.30	3.29	2.9	3.1	119.3	4.17	0.32	3.86
28	Freddy Peralta	NYM	28	28	164.0	12	9	12	0	0	134	69	22	183	60	1.19	10.02	3.32	3.76	3.88	2.9	2.7	58.7	3.45	0.40	3.67
29	Brandon Woodruff	MIL	25	25	143.2	10	7	11	0	0	121	59	20	152	39	1.11	9.54	2.43	3.71	3.79	2.8	2.6	105.1	2.97	0.66	4.01
30	Michael King	SDP	28	28	159.0	10	8	11	0	0	140	66	21	166	56	1.23	9.36	3.16	3.73	3.96	2.8	2.7	127.7	3.40	0.38	3.93
31	Blake Snell	LAD	24	24	136.0	10	7	11	0	0	105	52	14	167	58	1.20	11.04	3.84	3.44	3.41	2.8	2.8	94.5	2.64	-0.02	3.99
32	José Soriano	LAA	30	30	168.1	10	10	13	0	0	149	70	14	156	72	1.32	8.34	3.87	3.77	3.84	2.7	2.8	411.7	2.39	1.00	3.43
33	Drew Rasmussen	TBR	29	29	155.0	10	8	10	0	0	140	63	18	139	39	1.16	8.10	2.27	3.68	3.71	2.7	2.8	155.2	4.53	-0.43	4.23
34	Nick Pivetta	SDP	29	29	172.1	11	9	14	0	0	147	75	27	188	51	1.15	9.80	2.68	3.92	3.97	2.6	2.5	98.5	1.64	-1.04	3.60
35	Eury Pérez	MIA	27	27	144.0	9	9	9	0	0	119	63	20	160	48	1.16	10.01	2.97	3.92	3.83	2.6	2.4	85.6	2.87	0.39	4.07
36	MacKenzie Gore	TEX	28	28	157.2	10	10	12	0	0	138	69	20	177	60	1.26	10.12	3.44	3.92	3.84	2.6	2.1	176.6	4.44	1.54	3.66
37	Jack Flaherty	DET	28	28	156.1	10	10	12	0	0	140	70	21	172	54	1.24	9.91	3.08	4.05	3.85	2.6	2.0	228.0	2.62	0.82	3.67
38	Kris Bubic	KCR	23	29	133.1	8	8	10	0	1	122	55	14	129	43	1.24	8.73	2.91	3.73	3.61	2.5	2.2	214.2	2.57	-0.75	4.43
39	Spencer Strider	ATL	26	26	151.2	11	9	11	0	0	130	66	20	178	54	1.22	10.55	3.23	3.93	3.75	2.5	2.4	95.0	2.85	0.14	3.70
40	Matthew Boyd	CHC	27	27	156.1	10	9	12	0	0	143	68	21	143	44	1.19	8.21	2.52	3.88	4.00	2.5	2.4	232.1	3.99	-3.41	4.09
41	Tanner Bibee	CLE	29	29	176.1	11	10	12	0	0	162	78	24	165	52	1.22	8.41	2.67	3.98	4.07	2.5	2.2	185.1	3.11	1.88	3.72
42	Trevor Rogers	BAL	27	27	158.0	9	9	12	0	0	150	71	19	136	51	1.27	7.77	2.90	4.02	4.02	2.4	1.9	165.3	3.76	-1.20	3.97
43	Aaron Nola	PHI	27	27	162.1	10	10	12	0	0	153	75	25	159	45	1.22	8.79	2.47	4.15	4.08	2.4	2.2	209.1	3.77	0.71	3.74
44	Tyler Glasnow	LAD	23	23	130.2	8	6	11	0	0	104	54	16	153	49	1.16	10.52	3.34	3.69	3.58	2.4	2.4	118.8	2.47	0.81	4.27
45	Andrew Abbott	CIN	28	28	162.2	10	9	11	0	0	153	76	26	149	51	1.25	8.22	2.80	4.18	4.40	2.4	2.4	211.1	4.25	0.11	3.70
46	Sandy Alcantara	MIA	28	28	173.1	10	11	12	0	0	168	80	20	143	50	1.26	7.42	2.61	4.16	4.00	2.4	2.3	152.7	3.48	0.74	3.67
47	Shohei Ohtani	LAD	21	21	108.0	7	5	8	0	0	86	40	13	128	33	1.10	10.71	2.75	3.37	3.37	2.3	2.4	1.3	1.73	-0.19	4.01
48	Nick Lodolo	CIN	26	26	147.2	9	8	11	0	0	136	66	21	149	38	1.18	9.06	2.29	4.01	4.04	2.3	2.5	129.4	1.95	-0.07	4.11
49	Brady Singer	CIN	29	29	166.2	11	11	12	0	0	161	81	24	154	53	1.29	8.33	2.87	4.40	4.28	2.3	2.1	352.1	2.75	0.00	3.14
50	David Peterson	NYM	27	27	159.2	9	7	13	0	0	152	70	16	143	61	1.34	8.03	3.45	3.92	3.91	2.3	2.4	490.6	4.13	0.08	3.51
51	Mitch Keller	PIT	29	29	174.2	9	11	13	0	0	173	84	22	153	52	1.29	7.87	2.70	4.32	4.11	2.3	2.1	609.0	1.67	1.46	3.36
52	Nolan McLean	NYM	26	26	151.0	11	8	11	0	0	132	62	16	149	57	1.25	8.87	3.40	3.71	3.85	2.3	2.6	96.3	3.36	-1.57	3.91
53	Merrill Kelly	ARI	29	29	174.0	11	8	13	0	0	164	79	23	156	52	1.24	8.07	2.66	4.08	4.02	2.3	2.4	235.6	2.28	0.04	3.62
54	Emmet Sheehan	LAD	23	34	134.1	9	6	7	0	0	110	58	19	153	43	1.14	10.25	2.88	3.92	3.78	2.3	1.8	129.2	1.90	0.34	4.09
55	Luis Castillo	SEA	29	29	173.1	11	10	14	0	0	158	75	24	162	49	1.19	8.39	2.52	3.89	4.04	2.3	2.0	173.3	1.53	-0.34	3.87
56	Michael Wacha	KCR	28	28	163.2	10	10	12	0	0	162	79	22	126	49	1.29	6.91	2.67	4.33	4.29	2.2	1.6	689.9	4.49	-0.72	3.47
57	Yusei Kikuchi	LAA	29	29	167.0	8	10	11	0	0	160	79	25	168	59	1.31	9.08	3.20	4.24	4.26	2.1	1.9	552.3	4.01	0.30	3.31
58	Shane McClanahan	TBR	20	20	118.0	8	6	9	0	0	103	48	15	124	36	1.18	9.46	2.73	3.69	3.71	2.1	2.1	217.1	4.52	1.95	4.48
59	Trey Yesavage	TOR	25	30	135.1	8	6	9	0	0	112	58	17	151	57	1.24	10.05	3.77	3.86	3.86	2.1	1.9	144.4	3.18	0.27	4.22
60	Casey Mize	DET	26	26	143.2	9	8	9	0	0	141	66	19	125	38	1.25	7.82	2.41	4.11	4.06	2.1	1.8	281.0	2.08	-1.61	4.17
61	Cody Ponce	TOR	23	34	137.2	8	8	9	0	1	127	62	19	140	45	1.25	9.13	2.95	4.07	3.98	2.0	1.5	277.1	3.40	1.45	4.21
62	Zac Gallen	ARI	28	29	162.1	12	10	12	0	0	153	75	22	155	53	1.27	8.59	2.94	4.18	4.07	2.0	1.9	223.3	3.60	0.33	3.28
63	Joe Musgrove	SDP	24	24	136.1	8	8	11	0	0	128	59	19	130	35	1.19	8.55	2.31	3.91	3.98	2.0	2.1	218.9	2.14	0.34	4.48
64	Braxton Ashcraft	PIT	22	37	133.1	7	7	6	0	1	129	58	14	118	42	1.29	7.99	2.85	3.89	3.77	2.0	2.0	266.5	2.15	-0.64	4.45
65	Clay Holmes	NYM	27	28	143.0	10	8	9	0	0	136	61	13	118	54	1.32	7.41	3.38	3.86	3.97	2.0	2.2	410.7	2.61	-1.17	3.71
66	Shane Baz	BAL	27	27	156.1	9	9	11	0	0	143	72	22	154	53	1.25	8.84	3.06	4.17	4.17	2.0	1.6	200.1	3.22	2.27	3.78
67	Grayson Rodriguez	LAA	20	20	114.2	8	7	9	0	0	105	51	15	120	38	1.24	9.45	3.00	3.98	3.86	2.0	1.7	263.8	3.04	1.03	4.59
68	Bubba Chandler	PIT	25	30	141.0	8	8	9	0	0	132	67	17	131	50	1.29	8.34	3.20	4.27	4.12	1.9	1.6	152.4	3.93	-0.48	3.93
69	Robbie Ray	SFG	29	29	168.1	9	10	12	0	0	149	79	25	175	66	1.28	9.39	3.53	4.23	4.24	1.9	1.9	160.3	1.88	0.29	3.30
70	Shota Imanaga	CHC	25	25	151.2	10	8	12	0	0	140	68	27	138	33	1.14	8.16	1.93	4.02	4.37	1.9	2.1	175.1	3.40	-1.30	3.94
71	Gavin Williams	CLE	28	28	161.1	10	9	11	0	0	140	71	20	164	69	1.30	9.13	3.86	3.96	4.14	1.9	2.1	147.5	2.31	-0.60	3.53
72	Edward Cabrera	CHC	24	24	133.0	8	7	9	0	0	113	59	16	142	52	1.24	9.60	3.53	3.99	3.92	1.9	1.9	186.5	1.92	1.11	4.26
73	Chris Bassitt	BAL	26	27	148.0	10	9	11	0	0	143	69	19	136	51	1.31	8.26	3.08	4.17	4.17	1.9	1.7	622.0	1.83	0.09	3.59
74	Reid Detmers	LAA	23	34	136.2	8	9	7	0	0	124	65	19	150	50	1.27	9.90	3.31	4.26	3.97	1.9	1.4	353.6	4.68	1.58	3.90
75	Bailey Ober	MIN	24	30	142.2	8	8	10	0	0	137	69	24	130	33	1.19	8.20	2.08	4.36	4.32	1.8	1.3	320.3	1.39	0.29	3.94
76	Cam Schlittler	NYY	24	24	133.0	8	8	9	0	0	118	58	17	133	51	1.27	8.98	3.44	3.92	4.06	1.8	2.0	125.4	3.34	-1.00	4.29
77	Quinn Priester	MIL	28	28	162.0	10	9	11	0	0	157	75	19	131	53	1.30	7.31	2.93	4.15	4.18	1.8	2.0	276.4	2.60	-0.46	3.60
78	Carlos Rodón	NYY	24	24	143.2	11	8	11	0	0	123	65	21	152	52	1.22	9.53	3.26	4.07	4.13	1.8	1.9	195.9	2.94	-1.36	3.82
79	Jacob Misiorowski	MIL	25	32	140.0	9	7	9	0	0	113	63	18	160	64	1.26	10.26	4.09	4.03	4.06	1.8	1.9	121.9	2.82	-0.31	3.93
80	Ryan Pepiot	TBR	29	29	165.1	11	10	12	0	0	144	76	26	167	57	1.22	9.07	3.10	4.14	4.34	1.8	2.0	133.5	4.63	-0.75	3.56
81	Braxton Garrett	MIA	20	27	115.1	6	6	7	0	1	113	52	14	102	28	1.22	8.00	2.15	4.03	3.83	1.8	1.6	627.8	3.16	0.17	4.76
82	Jack Leiter	TEX	28	28	157.0	9	10	9	0	0	139	75	23	151	62	1.28	8.65	3.57	4.29	4.44	1.8	1.4	241.7	2.28	-0.75	3.56
83	Sean Manaea	NYM	23	33	132.0	7	7	8	0	0	116	61	19	138	40	1.19	9.38	2.76	4.16	4.01	1.8	1.5	281.5	2.95	0.34	4.20
84	Brayan Bello	BOS	27	27	155.2	10	9	11	0	0	154	74	18	127	54	1.34	7.34	3.13	4.26	4.23	1.8	1.9	453.3	3.01	0.20	3.34
85	Michael McGreevy	STL	24	28	143.0	8	8	10	0	0	147	66	16	97	34	1.27	6.12	2.14	4.13	4.07	1.8	1.8	999.0	2.70	1.07	4.28
86	Foster Griffin	WSN	22	29	130.0	6	7	9	0	0	124	60	16	118	42	1.28	8.18	2.91	4.15	4.04	1.8	1.6	735.6	3.76	1.71	4.50
87	Brandon Pfaadt	ARI	29	29	169.0	10	10	11	0	0	174	84	25	148	39	1.26	7.88	2.08	4.50	4.13	1.8	1.5	687.8	4.09	0.80	3.12
88	Zebby Matthews	MIN	21	33	122.0	7	7	7	0	0	118	56	18	119	31	1.23	8.79	2.31	4.10	3.94	1.7	1.4	311.2	5.55	1.62	4.61
89	Shane Bieber	TOR	18	18	102.2	6	5	7	0	0	96	43	13	95	25	1.18	8.32	2.18	3.76	3.78	1.7	1.6	210.7	1.69	-0.87	4.41
90	Shane Smith	CHW	28	28	156.2	8	9	10	0	0	139	72	21	152	58	1.26	8.76	3.31	4.14	4.25	1.7	2.0	254.7	3.42	-1.58	3.94
91	Jameson Taillon	CHC	26	26	153.2	10	9	12	0	0	153	75	25	118	36	1.23	6.94	2.11	4.39	4.50	1.7	1.5	404.9	4.06	-1.18	3.63
92	Cade Cavalli	WSN	24	24	137.0	7	9	9	0	0	135	64	16	115	49	1.34	7.55	3.21	4.23	4.21	1.7	1.6	394.1	3.54	0.18	4.01
93	Tyler Mahle	SFG	23	23	129.2	7	8	8	0	0	124	58	16	107	40	1.27	7.41	2.77	4.06	4.14	1.7	1.7	311.6	2.43	-3.00	4.57
94	Tatsuya Imai	HOU	26	26	150.1	8	7	11	0	0	134	72	20	148	63	1.31	8.85	3.78	4.31	4.30	1.7	1.4	999.0	6.32	-0.43	3.66
95	Ryne Nelson	ARI	28	28	159.2	9	7	12	0	0	158	75	22	130	44	1.26	7.35	2.46	4.25	4.18	1.6	1.9	257.8	2.28	-0.58	3.91
96	Cade Horton	CHC	23	23	127.1	9	7	8	0	0	116	56	16	110	40	1.23	7.77	2.85	3.98	4.14	1.6	1.8	195.6	5.59	-0.84	4.34
97	Gerrit Cole	NYY	18	18	110.0	7	5	8	0	0	98	48	16	111	33	1.19	9.08	2.68	3.92	3.98	1.6	1.7	277.5	2.77	-0.66	4.60
98	Noah Cameron	KCR	25	25	143.2	8	8	10	0	0	138	67	20	121	47	1.29	7.58	2.94	4.21	4.32	1.6	1.7	269.9	4.15	-2.47	4.04
99	Zack Littell		27	28	152.0	8	9	11	0	0	158	75	25	116	31	1.24	6.89	1.82	4.47	4.47	1.6	1.3	701.8	3.85	-0.33	3.79
100	Landen Roupp	SFG	22	27	119.2	7	7	7	0	0	113	54	13	111	48	1.35	8.35	3.58	4.09	3.99	1.6	1.5	704.2	3.07	3.14	4.23
101	Matthew Liberatore	STL	27	27	145.0	7	9	10	0	0	144	71	19	118	46	1.31	7.33	2.83	4.38	4.27	1.6	1.3	999.0	3.03	1.13	3.96
102	Reynaldo López	ATL	22	30	127.0	7	6	8	0	1	118	56	16	125	44	1.28	8.84	3.12	3.96	3.94	1.6	1.8	338.8	5.17	1.39	4.46
103	Joey Cantillo	CLE	19	39	125.1	7	7	6	0	1	109	54	15	132	54	1.30	9.43	3.84	3.89	3.94	1.6	1.5	269.6	2.06	1.22	4.29
104	Justin Verlander	DET	23	23	127.2	7	8	9	0	0	125	63	19	108	41	1.30	7.59	2.85	4.40	4.42	1.5	1.1	719.2	1.45	1.58	4.24
105	Eduardo Rodriguez	ARI	24	24	136.1	8	9	9	0	0	137	67	19	121	48	1.36	7.98	3.18	4.43	4.30	1.5	1.3	999.0	2.29	0.44	3.57
106	Logan Henderson	MIL	17	32	109.0	7	6	7	0	0	97	49	17	109	33	1.19	9.03	2.70	4.05	4.10	1.5	1.4	261.0	2.83	-1.01	4.57
107	Seth Lugo	KCR	26	26	155.2	9	9	12	0	0	153	76	23	131	51	1.31	7.58	2.94	4.39	4.45	1.5	1.5	472.0	4.38	-0.55	3.53
108	Jeffrey Springs	ATH	29	29	163.2	10	10	11	0	0	161	83	27	140	52	1.30	7.68	2.85	4.56	4.64	1.5	1.2	702.8	2.92	0.60	3.12
109	Bryce Miller	SEA	25	25	144.1	8	8	9	0	0	133	68	22	129	42	1.21	8.02	2.61	4.23	4.30	1.5	0.9	230.1	2.75	-0.61	4.10
110	Dustin May	STL	23	29	135.0	7	9	9	0	0	125	64	17	121	50	1.30	8.07	3.35	4.28	4.24	1.5	1.3	640.0	2.66	0.91	4.14
111	Steven Matz	TBR	20	34	125.2	6	6	7	0	1	127	59	18	103	34	1.28	7.35	2.43	4.20	4.25	1.5	1.3	718.4	2.24	0.75	4.68
112	Adrian Houser	SFG	25	25	138.1	7	7	9	0	0	144	67	15	99	46	1.38	6.45	3.00	4.36	4.29	1.5	1.3	735.5	2.19	0.63	3.78
113	Dean Kremer	BAL	26	26	152.0	9	9	10	0	0	149	75	23	128	47	1.29	7.56	2.77	4.46	4.47	1.5	1.0	999.0	2.82	-0.84	3.52
114	Luis Severino	ATH	29	29	172.0	9	11	12	0	0	173	88	25	138	55	1.33	7.21	2.89	4.62	4.59	1.5	1.1	688.4	3.53	-0.33	2.91
115	Kyle Freeland	COL	28	28	161.2	7	12	11	0	0	185	92	27	118	43	1.41	6.56	2.37	5.13	4.72	1.4	1.4	999.0	3.37	-0.97	2.34
116	Mason Miller	SDP	0	60	65.2	3	2	0	33	4	40	18	6	101	25	0.98	13.84	3.41	2.49	2.45	1.4	1.5	28.4	2.99	0.88	2.12
117	Chad Patrick	MIL	24	24	128.0	6	8	8	0	1	121	61	20	120	43	1.28	8.46	3.01	4.32	4.41	1.4	1.3	349.1	1.97	-0.08	4.34
118	Kodai Senga	NYM	19	27	112.0	7	6	7	0	0	96	49	14	115	48	1.29	9.23	3.89	3.93	4.08	1.4	1.6	259.5	3.95	-0.12	4.49
119	Taj Bradley	MIN	18	32	113.1	6	7	8	0	1	106	55	16	110	40	1.29	8.77	3.16	4.36	4.14	1.4	0.8	597.8	3.34	0.38	4.48
120	Parker Messick	CLE	21	22	115.0	7	6	8	0	0	110	51	14	104	38	1.28	8.12	2.96	4.01	4.07	1.4	1.4	298.0	1.15	0.96	4.68
121	Spencer Schwellenbach	ATL	12	12	72.1	5	3	6	0	0	65	29	8	70	15	1.10	8.71	1.82	3.62	3.43	1.4	1.4	198.4	4.77	-0.66	3.82
122	Andre Pallante	STL	25	26	136.1	7	9	9	0	0	139	67	13	94	53	1.41	6.17	3.50	4.39	4.30	1.4	1.3	999.0	2.67	0.71	3.60
123	Simeon Woods Richardson	MIN	22	30	122.0	6	6	6	0	0	116	62	17	111	46	1.33	8.17	3.42	4.54	4.40	1.4	0.8	507.9	3.39	1.32	4.08
124	Jacob Lopez	ATH	23	23	127.0	8	7	9	0	0	112	61	19	130	50	1.28	9.19	3.58	4.29	4.42	1.4	1.3	403.4	2.34	0.76	4.10
125	Cade Smith	CLE	0	68	70.1	5	3	0	31	4	54	23	6	91	20	1.05	11.64	2.55	2.94	2.62	1.4	1.1	42.1	2.07	-0.69	2.46
126	Zach Eflin	BAL	24	24	140.1	9	8	10	0	0	147	69	23	108	27	1.24	6.94	1.72	4.43	4.38	1.4	1.0	735.5	2.46	1.39	3.89
127	Mike Burrows	HOU	23	29	126.1	6	7	7	0	0	114	58	19	122	44	1.25	8.70	3.15	4.11	4.32	1.3	1.4	280.0	1.45	-0.57	4.57
128	Max Meyer	MIA	22	27	124.2	6	8	8	0	0	123	60	17	114	41	1.32	8.21	2.98	4.36	4.23	1.3	1.3	642.8	4.22	0.14	4.28
129	Michael Soroka	ARI	22	37	132.0	7	8	6	0	1	120	63	17	129	48	1.27	8.80	3.26	4.28	4.13	1.3	1.4	673.7	4.96	-0.98	4.21
130	Justin Steele	CHC	14	14	74.2	6	4	6	0	0	68	30	9	70	20	1.17	8.44	2.38	3.65	3.66	1.3	1.4	420.3	1.95	-1.02	4.07
131	Jared Jones	PIT	15	15	85.1	5	5	6	0	0	77	38	11	88	28	1.24	9.25	2.98	4.03	3.92	1.3	1.3	687.0	3.47	-0.05	4.57
132	Nick Martinez	TBR	22	36	138.1	9	9	10	0	1	141	69	20	106	37	1.29	6.87	2.40	4.47	4.39	1.3	0.9	700.9	3.64	-0.80	3.85
133	Brad Lord	WSN	23	32	131.2	6	9	9	1	1	131	64	16	102	44	1.33	7.00	3.02	4.41	4.33	1.3	1.2	999.0	1.71	-0.63	4.17
134	Will Warren	NYY	21	36	123.0	7	8	6	0	0	118	59	17	122	44	1.32	8.93	3.24	4.31	4.19	1.3	1.1	406.5	3.99	0.08	4.20
135	Ryan Weathers	NYY	21	33	126.1	7	7	8	0	0	115	57	18	120	43	1.25	8.53	3.04	4.04	4.22	1.2	1.5	252.6	3.66	-0.10	4.56
136	Grant Taylor	CHW	2	69	81.2	4	4	0	7	14	68	31	7	97	32	1.22	10.73	3.51	3.44	3.11	1.2	1.0	476.6	4.97	1.21	3.97
137	Roki Sasaki	LAD	18	32	112.1	7	6	7	0	1	102	52	14	107	46	1.31	8.59	3.68	4.18	4.23	1.2	1.1	231.3	2.25	1.16	4.51
138	Lucas Giolito		26	26	139.0	8	8	10	0	0	135	71	21	125	54	1.36	8.11	3.50	4.58	4.60	1.2	1.0	591.9	3.94	-0.72	3.38
139	Jhoan Duran	PHI	0	66	68.1	5	4	0	33	3	56	22	5	79	20	1.11	10.37	2.69	2.88	2.85	1.2	1.3	39.9	2.11	-0.93	2.23
140	Andrew Alvarez	WSN	16	39	110.2	5	6	6	0	1	108	52	12	83	43	1.36	6.72	3.52	4.25	4.32	1.2	1.0	999.0	2.94	0.58	4.49
141	Cristian Javier	HOU	26	26	140.2	8	9	9	0	0	128	74	22	127	60	1.34	8.14	3.82	4.70	4.78	1.1	0.6	513.3	4.17	-1.67	3.35
142	Kumar Rocker	TEX	18	26	99.1	5	6	5	0	1	95	48	13	87	33	1.29	7.91	2.96	4.32	4.20	1.1	0.7	999.0	2.82	1.34	4.82
143	Aaron Civale	ATH	21	21	117.1	6	7	7	0	0	115	60	19	102	38	1.30	7.80	2.88	4.60	4.58	1.1	0.8	999.0	1.60	-1.17	4.18
144	Griffin Jax	TBR	0	65	66.1	4	4	0	15	14	54	23	7	83	18	1.09	11.29	2.47	3.17	2.89	1.1	1.0	202.6	1.97	0.17	3.35
145	Slade Cecconi	CLE	26	26	146.2	7	9	9	0	0	147	75	24	121	37	1.25	7.43	2.28	4.58	4.53	1.1	0.9	735.2	2.93	0.57	3.75
146	Hunter Barco	PIT	12	29	80.1	4	4	4	0	1	74	37	9	73	32	1.33	8.19	3.63	4.10	4.08	1.1	0.9	999.0	2.13	-0.65	4.56
147	Edwin Díaz	LAD	0	64	66.2	5	3	0	37	3	48	23	7	91	23	1.06	12.33	3.08	3.04	2.92	1.1	1.0	33.2	1.27	0.07	2.04
148	Robby Snelling	MIA	14	15	77.2	5	5	6	0	0	76	35	9	67	28	1.34	7.81	3.22	4.10	4.11	1.0	1.1	999.0	2.46	0.67	4.51
149	José Berríos	TOR	17	35	115.2	7	7	8	0	1	112	56	18	98	36	1.27	7.62	2.76	4.32	4.49	1.0	0.9	735.7	2.55	0.28	4.49
150	Hurston Waldrep	ATL	22	22	125.0	8	7	8	0	0	120	62	14	108	57	1.42	7.81	4.13	4.44	4.38	1.0	1.2	242.0	3.34	0.00	3.54
151	Johan Oviedo	BOS	15	38	102.1	6	5	5	0	1	91	48	13	98	44	1.32	8.62	3.90	4.25	4.40	1.0	1.1	532.9	1.20	-0.44	4.69
152	Jacob Latz	TEX	14	38	107.2	4	4	5	0	1	96	51	14	100	50	1.36	8.36	4.18	4.25	4.42	1.0	0.8	720.5	3.70	-1.61	4.42
153	Jose Quintana	COL	21	21	114.1	7	8	7	0	0	126	62	16	81	44	1.49	6.37	3.49	4.92	4.82	1.0	1.2	999.0	8.75	0.27	3.25
154	Bryan Abreu	HOU	0	65	68.1	3	3	0	9	21	52	24	7	91	28	1.17	11.96	3.72	3.14	3.18	1.0	0.9	246.4	1.15	-0.03	3.63
155	Connelly Early	BOS	7	23	53.2	4	3	3	0	1	47	22	5	56	20	1.24	9.34	3.30	3.69	3.55	1.0	0.9	258.0	2.25	0.07	3.92
156	Aroldis Chapman	BOS	0	59	59.0	4	3	0	30	3	42	20	5	81	25	1.14	12.36	3.89	3.04	2.97	1.0	1.0	60.0	1.32	-0.51	2.41
157	Chris Paddack	MIA	19	26	110.2	5	6	6	0	0	117	59	18	87	28	1.31	7.06	2.29	4.82	4.56	1.0	0.5	999.0	2.84	0.12	4.12
158	Max Scherzer		18	18	91.2	6	6	6	0	0	89	47	16	88	25	1.24	8.61	2.47	4.65	4.47	1.0	0.6	999.0	1.67	2.13	4.39
159	Logan Allen	CLE	21	25	116.1	6	7	6	0	0	118	58	17	94	44	1.39	7.26	3.43	4.50	4.63	1.0	0.7	999.0	1.65	0.25	3.97
160	Patrick Corbin		24	24	126.2	7	9	8	0	0	136	69	19	101	42	1.41	7.17	3.00	4.88	4.61	1.0	0.4	999.0	3.72	0.25	3.39
161	Jeremiah Estrada	SDP	0	68	69.2	4	3	0	3	25	54	26	9	92	27	1.16	11.87	3.52	3.39	3.43	0.9	0.8	604.7	2.46	1.19	3.95
162	Davis Martin	CHW	26	26	147.0	7	10	9	0	0	148	75	22	113	52	1.36	6.94	3.18	4.60	4.71	0.9	1.0	999.0	2.40	0.77	3.50
163	Ian Seymour	TBR	13	31	90.1	6	5	5	0	1	84	42	13	86	27	1.23	8.59	2.73	4.18	4.12	0.9	0.8	300.9	2.85	-1.83	4.64
164	Devin Williams	NYM	0	64	65.1	4	4	0	31	4	47	23	6	85	27	1.14	11.70	3.73	3.20	3.06	0.9	0.9	63.0	2.67	1.03	2.43
165	Miles Mikolas	WSN	25	25	131.2	7	9	8	0	0	144	71	22	89	29	1.32	6.10	1.99	4.86	4.73	0.9	0.5	999.0	2.21	0.50	3.56
166	Anthony Kay	CHW	22	23	121.2	6	8	9	0	0	120	61	16	97	49	1.39	7.20	3.61	4.49	4.62	0.9	1.0	735.5	4.07	0.48	4.01
167	Michael Lorenzen	COL	25	25	142.0	6	11	8	0	0	153	82	25	113	51	1.44	7.13	3.25	5.18	5.01	0.9	1.1	999.0	3.97	-0.55	2.62
168	Abner Uribe	MIL	0	67	69.1	4	3	0	16	16	54	24	5	81	30	1.21	10.51	3.89	3.15	3.24	0.9	1.1	151.5	2.47	1.20	3.30
169	Hunter Dobbins	STL	14	27	91.1	5	5	5	0	1	92	44	11	68	30	1.33	6.66	2.95	4.38	4.33	0.9	0.7	999.0	2.11	0.11	4.64
170	Patrick Sandoval	BOS	10	30	72.2	4	5	4	0	1	70	33	7	68	31	1.40	8.45	3.89	4.15	3.98	0.9	0.8	999.0	4.25	0.28	4.42
171	Kyle Leahy	STL	16	41	118.0	5	6	6	0	2	118	59	15	96	44	1.38	7.29	3.35	4.48	4.39	0.9	0.7	999.0	6.34	1.85	4.20
172	Grant Holmes	ATL	14	29	93.1	5	5	5	0	1	88	43	12	94	36	1.32	9.04	3.44	4.16	4.11	0.9	1.0	671.7	2.47	-0.68	4.74
173	Jordan Montgomery	TEX	14	15	80.0	5	5	5	0	0	83	41	11	62	26	1.37	6.93	2.92	4.57	4.37	0.9	0.5	999.0	2.10	1.07	4.53
174	Garrett Whitlock	BOS	0	58	65.1	4	3	0	4	19	56	24	6	72	18	1.15	9.96	2.55	3.36	3.18	0.9	0.9	705.5	1.79	1.90	3.84
175	Rhett Lowder	CIN	11	27	77.2	4	4	4	0	1	77	37	10	62	25	1.31	7.21	2.87	4.34	4.33	0.8	0.8	719.6	2.87	-1.28	4.51
176	David Bednar	NYY	0	63	64.2	4	4	0	31	4	52	24	7	77	21	1.13	10.74	2.94	3.37	3.27	0.8	0.8	58.7	2.04	0.78	2.33
177	Robert Gasser	MIL	10	33	76.1	4	4	3	0	2	70	34	10	69	25	1.25	8.14	2.91	4.01	4.24	0.8	0.8	735.9	1.87	0.37	4.33
178	Ryan Feltner	COL	17	30	105.1	4	6	6	0	0	111	60	15	86	42	1.46	7.34	3.63	5.14	4.72	0.8	0.7	999.0	2.96	1.11	3.65
179	JP Sears	SDP	24	27	130.1	8	9	8	0	0	127	67	24	110	37	1.26	7.57	2.54	4.63	4.80	0.8	0.8	999.0	1.87	-1.38	3.83
180	Luis Morales	ATH	20	25	113.2	7	7	7	0	0	107	58	18	99	45	1.34	7.86	3.59	4.57	4.71	0.8	0.7	638.0	2.16	0.11	4.15
181	Carmen Mlodzinski	PIT	5	45	72.0	4	4	1	0	3	68	30	7	65	24	1.28	8.10	2.98	3.76	3.75	0.8	0.9	999.0	2.31	-1.48	4.14
182	Janson Junk	MIA	10	35	85.2	4	4	3	0	1	92	44	11	63	19	1.30	6.59	2.04	4.59	4.19	0.8	0.4	999.0	4.91	2.01	4.48
183	Brandon Sproat	MIL	11	23	70.2	3	4	4	0	1	66	33	8	60	27	1.31	7.60	3.41	4.19	4.22	0.8	0.7	999.0	2.16	0.27	4.33
184	Matt Strahm	KCR	0	63	65.1	4	3	0	2	20	54	25	8	72	19	1.12	9.83	2.67	3.49	3.53	0.8	0.6	999.0	1.94	-0.45	3.81
185	Andrés Muñoz	SEA	0	61	63.1	4	3	0	34	3	46	20	5	78	25	1.12	11.13	3.57	2.90	3.05	0.8	0.9	40.8	1.50	-2.39	2.04
186	Griffin Canning	SDP	22	22	114.1	7	7	7	0	0	114	58	17	99	44	1.38	7.80	3.46	4.55	4.59	0.8	0.8	999.0	1.74	0.49	3.95
187	Will Vest	DET	0	61	65.0	4	4	0	8	14	57	24	6	66	20	1.19	9.13	2.80	3.34	3.27	0.8	0.8	455.7	0.99	0.72	3.74
188	Hunter Harvey	CHC	0	50	53.0	3	2	0	4	13	45	20	5	57	15	1.13	9.63	2.52	3.34	3.29	0.8	0.7	735.8	2.26	0.23	3.51
189	Orion Kerkering	PHI	0	63	64.1	5	4	0	2	17	55	25	6	69	23	1.21	9.61	3.21	3.50	3.50	0.8	0.7	999.0	1.47	-0.74	4.07
190	Adrian Morejon	SDP	0	65	68.0	6	4	0	3	17	60	26	6	68	21	1.19	8.95	2.81	3.45	3.40	0.8	0.8	719.4	1.33	0.02	3.99
191	Josh Hader	HOU	0	54	57.0	4	3	0	30	2	40	21	8	77	21	1.07	12.19	3.28	3.26	3.36	0.8	0.8	75.6	1.63	0.17	2.41
192	Alex Cobb		10	10	51.1	3	3	4	0	0	51	23	6	42	16	1.32	7.31	2.86	4.01	3.99	0.7	0.7	999.0	2.24	-1.49	3.96
193	Randy Vásquez	SDP	26	26	138.0	6	9	8	0	0	145	74	21	92	50	1.41	5.97	3.24	4.84	5.00	0.7	0.5	999.0	3.02	0.28	3.33
194	Ben Brown	CHC	3	34	53.0	3	3	1	0	1	47	22	6	59	17	1.20	10.02	2.88	3.77	3.48	0.7	0.6	999.0	3.31	0.26	3.81
195	Trevor Megill	MIL	0	62	65.0	4	3	0	22	8	53	25	7	78	23	1.17	10.80	3.14	3.44	3.37	0.7	0.7	133.6	1.94	-1.99	3.04
196	José Alvarado	PHI	0	56	58.0	5	3	0	4	14	50	23	6	65	21	1.24	10.14	3.33	3.52	3.38	0.7	0.6	999.0	1.98	1.07	3.99
197	Tomoyuki Sugano	COL	22	22	122.1	7	9	7	0	0	141	70	23	80	30	1.39	5.87	2.18	5.16	5.10	0.7	1.0	999.0	5.48	0.03	3.28
198	Lance McCullers Jr.	HOU	17	24	91.0	5	5	6	0	0	85	46	12	87	46	1.44	8.60	4.59	4.60	4.63	0.7	0.4	999.0	3.93	1.49	4.23
199	Sean Burke	CHW	26	26	141.2	7	9	8	0	0	135	75	24	132	62	1.39	8.42	3.93	4.79	4.87	0.7	0.7	999.0	1.76	0.21	3.05
200	Jon Gray		12	13	68.1	4	4	4	0	0	68	35	11	58	22	1.31	7.70	2.91	4.65	4.53	0.7	0.4	999.0	2.60	1.95	4.46
201	Troy Melton	DET	8	36	74.2	4	4	4	0	3	70	33	10	66	23	1.25	7.90	2.83	3.98	4.15	0.7	0.7	336.9	3.01	-0.45	4.30
202	Luis Gil	NYY	13	36	95.0	6	5	5	0	0	80	45	13	94	46	1.32	8.90	4.33	4.27	4.53	0.7	0.8	491.3	2.69	0.14	4.69
203	Drew Anderson	DET	4	43	68.2	4	4	3	0	3	59	30	8	76	28	1.28	9.98	3.71	3.91	3.80	0.7	0.6	735.8	1.88	0.83	4.37
204	Matt Brash	SEA	0	60	61.0	3	3	0	4	19	50	22	5	72	24	1.21	10.66	3.51	3.18	3.16	0.7	0.7	734.6	1.41	-0.21	3.69
205	Pete Fairbanks	MIA	0	61	63.1	4	4	0	27	3	54	25	6	64	22	1.20	9.15	3.12	3.53	3.58	0.7	0.7	113.5	2.00	0.45	2.49
206	Jose A. Ferrer	SEA	0	64	66.2	4	2	0	3	19	60	25	5	62	18	1.16	8.34	2.43	3.37	3.24	0.7	0.6	999.0	2.91	2.28	3.73
207	J.T. Ginn	ATH	9	26	66.1	3	4	3	0	1	64	31	8	62	24	1.32	8.49	3.20	4.23	4.13	0.7	0.5	999.0	2.82	0.09	4.35
208	Ryan Walker	SFG	0	60	63.0	4	4	0	24	5	56	25	6	66	20	1.21	9.40	2.80	3.52	3.36	0.7	0.6	169.6	1.76	0.58	2.77
209	David Festa	MIN	5	28	52.2	3	3	2	0	1	47	24	7	55	18	1.24	9.41	3.02	4.12	3.90	0.7	0.4	999.0	2.14	0.57	3.97
210	Chase Dollander	COL	23	23	123.0	5	10	6	0	0	128	75	20	105	55	1.49	7.69	4.04	5.47	5.08	0.7	0.6	999.0	3.25	0.60	2.67
211	Robert Suarez	ATL	0	65	67.2	5	5	0	11	8	58	27	8	70	20	1.16	9.39	2.65	3.59	3.55	0.7	0.7	216.3	2.29	-1.25	3.75
212	Chris Martin	TEX	0	52	53.1	3	3	0	3	11	50	20	6	53	11	1.14	8.88	1.86	3.45	3.39	0.7	0.5	735.9	1.90	1.13	3.55
213	Gabe Speier	SEA	0	60	57.2	3	3	0	1	19	46	22	6	68	16	1.08	10.65	2.55	3.36	3.19	0.7	0.5	999.0	1.62	1.34	3.55
214	Tyler Wells	BAL	11	43	96.1	5	5	5	0	2	90	47	17	85	25	1.19	7.93	2.34	4.38	4.52	0.7	0.4	735.8	3.89	-1.51	4.35
215	Marcus Stroman		18	18	95.1	6	6	5	0	0	101	51	12	68	37	1.44	6.41	3.50	4.80	4.65	0.6	0.4	999.0	1.35	0.01	4.02
216	Bryce Elder	ATL	15	22	91.1	6	6	6	0	1	94	47	12	74	32	1.38	7.35	3.11	4.66	4.38	0.6	0.6	999.0	2.97	0.97	4.41
217	Kyle Harrison	MIL	9	25	67.0	3	3	2	0	2	61	31	9	68	27	1.31	9.14	3.59	4.22	4.17	0.6	0.6	999.0	2.95	0.31	4.36
218	Jeff Hoffman	TOR	0	62	63.2	5	4	0	26	4	51	25	9	75	23	1.16	10.70	3.22	3.61	3.74	0.6	0.5	114.6	2.09	2.50	2.72
219	Tanner Scott	LAD	0	63	65.2	4	4	0	5	18	55	26	7	73	26	1.23	10.05	3.62	3.54	3.66	0.6	0.7	702.2	1.57	-0.77	4.03
220	Alex Vesia	LAD	0	62	62.2	4	3	0	2	23	48	25	8	78	25	1.18	11.21	3.63	3.55	3.75	0.6	0.6	999.0	1.29	-1.06	4.01
221	Joe Boyle	TBR	12	20	73.0	4	5	3	0	1	61	35	9	77	39	1.37	9.57	4.85	4.30	4.36	0.6	0.7	683.4	2.06	1.65	4.60
222	Andrew Painter	PHI	16	23	90.2	5	6	6	0	1	93	47	14	76	34	1.40	7.54	3.41	4.68	4.71	0.6	0.6	999.0	4.43	0.80	4.41
223	Ryan Helsley	BAL	0	62	64.2	4	4	0	29	3	55	26	7	73	24	1.23	10.09	3.37	3.55	3.59	0.6	0.5	83.8	2.77	1.92	2.43
224	Stephen Kolek	KCR	8	31	71.0	4	4	3	0	1	74	34	7	51	22	1.35	6.47	2.82	4.26	4.12	0.6	0.5	999.0	1.21	-0.61	4.34
225	Aaron Bummer	ATL	0	57	60.2	3	2	0	0	8	56	25	4	61	22	1.29	9.12	3.24	3.70	3.37	0.6	0.5	999.0	2.24	0.69	4.01
226	Kutter Crawford	BOS	6	41	76.2	5	5	4	0	2	70	36	12	74	21	1.19	8.74	2.52	4.28	4.17	0.6	0.5	999.0	1.43	0.98	4.30
227	Raisel Iglesias	ATL	0	64	66.2	4	4	0	28	4	58	27	8	70	17	1.14	9.51	2.34	3.63	3.52	0.6	0.7	93.2	2.05	-0.84	2.53
228	Fernando Cruz	NYY	0	58	60.1	3	4	0	1	19	47	25	7	81	28	1.24	12.09	4.13	3.70	3.57	0.6	0.4	999.0	2.66	0.66	4.12
229	Ryan Weiss	HOU	9	31	74.0	4	5	4	0	1	69	36	10	72	29	1.33	8.74	3.59	4.35	4.30	0.6	0.4	999.0	2.45	1.31	4.64
230	Aaron Ashby	MIL	1	55	66.2	4	3	0	1	10	59	27	5	69	30	1.33	9.30	4.06	3.58	3.62	0.6	0.7	999.0	2.73	0.26	4.06
231	Louis Varland	TOR	0	59	66.2	4	3	0	4	15	62	28	8	66	19	1.22	8.98	2.62	3.78	3.75	0.6	0.4	999.0	3.28	0.64	4.00
232	Daniel Palencia	CHC	0	63	66.0	3	4	0	28	5	55	27	7	73	27	1.25	9.94	3.66	3.72	3.68	0.6	0.5	127.5	2.79	0.53	2.47
233	Charlie Morton		14	14	74.1	5	5	5	0	0	71	39	10	74	34	1.42	8.93	4.08	4.67	4.56	0.6	0.4	999.0	2.26	1.62	4.56
234	Garrett Cleavinger	TBR	0	64	64.1	4	4	0	7	21	51	25	8	78	24	1.16	10.87	3.30	3.44	3.59	0.6	0.7	718.6	2.00	0.01	3.81
235	Bryan King	HOU	0	64	65.0	3	3	0	0	17	58	26	8	64	18	1.18	8.90	2.54	3.61	3.67	0.6	0.6	999.0	1.56	-1.27	3.85
236	Colin Rea	CHC	9	34	80.2	5	4	4	0	1	81	39	12	65	23	1.29	7.27	2.55	4.35	4.44	0.6	0.6	999.0	2.26	-0.17	4.54
237	Richard Fitts	STL	17	30	100.1	4	7	5	0	1	100	49	15	77	32	1.32	6.92	2.89	4.41	4.58	0.6	0.8	999.0	1.57	1.29	4.71
238	Corbin Burnes	ARI	6	6	38.0	3	2	3	0	0	34	15	4	36	12	1.21	8.64	2.86	3.60	3.74	0.6	0.8	735.1	1.27	0.15	3.54
239	Spencer Arrighetti	HOU	16	27	96.1	5	7	5	0	1	88	49	14	95	42	1.35	8.90	3.92	4.60	4.58	0.6	0.4	594.4	2.88	-3.27	4.45
240	Lucas Erceg	KCR	0	60	63.1	5	5	0	4	15	57	26	6	61	23	1.27	8.62	3.26	3.69	3.63	0.6	0.5	999.0	1.42	-1.12	4.03
241	Dylan Lee	ATL	0	63	66.0	3	3	0	2	16	58	26	9	72	18	1.15	9.89	2.44	3.59	3.61	0.5	0.6	999.0	1.04	-0.60	3.82
242	Tyler Anderson		21	21	115.1	5	7	7	0	0	117	62	19	89	47	1.42	6.95	3.63	4.87	5.04	0.5	0.4	999.0	2.32	-1.01	3.79
243	Caleb Thielbar	CHC	0	64	62.2	3	3	0	1	17	54	26	8	65	20	1.18	9.27	2.86	3.74	3.75	0.5	0.5	999.0	1.98	1.11	3.92
244	Sam Hentges	SFG	0	51	50.1	2	2	0	0	7	46	20	5	51	17	1.25	9.09	3.03	3.56	3.45	0.5	0.4	999.0	2.57	0.38	3.61
245	Jared Koenig	MIL	0	60	64.2	4	3	0	1	14	57	25	7	65	22	1.22	9.10	3.05	3.49	3.65	0.5	0.7	999.0	1.11	0.90	3.95
246	Jonah Tong	NYM	5	12	32.2	2	2	2	0	0	27	14	4	37	14	1.24	10.11	3.76	3.81	3.68	0.5	0.5	485.5	2.19	0.33	3.60
247	Matt Svanson	STL	0	59	66.2	3	2	0	5	10	61	27	6	62	24	1.27	8.43	3.25	3.65	3.67	0.5	0.6	705.5	5.02	-3.62	3.88
248	Camilo Doval	NYY	0	62	64.0	4	4	0	5	16	53	26	5	71	31	1.31	10.02	4.34	3.67	3.64	0.5	0.6	999.0	1.90	1.89	4.08
249	Jake Irvin	WSN	24	29	143.0	7	9	9	0	0	147	77	24	106	47	1.36	6.67	2.97	4.87	4.92	0.5	0.5	999.0	2.33	0.80	3.31
250	Cole Sands	MIN	0	62	67.0	4	3	0	4	13	62	30	8	65	20	1.23	8.77	2.71	4.00	3.74	0.5	0.3	718.2	1.01	3.38	4.08
251	Robert Garcia	TEX	0	62	62.1	4	4	0	16	11	55	25	7	67	22	1.23	9.67	3.19	3.65	3.62	0.5	0.4	264.6	3.12	0.40	3.30
252	Trevor McDonald	SFG	8	19	57.0	3	3	3	0	1	56	27	6	45	20	1.34	7.12	3.19	4.19	4.24	0.5	0.5	999.0	4.09	1.27	4.08
253	Mick Abel	MIN	13	35	91.1	5	6	5	0	1	87	47	12	84	41	1.40	8.27	4.03	4.64	4.49	0.5	0.3	999.0	1.62	2.11	4.39
254	Brusdar Graterol	LAD	0	48	48.2	3	1	0	0	6	44	19	4	41	14	1.19	7.53	2.52	3.49	3.50	0.5	0.5	999.0	1.48	1.89	3.52
255	A.J. Minter	NYM	0	52	54.0	3	3	0	2	21	44	20	6	60	19	1.18	9.97	3.18	3.41	3.49	0.5	0.6	999.0	1.79	1.50	3.74
256	Graham Ashcraft	CIN	1	54	63.0	4	3	1	1	13	62	28	6	55	21	1.32	7.84	3.02	4.06	3.88	0.5	0.4	999.0	2.36	0.74	4.23
257	Gregory Soto	PIT	0	63	61.0	2	3	0	3	14	55	26	5	65	25	1.30	9.59	3.63	3.85	3.59	0.5	0.5	999.0	3.16	1.37	3.95
258	Edwin Uceta	TBR	0	65	71.1	5	3	0	12	17	59	30	10	84	26	1.18	10.60	3.26	3.76	3.80	0.5	0.5	252.5	1.02	0.09	3.83
259	Tanner Gordon	COL	15	24	86.0	4	7	5	0	1	101	53	17	62	21	1.42	6.47	2.19	5.54	5.09	0.5	0.3	999.0	4.47	0.58	3.84
260	Tyler Holton	DET	1	63	69.1	4	3	0	1	13	62	28	8	58	16	1.14	7.49	2.14	3.60	3.85	0.5	0.6	999.0	2.54	-1.35	3.75
261	Payton Tolle	BOS	5	26	50.1	3	3	2	0	1	46	23	7	51	17	1.24	9.15	3.03	4.11	4.11	0.5	0.5	611.4	2.76	0.14	3.93
262	Sean Newcomb	CHW	4	51	74.2	3	3	2	1	5	69	33	8	71	31	1.34	8.53	3.72	4.00	4.10	0.5	0.6	999.0	2.10	-0.45	4.22
263	Tyler Rogers	TOR	0	69	70.1	4	4	0	2	24	71	29	7	48	14	1.19	6.11	1.74	3.69	3.78	0.5	0.5	685.2	3.25	0.12	3.79
264	Tommy Nance	TOR	0	54	56.2	2	3	0	0	8	54	24	6	53	17	1.25	8.43	2.74	3.82	3.64	0.5	0.3	999.0	3.23	2.34	3.79
265	Emilio Pagán	CIN	0	63	66.0	3	3	0	26	4	56	30	11	72	22	1.19	9.84	3.02	4.07	4.15	0.5	0.4	107.5	1.43	-1.46	2.56
266	JoJo Romero	STL	0	63	64.0	4	4	0	12	21	58	25	6	60	25	1.29	8.42	3.50	3.56	3.72	0.5	0.6	590.6	1.88	0.49	3.56
267	Steven Okert	HOU	0	63	63.2	3	2	0	0	10	54	28	9	71	23	1.20	10.04	3.19	3.98	3.95	0.5	0.2	999.0	1.46	1.84	4.03
268	Cody Bradford	TEX	5	18	42.2	3	3	2	0	1	41	20	6	37	10	1.18	7.84	2.04	4.25	4.07	0.5	0.3	999.0	2.56	-0.18	3.69
269	Kevin Ginkel	ARI	0	58	59.2	3	3	0	13	9	55	26	6	61	21	1.27	9.19	3.18	3.95	3.60	0.5	0.3	720.0	3.42	0.61	3.50
270	Phil Maton	CHC	0	64	65.1	3	3	0	5	16	54	27	7	71	24	1.20	9.73	3.34	3.71	3.70	0.5	0.5	704.6	2.22	-0.33	3.90
271	Shawn Armstrong	CLE	0	65	68.2	3	3	0	3	17	61	29	8	68	21	1.19	8.93	2.73	3.80	3.73	0.5	0.3	999.0	1.07	-0.81	3.94
272	Jimmy Herget	COL	1	64	73.0	3	3	0	2	9	73	36	10	67	23	1.32	8.28	2.86	4.47	4.28	0.5	0.5	999.0	1.94	-0.20	4.28
273	Drew Pomeranz	LAA	0	56	55.2	2	2	0	2	9	49	24	7	60	19	1.22	9.75	3.07	3.81	3.88	0.5	0.3	999.0	1.43	1.48	3.81
274	Mitchell Parker	WSN	10	39	87.1	4	6	4	0	1	90	46	12	66	30	1.37	6.83	3.09	4.73	4.56	0.5	0.1	999.0	2.77	0.27	4.49
275	Luis Medina	ATH	13	34	92.0	4	6	4	0	1	90	48	12	82	43	1.44	7.99	4.19	4.74	4.64	0.4	0.2	999.0	3.99	0.38	4.23
276	Brooks Raley	NYM	0	59	58.0	3	2	0	1	15	50	24	7	57	19	1.19	8.79	2.94	3.74	3.84	0.4	0.4	999.0	2.85	-1.97	3.80
277	Germán Márquez	SDP	20	20	105.0	4	8	5	0	0	116	62	17	78	38	1.47	6.64	3.27	5.30	5.00	0.4	-0.1	999.0	4.90	0.33	3.51
278	Andrew Kittredge	BAL	0	64	66.0	4	4	0	7	17	61	27	9	66	17	1.17	8.93	2.29	3.72	3.70	0.4	0.4	734.6	1.90	-0.55	3.84
279	Bennett Sousa	HOU	0	46	49.2	3	2	0	1	5	42	20	6	54	17	1.18	9.71	3.02	3.64	3.63	0.4	0.4	999.0	2.96	-3.56	3.70
280	Cade Povich	BAL	6	16	42.0	2	2	2	0	1	40	20	6	41	15	1.31	8.71	3.24	4.34	4.17	0.4	0.2	999.0	2.50	1.02	3.82
281	Braydon Fisher	TOR	0	49	50.2	3	2	0	1	5	42	21	6	57	21	1.24	10.12	3.76	3.75	3.82	0.4	0.3	999.0	1.90	-0.87	3.89
282	Andrew Nardi	MIA	0	48	48.0	2	2	0	0	6	41	20	6	57	19	1.24	10.75	3.51	3.81	3.62	0.4	0.4	999.0	2.67	0.99	3.82
283	Tanner Banks	PHI	0	58	61.2	3	2	0	0	8	58	27	8	58	17	1.22	8.42	2.49	3.92	3.91	0.4	0.4	999.0	1.19	0.16	3.93
284	Jordan Wicks	CHC	3	22	38.1	2	2	1	0	1	37	17	4	34	12	1.29	7.98	2.89	4.02	3.91	0.4	0.3	999.0	2.07	0.33	3.65
285	Brant Hurter	DET	0	43	53.1	3	2	0	0	6	49	22	5	48	17	1.24	8.07	2.85	3.64	3.72	0.4	0.5	999.0	1.55	-0.42	3.75
286	Paul Blackburn	NYY	4	46	65.0	3	4	1	0	7	65	32	9	55	20	1.31	7.66	2.80	4.46	4.28	0.4	0.1	999.0	3.02	0.20	4.26
287	Dennis Santana	PIT	0	64	67.0	4	3	0	23	7	61	29	7	62	23	1.26	8.34	3.08	3.95	3.83	0.4	0.4	152.5	2.31	-0.21	2.76
288	Bryan Baker	TBR	0	62	64.0	3	3	0	1	12	56	28	9	70	23	1.22	9.81	3.16	4.00	3.91	0.4	0.2	999.0	1.73	0.36	4.06
289	Luis Garcia	HOU	3	39	53.0	2	2	0	0	7	51	24	7	49	19	1.31	8.30	3.17	4.07	4.20	0.4	0.3	999.0	2.66	-0.12	3.96
290	Martín Pérez	ATL	9	9	50.0	2	3	3	0	0	51	25	7	38	18	1.39	6.87	3.31	4.56	4.57	0.4	0.4	999.0	1.28	-0.50	4.08
291	Sawyer Gipson-Long	DET	4	26	42.1	2	2	1	0	3	40	20	6	38	11	1.21	8.14	2.42	4.15	4.07	0.4	0.3	999.0	1.96	-0.37	3.63
292	Jason Adam	SDP	0	44	46.0	3	2	0	0	12	37	17	5	49	16	1.16	9.61	3.17	3.41	3.66	0.4	0.5	999.0	2.18	-2.66	3.58
293	Kyle Finnegan	DET	0	60	62.0	4	4	0	5	13	57	27	7	59	21	1.25	8.49	3.08	3.89	3.83	0.4	0.3	469.0	1.34	-1.99	4.00
294	Angel Zerpa	MIL	0	59	61.0	3	2	0	0	11	57	25	6	56	20	1.27	8.33	2.95	3.69	3.73	0.4	0.5	999.0	2.98	0.80	3.92
295	Connor Prielipp	MIN	3	42	59.0	3	4	1	0	4	58	27	7	55	23	1.38	8.44	3.54	4.12	4.07	0.4	0.3	999.0	3.78	1.34	4.21
296	Kody Funderburk	MIN	0	59	63.1	4	3	0	4	14	59	27	5	60	26	1.34	8.53	3.69	3.87	3.77	0.4	0.3	999.0	3.60	2.74	4.04
297	Walker Buehler		20	20	105.0	6	7	5	0	0	111	59	16	82	43	1.46	7.05	3.69	5.09	5.01	0.4	0.2	999.0	3.28	-0.63	3.55
298	Hayden Birdsong	SFG	8	20	55.0	3	3	2	0	1	50	28	8	55	27	1.41	9.01	4.48	4.56	4.66	0.4	0.3	999.0	1.73	0.96	4.34
299	Justin Topa	MIN	0	60	62.2	3	4	0	7	14	63	28	6	52	20	1.31	7.47	2.84	4.00	3.81	0.4	0.3	999.0	1.75	-1.43	3.78
300	Justin Slaten	BOS	0	56	61.0	4	4	0	1	9	57	27	7	56	20	1.25	8.33	2.91	4.02	3.91	0.4	0.3	999.0	2.24	-0.27	4.12
301	Blake Treinen	LAD	0	60	60.0	4	4	0	1	14	53	26	7	65	25	1.30	9.81	3.70	3.91	3.88	0.4	0.3	999.0	3.50	1.51	4.21
302	Brendon Little	TOR	0	53	52.1	2	2	0	0	13	44	21	4	56	28	1.38	9.68	4.80	3.58	3.76	0.4	0.4	999.0	2.41	1.92	3.85
303	Jack Dreyer	LAD	0	42	45.0	2	1	0	0	6	40	19	5	44	15	1.22	8.82	3.06	3.86	3.82	0.4	0.3	999.0	2.24	-1.45	3.65
304	Justin Wrobleski	LAD	3	32	52.2	3	3	1	0	3	50	25	7	49	18	1.28	8.37	3.00	4.21	4.04	0.4	0.3	999.0	1.83	0.90	4.01
305	Justin Wilson		0	45	43.1	2	2	0	0	7	39	18	5	46	16	1.26	9.66	3.28	3.77	3.70	0.4	0.3	999.0	2.76	1.36	3.68
306	Erik Miller	SFG	0	61	60.2	3	3	0	2	14	51	24	5	65	32	1.37	9.67	4.80	3.55	3.88	0.4	0.6	999.0	2.13	0.31	3.95
307	Jovani Morán	BOS	0	49	52.1	2	2	0	0	6	47	23	5	55	22	1.33	9.42	3.87	3.89	3.71	0.4	0.3	999.0	2.33	0.61	3.96
308	Luke Weaver	NYM	0	61	68.2	4	4	0	5	18	60	30	10	74	22	1.19	9.68	2.82	3.93	3.89	0.4	0.3	686.8	1.57	0.98	4.08
309	Brad Keller	PHI	0	58	65.2	4	4	0	5	18	60	28	7	61	24	1.28	8.33	3.34	3.80	3.99	0.4	0.5	999.0	2.37	-0.75	3.99
310	Tobias Myers	NYM	4	34	54.2	3	2	1	0	2	54	24	7	46	16	1.28	7.62	2.63	4.03	4.18	0.4	0.4	999.0	2.25	0.33	3.91
311	Danny Coulombe		0	45	44.1	2	1	0	1	4	39	18	5	44	16	1.23	8.93	3.22	3.68	3.81	0.4	0.3	999.0	0.93	-0.92	3.57
312	Yimi García	TOR	0	56	57.1	2	3	0	5	10	48	24	7	63	21	1.20	9.85	3.28	3.80	3.82	0.4	0.3	735.3	1.94	0.63	3.74
313	Taylor Rogers	MIN	0	57	58.2	2	3	0	11	6	53	26	7	60	24	1.32	9.21	3.73	4.03	4.04	0.4	0.2	476.4	2.88	0.28	3.56
314	Matt Gage	SFG	0	51	53.1	2	2	0	0	6	52	23	6	46	18	1.31	7.74	2.99	3.95	3.88	0.4	0.2	999.0	2.00	1.33	3.84
315	Caleb Ferguson	CIN	0	56	56.0	2	3	0	0	9	53	26	6	53	22	1.33	8.50	3.47	4.13	3.98	0.3	0.3	999.0	2.37	1.27	4.06
316	Eduard Bazardo	SEA	0	61	65.0	3	2	0	1	10	55	27	8	66	21	1.18	9.12	2.97	3.74	3.82	0.3	0.3	999.0	1.33	1.62	3.87
317	Erik Sabrowski	CLE	0	59	60.1	2	2	0	1	15	47	25	6	72	33	1.34	10.77	4.99	3.75	3.93	0.3	0.4	999.0	1.85	-0.78	4.00
318	John Schreiber	KCR	0	65	63.2	3	3	0	1	15	60	29	7	58	23	1.30	8.24	3.23	4.06	4.01	0.3	0.2	999.0	1.33	0.57	4.10
319	Eric Lauer	TOR	4	36	59.2	4	4	1	0	2	56	28	9	57	20	1.27	8.58	2.95	4.23	4.37	0.3	0.3	999.0	1.55	-0.11	4.24
320	Logan Evans	SEA	11	12	58.1	4	4	3	0	0	57	29	8	44	21	1.34	6.78	3.26	4.51	4.56	0.3	0.1	999.0	1.04	-0.36	4.23
321	Tyler Kinley	ATL	0	60	61.0	3	3	0	2	9	53	28	8	64	25	1.28	9.52	3.65	4.16	4.02	0.3	0.1	999.0	1.79	0.93	4.20
322	Thomas White	MIA	6	6	32.0	2	2	3	0	0	28	15	4	32	16	1.39	8.99	4.57	4.22	4.36	0.3	0.4	999.0	1.40	-0.26	3.69
323	A.J. Puk	ARI	0	30	32.1	2	2	0	4	4	28	13	4	37	11	1.18	10.31	2.96	3.55	3.55	0.3	0.3	999.0	2.64	0.03	3.35
324	Mark Leiter Jr.	ATH	0	64	65.0	4	4	0	5	13	60	30	9	69	25	1.31	9.59	3.43	4.16	4.09	0.3	0.1	688.3	3.36	1.80	4.16
325	Ryan Bergert	KCR	9	25	63.0	2	2	2	0	1	61	32	9	54	26	1.37	7.68	3.67	4.55	4.55	0.3	0.3	999.0	1.62	-0.05	4.27
326	Hoby Milner	CHC	0	60	61.1	3	2	0	0	11	60	27	7	52	18	1.27	7.61	2.63	3.90	3.84	0.3	0.3	999.0	1.88	1.98	3.93
327	Christian Scott	NYM	3	23	35.0	2	2	1	0	1	32	16	5	33	10	1.19	8.58	2.55	4.02	3.96	0.3	0.3	999.0	2.27	-0.07	3.49
328	Kenley Jansen	DET	0	57	58.2	4	3	0	24	3	50	26	8	59	20	1.20	9.11	3.14	3.96	4.00	0.3	0.3	132.7	2.46	-0.87	2.71
329	Ricky Tiedemann	TOR	5	17	35.0	2	2	1	0	1	32	17	4	37	17	1.40	9.56	4.43	4.31	4.26	0.3	0.2	999.0	2.00	0.94	3.80
330	Spencer Turnbull		9	10	47.2	2	3	3	0	0	49	26	7	37	20	1.45	6.90	3.77	4.89	4.81	0.3	0.2	999.0	1.25	-0.37	4.15
331	Clarke Schmidt	NYY	3	13	28.0	2	1	1	0	1	25	12	4	27	10	1.23	8.86	3.09	3.90	4.03	0.3	0.3	999.0	1.22	0.60	3.43
332	Yennier Cano	BAL	0	56	55.2	3	3	0	1	13	53	24	6	51	20	1.31	8.31	3.24	3.84	3.86	0.3	0.3	999.0	2.40	3.80	3.96
333	José Urquidy	PIT	14	24	84.0	4	5	3	0	1	87	46	13	63	28	1.36	6.78	2.98	4.91	4.72	0.3	0.3	999.0	1.52	0.43	4.42
334	Alek Manoah	LAA	17	17	94.2	4	6	6	0	0	92	51	15	80	43	1.42	7.64	4.07	4.82	5.12	0.3	0.4	999.0	2.76	1.09	4.22
335	Robert Stephenson	LAA	0	57	58.1	3	3	0	10	7	51	26	9	64	19	1.19	9.81	2.92	4.02	4.00	0.3	0.2	383.5	2.23	0.61	3.58
336	Tony Santillan	CIN	0	67	68.0	3	3	0	5	17	60	31	9	71	30	1.34	9.38	4.01	4.15	4.32	0.3	0.4	626.3	2.34	-1.71	4.17
337	Riley O'Brien	STL	0	61	64.1	3	3	0	16	13	57	27	6	65	29	1.34	9.08	4.09	3.76	3.89	0.3	0.5	250.1	2.50	0.98	3.24
338	Jakob Junis	TEX	0	56	64.1	3	2	0	2	8	62	29	9	56	16	1.21	7.78	2.30	4.01	4.05	0.3	0.2	999.0	1.46	-1.61	3.90
339	Carlos Estévez	KCR	0	64	66.0	4	4	0	32	2	60	30	9	59	23	1.26	8.11	3.14	4.13	4.20	0.3	0.2	91.3	2.38	-1.24	2.05
340	Keider Montero	DET	6	29	62.1	3	4	3	0	1	62	31	9	52	21	1.34	7.54	3.08	4.47	4.52	0.3	0.2	999.0	1.97	1.06	4.34
341	Justin Martinez	ARI	0	24	25.0	1	2	0	2	2	19	9	2	30	14	1.33	10.95	5.02	3.36	3.43	0.3	0.3	999.0	1.72	-0.30	3.34
342	Cristian Mena	ARI	3	16	32.0	2	2	1	0	1	30	15	4	30	12	1.33	8.27	3.44	4.10	4.11	0.3	0.3	999.0	1.70	0.99	3.60
343	Juan Mejia	COL	0	62	65.2	2	3	0	3	12	63	33	8	67	30	1.41	9.17	4.11	4.56	4.29	0.3	0.3	999.0	2.21	2.15	4.26
344	Kohl Drake	ARI	6	16	44.1	3	3	2	0	1	43	21	6	40	18	1.36	8.14	3.56	4.34	4.30	0.3	0.4	999.0	2.74	1.23	3.99
345	Cody Laweryson	MIN	0	23	31.0	1	2	0	0	1	28	13	3	28	10	1.22	8.00	2.97	3.76	3.85	0.3	0.2	999.0	1.54	0.42	3.31
346	Kyle Wright	CHC	3	27	40.1	2	2	1	0	1	39	19	5	36	14	1.32	8.06	3.23	4.23	4.11	0.3	0.1	999.0	2.39	0.47	3.78
347	Seranthony Domínguez	CHW	0	62	62.1	3	4	0	22	6	52	27	8	68	29	1.30	9.75	4.19	3.92	4.12	0.3	0.2	230.4	2.01	0.86	2.89
348	Pierce Johnson	CIN	0	58	59.1	3	4	0	1	11	54	28	9	64	23	1.31	9.73	3.50	4.19	4.15	0.3	0.3	999.0	1.58	-0.77	4.29
349	Brenan Hanifee	DET	0	50	55.1	2	2	0	0	9	57	24	5	41	16	1.30	6.67	2.52	3.91	3.86	0.3	0.2	999.0	1.30	0.55	3.79
350	Jonathan Cannon	CHW	13	33	95.1	4	7	4	0	1	100	52	15	72	33	1.39	6.77	3.16	4.93	4.91	0.3	0.0	999.0	2.45	0.22	4.23
351	Anthony Bender	MIA	0	63	63.1	3	3	0	1	15	58	27	7	59	24	1.29	8.40	3.39	3.89	3.90	0.3	0.4	999.0	1.25	0.94	4.04
352	Coleman Crow	MIL	2	15	24.0	1	1	1	0	1	21	10	3	24	7	1.20	9.06	2.80	3.80	3.76	0.3	0.3	999.0	1.37	0.08	3.34
353	Dietrich Enns	BAL	0	47	58.2	3	2	0	0	8	59	27	8	54	19	1.33	8.31	2.96	4.18	4.13	0.3	0.0	999.0	2.18	-0.08	4.12
354	Victor Vodnik	COL	0	61	64.2	4	4	0	16	6	64	31	7	62	31	1.48	8.63	4.38	4.37	4.16	0.3	0.5	440.4	2.55	1.75	3.16
355	Mason Montgomery	PIT	0	58	61.0	2	2	0	2	10	56	27	7	65	27	1.36	9.61	3.97	4.01	3.91	0.3	0.4	999.0	4.16	0.89	4.06
356	Ryan Gusto	MIA	4	32	51.2	3	3	1	0	1	52	27	8	45	18	1.35	7.87	3.11	4.66	4.46	0.3	0.1	999.0	2.29	0.54	4.21
357	Jordan Leasure	CHW	0	63	64.1	3	5	0	6	15	54	29	10	72	27	1.26	10.07	3.82	4.08	4.24	0.3	0.1	430.9	2.68	1.49	4.05
358	Justin Lawrence	PIT	0	55	58.2	3	3	0	1	11	53	26	5	57	27	1.38	8.73	4.18	4.05	4.01	0.3	0.3	999.0	2.07	1.23	4.11
359	Drew Thorpe	CHW	10	10	53.2	3	4	3	0	0	53	28	8	40	20	1.35	6.75	3.31	4.78	4.88	0.3	0.3	999.0	2.19	-0.06	4.18
360	Ian Hamilton	ATL	0	46	49.0	2	2	0	0	5	44	21	5	50	22	1.35	9.25	3.97	3.91	3.90	0.3	0.3	999.0	1.78	1.51	3.84
361	Hunter Gaddis	CLE	0	63	67.0	3	3	0	4	19	59	28	9	65	20	1.19	8.70	2.75	3.81	4.07	0.3	0.3	999.0	1.63	-0.27	3.86
362	Javier Assad	CHC	4	40	62.1	3	3	2	0	3	59	28	7	52	23	1.32	7.47	3.31	4.06	4.26	0.3	0.4	999.0	0.93	0.19	4.15
363	Joe Jiménez	ATL	0	31	32.0	1	1	0	0	2	27	14	4	36	11	1.19	10.13	3.04	3.80	3.62	0.3	0.2	999.0	2.47	-2.27	3.44
364	Luis García	NYM	0	48	49.2	3	2	0	0	9	47	22	5	45	18	1.32	8.06	3.34	3.94	3.86	0.3	0.2	999.0	1.93	0.77	3.90
365	Quinn Mathews	STL	8	8	42.0	2	3	3	0	0	39	21	5	37	25	1.53	7.92	5.41	4.43	4.77	0.3	0.4	999.0	3.13	1.57	3.98
366	Mason Englert	TBR	0	54	63.1	2	2	0	0	8	62	30	9	57	19	1.27	8.17	2.63	4.21	4.12	0.3	0.1	999.0	1.45	0.58	4.07
367	Taijuan Walker	PHI	16	37	110.1	5	7	5	0	1	117	62	18	77	41	1.43	6.26	3.33	5.07	5.13	0.3	0.0	999.0	1.81	0.87	3.66
368	Jason Foley	SFG	0	27	27.1	1	1	0	0	1	26	11	2	23	8	1.25	7.44	2.49	3.60	3.59	0.2	0.2	999.0	1.63	1.09	3.30
369	Mitch Bratt	ARI	5	5	24.2	1	1	1	0	0	25	12	4	21	6	1.29	7.54	2.34	4.35	4.24	0.2	0.3	999.0	1.69	1.45	3.42
370	Jordan Romano	LAA	0	54	53.2	2	3	0	4	9	49	26	8	56	20	1.29	9.47	3.40	4.42	4.25	0.2	-0.1	999.0	4.08	2.22	3.95
371	Kyle Hurt	LAD	4	14	30.1	1	1	1	0	1	27	14	4	31	13	1.35	9.07	3.96	4.18	4.28	0.2	0.3	999.0	2.13	0.90	3.59
372	Josh White	MIA	0	42	44.2	3	2	0	0	4	40	20	5	47	18	1.30	9.49	3.66	3.99	3.92	0.2	0.2	999.0	0.48	-0.75	3.90
373	Clayton Beeter	WSN	0	59	63.0	2	3	0	12	10	52	28	7	71	33	1.35	10.19	4.72	3.95	4.03	0.2	0.3	309.4	3.34	0.51	3.50
374	River Ryan	LAD	6	11	35.0	2	2	1	0	0	34	17	5	29	14	1.37	7.55	3.56	4.47	4.56	0.2	0.2	999.0	2.14	-0.21	3.72
375	Josh Sborz	TEX	0	40	41.1	2	2	0	0	5	38	19	5	42	16	1.30	9.15	3.51	4.18	3.94	0.2	0.0	999.0	1.77	1.34	3.79
376	Keaton Winn	SFG	1	21	30.0	1	2	0	0	1	30	14	3	26	9	1.30	7.91	2.75	4.13	3.90	0.2	0.1	999.0	2.05	0.83	3.49
377	Josiah Gray	WSN	19	19	107.2	5	8	6	0	0	109	64	19	92	46	1.43	7.71	3.81	5.38	5.14	0.2	-0.1	999.0	8.25	1.85	3.37
378	Ben Joyce	LAA	0	31	33.1	2	1	0	4	5	28	13	3	36	14	1.26	9.87	3.88	3.66	3.76	0.2	0.2	720.2	2.19	0.69	3.42
379	Andrew Chafin	MIN	0	43	42.2	2	2	0	0	2	38	19	5	45	21	1.37	9.51	4.36	3.98	3.97	0.2	0.3	999.0	1.73	1.28	3.78
380	Tyler Alexander	TEX	2	50	68.2	3	4	0	0	5	70	35	11	57	18	1.28	7.41	2.38	4.64	4.40	0.2	-0.3	999.0	1.79	-0.24	4.33
381	Félix Bautista	BAL	0	14	14.0	1	1	0	0	1	10	5	1	19	7	1.17	12.38	4.22	3.21	3.15	0.2	0.2	999.0	0.72	0.52	3.17
382	Evan Phillips	LAD	0	21	21.1	1	1	0	1	2	18	8	2	23	7	1.15	9.62	2.80	3.39	3.38	0.2	0.2	999.0	0.71	-1.91	3.18
383	JT Brubaker	SFG	1	40	48.2	2	2	0	0	3	47	23	6	42	18	1.33	7.69	3.33	4.26	4.26	0.2	0.1	999.0	1.68	0.50	3.89
384	Colin Selby	BAL	0	57	61.2	2	3	0	0	8	55	27	7	62	25	1.31	9.07	3.70	3.99	3.97	0.2	0.2	999.0	1.42	0.34	4.07
385	Pierson Ohl	COL	3	29	48.1	2	3	1	0	2	53	25	8	38	11	1.33	7.01	2.08	4.74	4.49	0.2	0.3	999.0	2.78	1.97	3.98
386	Ryan Thompson	ARI	0	61	63.1	4	3	0	6	15	62	28	6	52	19	1.29	7.38	2.69	3.98	3.83	0.2	0.4	999.0	2.64	1.12	3.89
387	Carson Whisenhunt	SFG	4	12	27.1	2	2	1	0	1	27	13	4	22	10	1.35	7.28	3.29	4.34	4.46	0.2	0.2	999.0	1.51	0.56	3.55
388	DJ Herz	WSN	2	18	28.1	1	2	1	0	1	24	13	3	32	14	1.34	10.09	4.39	4.02	4.07	0.2	0.2	999.0	1.47	0.63	3.55
389	Spencer Bivens	SFG	0	61	70.2	3	3	0	2	8	72	33	8	53	22	1.33	6.79	2.84	4.15	4.18	0.2	0.2	999.0	1.00	0.48	4.13
390	Nick Mears	KCR	0	58	59.2	3	3	0	0	11	55	28	7	58	23	1.30	8.68	3.43	4.21	4.07	0.2	0.1	999.0	1.66	-0.27	4.17
391	Ryan Fernandez	STL	0	44	47.0	2	2	0	0	3	42	22	5	47	22	1.36	9.09	4.14	4.18	4.00	0.2	0.1	999.0	3.36	1.79	3.99
392	Isaac Mattson	PIT	0	59	65.0	3	4	0	2	15	58	30	8	61	28	1.33	8.49	3.92	4.20	4.28	0.2	0.2	999.0	2.12	-0.91	4.26
393	Brock Burke	CIN	0	61	62.2	3	2	0	1	10	61	29	9	57	21	1.30	8.21	2.97	4.21	4.22	0.2	0.3	999.0	1.65	0.97	4.20
394	Joey Wentz	ATL	4	28	48.2	3	3	1	0	1	48	25	7	47	21	1.42	8.66	3.80	4.66	4.30	0.2	0.1	999.0	2.98	0.49	4.22
395	McCade Brown	COL	11	11	55.0	2	4	3	0	0	56	33	10	49	24	1.47	8.01	4.01	5.39	5.20	0.2	0.3	999.0	2.14	1.64	4.33
396	Huascar Brazobán	NYM	0	51	56.0	2	2	0	0	9	50	25	6	53	24	1.33	8.46	3.93	4.05	4.13	0.2	0.2	999.0	1.54	0.81	4.03
397	Erick Fedde	CHW	14	20	84.0	4	6	4	0	0	86	47	13	60	33	1.42	6.39	3.52	5.01	5.02	0.2	0.1	999.0	1.67	-1.03	4.31
398	Gordon Graceffo	STL	0	50	61.2	3	3	0	0	7	62	30	7	50	20	1.33	7.30	2.87	4.35	4.01	0.2	0.0	999.0	3.30	1.19	4.21
399	Keegan Akin	BAL	0	63	66.1	3	3	0	2	14	60	30	9	67	24	1.28	9.07	3.32	4.01	4.11	0.2	0.2	999.0	1.76	1.23	4.21
400	Evan Sisk	PIT	0	44	44.2	2	2	0	0	5	42	20	4	43	20	1.39	8.69	3.98	3.93	3.89	0.2	0.3	999.0	4.12	2.07	3.81
401	Jason Alexander	HOU	6	25	53.0	3	3	3	0	1	54	27	8	41	18	1.36	6.99	3.06	4.52	4.58	0.2	0.1	999.0	1.57	0.92	4.13
402	Brock Stewart	LAD	0	26	26.1	1	1	0	0	5	23	11	3	30	10	1.26	10.36	3.58	3.93	3.91	0.2	0.2	999.0	1.65	0.24	3.42
403	Greg Weissert	BOS	0	62	64.0	3	3	0	1	13	62	29	8	57	22	1.31	7.96	3.09	4.13	4.17	0.2	0.2	999.0	1.25	-0.51	4.21
404	Calvin Faucher	MIA	0	63	66.0	3	4	0	5	14	62	30	7	65	28	1.36	8.85	3.79	4.07	4.03	0.2	0.3	999.0	1.23	0.71	4.07
405	Sam Moll	CIN	0	37	35.2	1	1	0	0	3	33	17	5	35	15	1.35	8.86	3.88	4.31	4.26	0.2	0.1	999.0	1.63	0.69	3.69
406	Jaden Hill	COL	0	50	52.1	2	3	0	0	4	51	26	7	51	20	1.37	8.71	3.51	4.48	4.23	0.2	0.3	999.0	2.21	2.00	4.18
407	DL Hall	MIL	1	44	55.1	2	2	0	0	4	50	25	6	52	24	1.34	8.50	3.97	4.02	4.14	0.2	0.2	999.0	2.00	0.95	4.01
408	Bryan Hudson	NYM	0	34	37.1	1	1	0	0	4	33	16	4	36	15	1.30	8.68	3.75	3.87	4.01	0.2	0.2	999.0	1.68	0.44	3.57
409	Blade Tidwell	SFG	3	17	32.2	2	2	1	0	1	32	16	4	28	13	1.39	7.75	3.66	4.52	4.55	0.2	0.1	999.0	1.99	1.26	3.72
410	Eric Orze	MIN	0	57	61.0	2	3	0	1	7	56	29	8	59	27	1.37	8.72	4.00	4.31	4.34	0.2	0.0	999.0	2.36	1.16	4.23
411	PJ Poulin	WSN	0	59	60.0	3	3	0	2	10	56	27	7	57	26	1.36	8.64	3.89	4.00	4.09	0.2	0.3	999.0	2.63	2.86	4.14
412	Scott Barlow	ATH	0	53	55.0	3	3	0	2	8	48	26	6	59	29	1.40	9.57	4.79	4.27	4.26	0.2	0.1	999.0	1.73	0.94	4.22
413	Kirby Yates	LAA	0	55	56.2	3	3	0	10	9	46	25	8	67	26	1.27	10.60	4.15	4.00	4.19	0.2	0.3	306.3	2.04	-1.59	3.70
414	Kai-Wei Teng	HOU	3	19	31.0	2	2	1	0	1	28	16	4	31	14	1.36	9.03	4.02	4.54	4.31	0.2	0.0	999.0	1.57	1.37	3.72
415	Kevin Kelly	TBR	0	38	39.2	2	2	0	0	3	38	18	5	34	9	1.21	7.73	2.14	4.03	3.96	0.2	0.2	999.0	1.68	1.26	3.56
416	Gavin Stone	LAD	2	12	25.1	2	1	1	0	1	25	13	3	22	8	1.32	7.88	2.79	4.47	4.21	0.2	0.0	735.6	1.91	-1.06	3.53
417	Ryan Brasier	TEX	0	37	39.1	2	1	0	0	2	37	18	5	35	11	1.23	7.91	2.60	4.04	3.94	0.2	0.1	999.0	0.88	-0.37	3.56
418	Matt Festa	CLE	0	57	59.0	3	3	0	0	10	53	27	8	58	21	1.25	8.78	3.20	4.18	4.08	0.2	0.0	999.0	1.70	-0.51	4.14
419	Jake Bird	NYY	0	50	54.0	2	2	0	0	8	49	24	6	54	22	1.33	9.04	3.75	4.07	4.02	0.2	0.1	999.0	3.16	1.67	4.05
420	Ryan Yarbrough	NYY	3	43	65.0	3	3	1	0	3	63	31	9	52	19	1.26	7.25	2.65	4.29	4.49	0.2	0.2	999.0	1.75	-0.76	4.11
421	Cal Quantrill	TEX	6	8	34.0	2	2	2	0	0	35	19	5	25	12	1.38	6.68	3.09	5.12	4.90	0.2	-0.1	999.0	2.36	1.31	3.80
422	Justin Bruihl	STL	0	48	48.2	2	2	0	0	8	46	23	5	44	19	1.34	8.11	3.49	4.16	4.04	0.2	0.2	999.0	2.09	0.74	3.87
423	Brady Basso	ATH	0	44	50.1	2	2	0	0	5	48	22	6	45	18	1.31	8.00	3.21	3.99	4.08	0.2	0.2	999.0	2.23	0.30	3.88
424	Kendry Rojas	MIN	0	31	36.1	2	2	0	0	2	35	17	4	34	14	1.37	8.43	3.58	4.19	4.00	0.2	0.1	999.0	2.52	0.20	3.74
425	Yoendrys Gómez	TBR	4	29	51.0	3	2	1	0	1	47	25	8	49	21	1.33	8.69	3.69	4.44	4.54	0.2	0.2	999.0	2.03	-0.57	4.11
426	Yaramil Hiraldo	BAL	0	33	35.0	1	1	0	0	2	32	16	5	36	13	1.27	9.12	3.26	4.20	4.18	0.2	0.0	999.0	2.27	0.41	3.52
427	Austin Warren	NYM	0	36	41.1	3	2	0	0	3	39	19	5	38	15	1.30	8.18	3.26	4.13	4.25	0.2	0.0	999.0	1.35	1.20	3.81
428	Austin Gomber	TEX	4	19	40.2	2	3	1	0	1	43	22	7	30	11	1.31	6.62	2.32	4.94	4.79	0.2	-0.1	999.0	6.91	2.00	3.82
429	Ty Johnson	TBR	3	3	15.2	1	1	1	0	0	14	8	2	16	6	1.28	8.92	3.38	4.35	4.40	0.2	0.2	999.0	0.74	-1.08	3.28
430	Mitch Farris	LAA	6	6	32.2	1	2	2	0	0	32	18	5	29	15	1.42	7.93	4.00	4.89	4.86	0.2	0.2	999.0	1.46	0.46	3.79
431	Wade Miley		8	8	40.2	2	2	2	0	0	43	22	6	27	15	1.42	6.02	3.32	4.90	4.93	0.2	0.2	999.0	1.43	1.01	3.93
432	Tim Herrin	CLE	0	53	52.1	3	3	0	0	11	45	22	5	53	25	1.35	9.19	4.35	3.82	4.03	0.2	0.3	999.0	1.81	0.43	4.02
433	Brandon Williamson	CIN	3	30	48.0	2	2	1	0	1	47	24	7	42	18	1.35	7.86	3.40	4.59	4.65	0.2	0.1	999.0	2.63	0.72	4.00
434	Tanner Houck	BOS	3	6	21.1	1	2	1	0	0	22	12	3	17	7	1.38	7.22	3.05	4.98	4.48	0.2	0.0	999.0	1.45	0.08	3.50
435	Ryne Stanek	STL	0	59	59.1	3	4	0	2	11	54	28	8	60	28	1.37	9.08	4.20	4.25	4.32	0.2	0.0	999.0	3.16	0.96	4.23
436	Brent Headrick	NYY	0	41	47.1	2	1	0	0	4	43	21	7	49	16	1.23	9.32	2.99	3.99	4.08	0.2	0.2	999.0	1.65	-0.08	3.71
437	Henry Baez	ATH	3	7	19.2	1	1	1	0	0	19	10	2	15	8	1.36	6.66	3.42	4.47	4.40	0.2	0.1	999.0	0.90	0.80	3.37
438	Ronel Blanco	HOU	2	9	18.1	1	1	1	0	1	17	9	3	19	7	1.30	9.24	3.64	4.16	4.19	0.2	0.1	999.0	0.73	-0.21	3.34
439	Luke Little	CHC	0	18	18.1	1	1	0	0	1	15	7	1	20	11	1.37	9.99	5.22	3.59	3.85	0.2	0.1	999.0	1.75	-0.14	3.28
440	Grant Wolfram	BAL	0	28	30.2	2	2	0	0	2	29	15	3	28	13	1.39	8.36	3.91	4.31	4.13	0.2	0.0	999.0	1.55	0.63	3.66
441	Jack Perkins	ATH	0	21	27.2	1	1	0	0	1	23	12	3	29	12	1.26	9.33	3.86	3.90	3.93	0.2	0.2	999.0	1.77	0.70	3.41
442	Dauri Moreta		0	28	28.1	1	1	0	0	1	24	12	4	32	12	1.26	10.07	3.81	3.93	3.97	0.2	0.2	999.0	0.89	-0.98	3.47
443	James McArthur	KCR	0	29	30.0	2	1	0	1	1	30	14	3	26	9	1.30	7.93	2.83	4.19	3.95	0.2	0.1	999.0	1.41	1.00	3.53
444	Bailey Falter	KCR	6	38	68.2	4	4	2	0	2	70	35	10	51	22	1.34	6.61	2.93	4.61	4.69	0.2	0.1	999.0	1.33	-0.15	4.38
445	Ryan Johnson	LAA	0	18	19.1	1	1	0	0	1	19	9	3	18	6	1.30	8.54	2.94	4.16	3.96	0.2	0.0	999.0	1.10	2.58	3.30
446	Jalen Beeks		0	44	46.0	2	2	0	0	4	43	21	5	41	18	1.32	8.09	3.47	4.04	4.09	0.2	0.1	999.0	1.65	2.33	3.86
447	Reese Olson	DET	2	2	9.1	1	1	0	0	0	8	4	1	9	3	1.21	8.52	2.98	3.79	3.84	0.2	0.2	431.0	1.82	0.42	3.08
448	Julian Fernández	WSN	0	59	62.0	3	2	0	2	10	56	28	8	61	23	1.28	8.91	3.36	4.05	4.09	0.1	0.3	999.0	2.35	0.36	4.08
449	Emerson Hancock	SEA	6	31	61.2	3	3	2	0	1	61	30	9	48	20	1.32	6.95	2.99	4.41	4.56	0.1	0.0	999.0	1.61	0.17	4.21
450	Kyle Hart	SDP	7	26	58.2	3	3	3	0	1	58	30	9	49	23	1.37	7.49	3.50	4.61	4.70	0.1	0.2	999.0	2.00	1.20	4.32
451	Sean Sullivan	COL	4	4	22.2	1	2	2	0	0	25	13	4	17	7	1.39	6.65	2.67	5.30	4.99	0.1	0.2	999.0	0.63	0.25	3.50
452	Gage Jump	ATH	3	3	16.2	1	1	1	0	0	16	8	2	14	6	1.34	7.78	3.26	4.46	4.53	0.1	0.2	999.0	1.06	0.57	3.31
453	Philip Abner	ARI	0	24	24.0	1	1	0	0	1	23	11	3	22	9	1.33	8.37	3.38	4.14	3.91	0.1	0.1	999.0	3.05	3.19	3.42
454	Jordan Hicks	CHW	1	50	58.0	2	3	0	1	5	56	28	6	52	26	1.42	8.11	4.07	4.31	4.19	0.1	0.1	999.0	3.76	0.52	4.13
455	Brandon Eisert	CHW	0	54	56.1	2	3	0	1	6	54	26	7	54	21	1.32	8.55	3.29	4.17	4.18	0.1	0.1	999.0	2.50	2.75	4.03
456	Nick Raquet	STL	0	28	30.2	2	2	0	0	1	30	14	3	24	11	1.33	7.16	3.14	4.15	4.20	0.1	0.1	999.0	1.30	1.38	3.59
457	Matt Waldron	SDP	7	8	41.0	2	3	3	0	0	42	23	7	31	14	1.38	6.92	3.11	4.96	4.88	0.1	0.1	999.0	6.32	2.61	3.96
458	Mason Fluharty	TOR	0	36	37.1	2	1	0	0	2	33	17	5	38	16	1.29	9.25	3.76	4.02	4.06	0.1	0.1	999.0	1.81	0.35	3.72
459	José Buttó	SFG	0	54	62.1	4	4	0	3	11	57	28	7	57	26	1.33	8.23	3.80	3.99	4.15	0.1	0.2	999.0	1.62	0.13	4.13
460	Brennan Bernardino	COL	0	57	57.0	3	3	0	1	7	57	28	7	52	25	1.44	8.21	4.00	4.47	4.37	0.1	0.3	999.0	2.68	2.15	4.25
461	Hayden Wesneski	HOU	2	15	23.2	1	1	1	0	1	22	11	4	22	7	1.22	8.58	2.68	4.21	4.27	0.1	0.1	999.0	1.21	0.79	3.38
462	David Morgan	SDP	0	58	63.0	2	2	0	0	8	57	28	7	63	27	1.32	9.01	3.84	3.98	4.11	0.1	0.3	999.0	2.18	1.15	4.08
463	Reiver Sanmartin	SFG	0	35	38.1	2	2	0	0	2	40	17	4	29	12	1.36	6.79	2.90	4.05	3.99	0.1	0.1	999.0	1.12	1.69	3.66
464	Tristan Beck	SFG	0	29	35.2	1	1	0	0	1	34	16	4	30	12	1.29	7.68	2.97	4.09	4.16	0.1	0.1	999.0	1.22	0.64	3.56
465	AJ Blubaugh	HOU	3	32	49.1	3	3	1	0	2	46	24	7	46	20	1.35	8.35	3.73	4.42	4.51	0.1	0.1	999.0	2.05	-0.31	4.14
466	Brandon Walter	HOU	1	1	7.1	0	0	0	0	0	7	3	1	7	1	1.10	8.02	1.65	3.93	3.75	0.1	0.1	999.0	0.73	1.00	3.00
467	Manuel Rodríguez	TBR	0	14	14.1	1	1	0	0	3	14	6	1	13	5	1.27	8.17	2.88	3.83	3.74	0.1	0.0	999.0	0.88	-1.13	3.16
468	Wandy Peralta	SDP	0	59	59.1	3	2	0	0	7	55	25	6	51	24	1.33	7.67	3.68	3.81	4.11	0.1	0.4	999.0	1.23	0.35	3.98
469	Carlos Rodriguez	MIL	2	22	32.1	2	2	1	0	1	30	16	5	30	13	1.34	8.19	3.73	4.43	4.54	0.1	0.1	999.0	1.56	0.57	3.66
470	Shane Drohan	MIL	0	21	23.0	1	1	0	0	1	20	10	3	24	9	1.28	9.35	3.66	4.00	3.95	0.1	0.1	999.0	1.52	0.51	3.41
471	Mason Barnett	ATH	4	21	41.1	2	2	1	0	1	41	22	6	35	18	1.41	7.71	3.89	4.73	4.68	0.1	0.0	999.0	2.83	1.85	3.98
472	Ty Madden	DET	2	16	27.0	1	1	1	0	1	27	13	4	24	11	1.39	7.92	3.59	4.40	4.38	0.1	0.1	999.0	2.25	0.67	3.54
473	Steven Cruz	KCR	0	37	39.2	2	2	0	0	3	36	18	4	36	16	1.33	8.14	3.73	4.14	4.15	0.1	0.1	999.0	1.50	0.40	3.70
474	Jacob Webb	CHC	0	49	51.2	3	3	0	0	7	46	24	7	48	20	1.28	8.38	3.47	4.19	4.33	0.1	0.1	999.0	1.05	-0.79	3.97
475	Ryan Watson	BOS	0	45	47.1	2	2	0	0	6	47	23	6	41	16	1.35	7.79	3.14	4.32	4.20	0.1	0.0	999.0	1.25	-1.03	3.96
476	Zak Kent	TEX	0	25	28.2	1	1	0	0	1	26	13	3	27	13	1.37	8.47	4.12	4.20	4.23	0.1	0.0	999.0	1.25	-0.66	3.57
477	Porter Hodge	CHC	0	45	47.2	2	2	0	1	7	41	22	6	52	25	1.37	9.79	4.64	4.06	4.17	0.1	0.2	999.0	2.63	0.16	3.99
478	Andrew Morris	MIN	0	19	21.0	1	1	0	0	1	21	9	2	18	6	1.27	7.53	2.41	4.04	3.92	0.1	0.1	999.0	1.09	0.60	3.32
479	Sean Guenther	DET	0	14	15.1	1	1	0	0	2	15	7	2	12	5	1.30	7.08	2.79	3.90	3.93	0.1	0.1	999.0	0.97	0.54	3.18
480	Cooper Criswell	SEA	3	27	44.0	2	2	1	0	1	43	20	5	35	14	1.29	7.18	2.82	4.04	4.23	0.1	0.1	999.0	1.54	0.04	3.71
481	Liam Hendriks	MIN	0	20	21.0	1	1	0	1	1	19	10	3	21	8	1.27	9.13	3.35	4.27	4.12	0.1	0.0	999.0	2.08	2.01	3.34
482	Justin Hagenman	NYM	0	19	24.0	1	1	0	0	1	23	11	4	22	6	1.22	8.16	2.21	4.14	4.13	0.1	0.1	999.0	2.52	0.96	3.31
483	Yohan Ramírez	PIT	0	46	51.1	2	2	0	0	6	48	24	5	51	21	1.35	8.99	3.76	4.27	4.10	0.1	0.1	999.0	2.28	0.98	4.08
484	Paul Sewald	ARI	0	45	45.1	2	2	0	2	3	41	22	7	45	15	1.24	9.03	2.96	4.44	4.38	0.1	0.0	999.0	1.60	-0.43	3.76
485	Cade Gibson	MIA	0	56	61.2	3	3	0	0	7	60	28	6	49	24	1.37	7.14	3.52	4.02	4.13	0.1	0.3	999.0	2.47	0.05	4.05
486	Seth Halvorsen	COL	0	58	61.0	3	4	0	8	8	61	31	8	55	27	1.45	8.10	4.02	4.62	4.53	0.1	0.2	735.2	4.78	-0.31	3.79
487	Luinder Avila	KCR	0	27	31.2	2	1	0	0	1	30	14	3	29	14	1.37	8.11	3.89	4.05	4.01	0.1	0.2	999.0	2.19	0.46	3.59
488	Colton Gordon	HOU	1	32	42.2	2	2	1	0	1	43	21	7	38	12	1.30	7.94	2.61	4.35	4.45	0.1	0.1	999.0	2.58	0.34	3.85
489	Noah Schultz	CHW	3	3	18.1	1	1	1	0	0	18	9	2	15	9	1.50	7.32	4.46	4.60	4.79	0.1	0.1	999.0	6.02	2.18	3.44
490	Tony Gonsolin		3	4	17.1	2	1	0	0	0	15	9	3	16	7	1.31	8.40	3.78	4.54	4.77	0.1	0.1	999.0	1.97	-0.80	3.39
491	Brandon Young	BAL	3	18	33.0	1	2	1	0	1	33	17	5	29	10	1.31	7.80	2.76	4.58	4.46	0.1	0.0	999.0	2.04	1.80	3.63
492	Sammy Peralta	MIL	0	15	18.0	1	1	0	0	1	17	8	2	15	6	1.31	7.72	3.04	4.20	4.09	0.1	0.0	999.0	1.79	0.70	3.27
493	Yariel Rodríguez	TOR	0	33	35.2	2	2	0	0	5	31	16	4	35	16	1.32	8.93	4.17	4.06	4.30	0.1	0.1	999.0	1.60	0.57	3.66
494	John King	MIA	0	34	35.0	1	1	0	0	1	38	16	3	23	10	1.37	5.97	2.63	4.02	4.04	0.1	0.1	999.0	0.81	1.23	3.53
495	Bradgley Rodriguez	SDP	0	39	42.0	3	1	0	0	3	38	19	4	38	19	1.36	8.16	4.08	4.12	4.39	0.1	0.1	999.0	1.94	-0.86	3.92
496	Bryan Hoeing	SDP	1	19	23.0	1	1	0	0	1	22	11	3	19	7	1.30	7.39	2.91	4.14	4.11	0.1	0.1	999.0	0.62	0.46	3.36
497	George Klassen	LAA	2	11	20.1	1	1	1	0	1	20	10	3	19	9	1.42	8.44	4.12	4.54	4.51	0.1	0.0	999.0	1.41	1.02	3.47
498	Caden Dana	LAA	16	16	85.0	4	6	5	0	0	83	48	15	73	38	1.42	7.73	3.97	5.10	5.22	0.1	0.1	999.0	1.94	1.39	4.22
499	Tink Hence	STL	2	2	9.2	0	1	0	0	0	9	5	1	8	4	1.37	7.70	3.55	4.40	4.42	0.1	0.1	999.0	1.51	-0.49	3.12
500	Ron Marinaccio	SDP	0	36	40.1	2	1	0	0	2	36	19	5	38	18	1.34	8.51	3.94	4.24	4.39	0.1	0.0	999.0	1.21	0.27	3.81
501	Tyler Uberstine	BOS	2	11	16.0	1	1	0	0	1	15	8	2	14	5	1.30	8.03	3.02	4.45	4.37	0.1	0.0	999.0	1.10	0.66	3.24
502	Rob Zastryzny	MIL	0	45	44.1	3	2	0	0	3	41	20	6	40	16	1.30	8.21	3.30	4.08	4.28	0.1	0.1	999.0	1.38	1.12	3.84
503	Yerry De los Santos	NYY	0	29	32.1	1	1	0	0	2	32	15	3	26	13	1.37	7.26	3.47	4.03	4.11	0.1	0.1	999.0	1.80	1.37	3.51
504	Anthony Nunez	BAL	0	23	23.2	1	1	0	0	1	21	11	3	25	10	1.29	9.48	3.73	4.08	4.05	0.1	0.0	999.0	1.20	1.37	3.42
505	Andre Granillo	WSN	0	30	35.0	2	1	0	0	2	32	17	5	33	15	1.32	8.55	3.74	4.38	4.37	0.1	-0.1	999.0	1.65	0.60	3.70
506	Zack Kelly	BOS	0	52	57.1	2	3	0	0	7	53	28	7	55	26	1.37	8.62	4.06	4.33	4.32	0.1	0.1	999.0	1.32	0.19	4.21
507	Jonathan Loáisiga	ARI	0	47	50.1	2	2	0	1	7	50	22	6	42	16	1.32	7.53	2.91	3.88	4.01	0.1	0.3	999.0	2.92	1.36	3.75
508	Alex Lange	KCR	0	46	46.0	2	2	0	0	4	40	20	4	47	26	1.44	9.28	5.00	4.01	4.13	0.1	0.2	999.0	2.54	2.43	3.92
509	Adam Mazur	MIA	3	19	31.2	1	2	1	0	1	33	16	5	25	10	1.36	6.97	2.88	4.48	4.57	0.1	0.2	999.0	3.36	1.42	3.61
510	Cole Sulser	TBR	0	45	50.0	3	2	0	0	5	47	23	7	44	17	1.28	8.00	2.98	4.14	4.22	0.1	0.1	999.0	2.82	-2.65	3.90
511	Austin Peterson	CLE	3	12	25.2	1	2	1	0	1	27	13	4	19	7	1.31	6.54	2.35	4.54	4.61	0.1	0.1	999.0	1.06	0.64	3.44
512	Trevor Williams	WSN	2	20	27.0	1	1	0	0	1	28	14	4	22	8	1.33	7.30	2.59	4.58	4.41	0.1	0.0	999.0	1.68	1.05	3.52
513	Justin Sterner	ATH	0	61	65.2	3	3	0	8	12	60	31	10	65	24	1.27	8.96	3.22	4.23	4.42	0.1	0.0	503.0	1.97	0.02	3.90
514	José Suarez	ATL	1	13	19.1	1	1	0	0	1	19	9	2	18	7	1.32	8.48	3.22	4.19	4.07	0.1	0.1	999.0	1.60	0.68	3.30
515	Pedro Avila	CLE	2	23	31.0	2	2	0	0	2	30	15	4	27	13	1.40	7.83	3.86	4.42	4.41	0.1	0.0	999.0	0.86	0.55	3.69
516	Mitch Spence	KCR	1	16	21.1	1	1	0	0	2	22	10	3	18	6	1.34	7.40	2.73	4.42	4.29	0.1	0.0	999.0	1.94	0.89	3.36
517	Dane Dunning	SEA	2	9	17.2	1	1	1	0	0	17	9	2	15	6	1.32	7.76	3.10	4.38	4.33	0.1	0.1	999.0	1.75	0.98	3.31
518	Dylan Dodd	ATL	0	34	39.0	1	1	0	0	3	40	18	5	33	11	1.29	7.67	2.43	4.19	4.03	0.1	0.1	999.0	2.25	0.56	3.63
519	Ethan Roberts	CHC	0	31	32.2	1	1	0	0	1	30	16	4	31	13	1.33	8.50	3.63	4.34	4.39	0.1	0.0	999.0	1.46	0.09	3.64
520	Chase Lee	TOR	0	22	24.0	1	1	0	0	1	23	11	3	23	8	1.26	8.62	2.84	4.04	4.10	0.1	0.0	999.0	2.97	1.94	3.38
521	Chase Silseth	LAA	0	40	46.0	2	2	0	0	3	42	21	6	45	21	1.36	8.79	4.05	4.19	4.31	0.1	0.1	999.0	2.12	2.05	3.91
522	Tanner McDougal	CHW	4	11	26.0	1	2	1	0	0	26	14	4	22	12	1.45	7.71	4.25	4.70	4.80	0.1	0.1	999.0	1.93	-1.36	3.60
523	Dylan Ross	NYM	0	31	31.2	1	1	0	0	2	27	14	4	33	17	1.37	9.53	4.83	3.98	4.19	0.1	0.2	999.0	2.14	1.44	3.59
524	Adam Macko	TOR	2	9	15.1	0	1	0	0	1	15	8	2	14	7	1.45	8.17	4.28	4.53	4.55	0.1	0.1	999.0	2.68	1.18	3.30
525	Joey Lucchesi		0	37	41.2	2	2	0	0	1	41	20	5	32	15	1.35	6.97	3.29	4.21	4.30	0.1	0.1	999.0	1.28	-0.13	3.74
526	Grant Anderson	MIL	0	53	57.0	2	3	0	0	7	53	27	8	56	22	1.31	8.85	3.51	4.24	4.25	0.1	0.1	999.0	1.90	0.25	4.10
527	Tim Mayza	PHI	0	24	23.2	1	1	0	0	1	24	11	3	19	8	1.35	7.32	3.03	4.13	4.12	0.1	0.1	999.0	1.05	1.29	3.40
528	Angel Bastardo	TOR	0	15	16.2	1	1	0	0	1	15	8	2	16	7	1.35	8.79	3.76	4.17	4.10	0.1	0.1	999.0	1.37	0.05	3.28
529	Danny Young	ATL	0	19	19.1	1	1	0	0	4	17	8	2	20	9	1.34	9.51	4.02	3.95	3.86	0.1	0.1	999.0	0.63	-0.35	3.34
530	Trey Gibson	BAL	1	1	7.0	0	1	1	0	0	7	3	1	6	3	1.37	7.91	3.40	4.47	4.36	0.1	0.0	999.0	1.08	0.76	3.06
531	Jonathan Bowlan	PHI	0	49	55.1	3	2	0	0	6	53	26	8	52	19	1.30	8.50	3.14	4.19	4.29	0.1	0.2	999.0	2.14	0.26	4.06
532	Gregory Santos	SFG	0	16	16.2	1	1	0	0	2	16	7	1	15	8	1.42	7.81	4.07	3.89	3.94	0.1	0.1	999.0	1.38	0.87	3.24
533	JR Ritchie	ATL	2	2	10.2	0	1	1	0	0	11	5	1	9	4	1.38	7.41	3.63	4.57	4.63	0.1	0.1	999.0	0.55	0.05	3.17
534	Richard Lovelady	WSN	0	38	39.2	1	2	0	0	4	37	18	5	34	13	1.28	7.78	3.05	4.17	4.15	0.1	0.1	999.0	1.29	0.90	3.64
535	Braden Nett	ATH	3	13	25.2	1	2	1	0	1	26	13	3	21	13	1.50	7.51	4.49	4.74	4.71	0.1	0.0	999.0	2.32	1.39	3.64
536	Travis Adams	MIN	2	44	59.1	3	4	0	0	7	61	31	8	48	21	1.38	7.28	3.22	4.68	4.41	0.1	-0.2	999.0	4.06	3.08	4.29
537	Adbert Alzolay	NYM	0	41	41.0	2	2	0	1	1	38	19	6	38	13	1.25	8.42	2.88	4.13	4.26	0.1	0.0	999.0	1.82	0.77	3.64
538	Nestor Cortes		3	3	13.1	1	1	1	0	0	12	7	2	12	4	1.23	7.81	2.87	4.49	4.89	0.1	0.1	999.0	1.56	-0.11	3.23
539	Gus Varland	WSN	0	42	43.1	2	2	0	0	4	43	21	5	40	17	1.39	8.39	3.63	4.40	4.27	0.1	0.0	999.0	2.28	1.05	3.91
540	Paxton Schultz	WSN	0	34	41.1	1	2	0	0	2	40	20	6	38	16	1.34	8.30	3.44	4.38	4.40	0.1	0.0	999.0	2.41	2.63	3.80
541	Mason Black	KCR	3	19	36.2	1	3	1	0	1	37	20	6	30	16	1.43	7.34	3.85	4.91	4.89	0.1	-0.1	999.0	2.55	1.59	3.86
542	Hunter Stratton	ATL	0	20	22.0	1	1	0	0	2	21	10	3	20	8	1.33	8.04	3.11	4.24	4.17	0.1	0.1	999.0	1.82	1.03	3.36
543	José Leclerc		0	36	37.0	2	2	0	0	1	32	17	5	39	17	1.33	9.53	4.11	4.16	4.28	0.1	0.0	999.0	1.22	-0.24	3.72
544	Joel Payamps	ATL	0	50	50.0	2	2	0	0	7	48	23	7	46	16	1.28	8.24	2.84	4.22	4.09	0.1	0.2	999.0	1.60	1.33	3.86
545	Chris Roycroft	STL	0	34	37.1	2	2	0	0	2	37	18	4	30	17	1.46	7.19	4.17	4.44	4.36	0.1	-0.1	999.0	2.99	2.49	3.83
546	Kyle Nicolas	PIT	0	39	42.2	2	2	0	0	3	40	20	5	42	22	1.44	8.84	4.58	4.29	4.26	0.1	0.1	999.0	3.05	1.43	3.90
547	Pete Hansen	STL	2	2	7.2	0	1	0	0	0	8	4	1	5	3	1.41	5.92	2.90	4.68	4.69	0.1	0.1	999.0	1.26	0.17	3.08
548	Hayden Harris	ATL	0	29	30.1	1	1	0	0	1	27	13	4	32	13	1.31	9.41	3.86	3.98	4.04	0.1	0.1	999.0	1.27	1.15	3.53
549	Yuki Matsui	SDP	0	52	54.0	2	2	0	0	6	48	25	7	54	25	1.35	9.03	4.12	4.15	4.34	0.1	0.1	999.0	1.72	0.39	4.06
550	Enyel De Los Santos	HOU	0	58	60.0	3	3	0	0	8	56	29	9	58	22	1.30	8.61	3.32	4.35	4.39	0.1	-0.1	999.0	1.68	1.28	4.25
551	Jhony Brito	SDP	0	17	19.2	1	1	0	0	1	20	9	2	16	6	1.32	7.20	2.86	4.23	4.18	0.1	0.0	999.0	1.46	0.92	3.30
552	Landon Knack	LAD	3	13	25.0	1	1	1	0	1	24	13	4	22	10	1.36	8.07	3.57	4.85	4.89	0.0	0.0	999.0	1.35	-0.15	3.57
553	Connor Phillips	CIN	0	46	52.1	3	3	0	3	4	45	25	7	56	25	1.34	9.63	4.38	4.36	4.44	0.0	0.1	999.0	2.25	1.70	4.15
554	Welinton Herrera	COL	0	15	15.1	1	1	0	0	1	15	8	2	15	7	1.44	8.71	3.95	4.47	4.33	0.0	0.1	999.0	1.12	1.05	3.33
555	Gabriel Hughes	COL	1	16	22.0	1	1	1	0	1	24	12	3	17	8	1.44	6.84	3.17	4.94	4.66	0.0	0.1	999.0	1.06	0.79	3.53
556	Jonathan Pintaro	NYM	1	17	22.1	1	1	0	0	1	21	10	3	22	11	1.42	8.74	4.47	4.18	4.32	0.0	0.1	999.0	2.13	0.83	3.44
557	Doug Nikhazy	CLE	2	16	25.1	1	2	1	0	1	24	13	4	22	12	1.44	7.90	4.35	4.63	4.75	0.0	0.0	999.0	2.89	1.84	3.57
558	Bryce Montes de Oca	WSN	0	8	8.2	0	1	0	0	1	7	4	1	10	5	1.37	10.60	4.89	3.91	3.93	0.0	0.1	999.0	1.14	1.70	3.13
559	Brent Suter	LAA	0	56	61.2	2	2	0	1	6	63	30	8	48	19	1.32	7.03	2.71	4.34	4.33	0.0	0.0	999.0	2.64	0.72	4.03
560	Spencer Miles	TOR	0	9	11.0	1	1	0	0	0	10	5	1	10	4	1.31	8.31	3.48	4.22	4.10	0.0	0.0	999.0	0.77	1.02	3.15
561	Jedixson Paez	CHW	0	32	34.2	1	2	0	0	2	36	17	5	28	10	1.33	7.17	2.60	4.39	4.28	0.0	0.0	999.0	2.19	-1.31	3.63
562	Jake Bennett	BOS	0	12	13.2	1	1	0	0	1	14	7	2	10	4	1.37	6.83	2.85	4.42	4.14	0.0	0.1	999.0	0.62	0.65	3.24
563	Tim Hill	NYY	0	63	65.2	3	3	0	1	12	70	30	6	38	19	1.35	5.21	2.56	4.06	4.24	0.0	0.3	999.0	1.49	-1.17	3.99
564	Drew Sommers	DET	0	16	16.0	1	1	0	0	1	16	7	1	14	6	1.38	7.54	3.49	4.16	4.07	0.0	0.0	999.0	1.43	1.31	3.25
565	Franco Aleman	CLE	0	15	16.0	1	1	0	0	1	15	7	2	17	7	1.38	9.52	4.16	4.15	4.12	0.0	0.0	999.0	1.61	1.26	3.31
566	Zach McCambley	PHI	0	37	38.1	2	2	0	0	4	36	19	5	37	16	1.38	8.68	3.88	4.44	4.37	0.0	0.0	999.0	1.53	-0.57	3.84
567	Elmer Rodríguez	NYY	0	7	8.0	1	1	0	0	1	7	3	1	7	3	1.31	8.33	3.50	3.96	3.92	0.0	0.0	999.0	0.67	0.00	3.09
568	Jean Cabrera	PHI	2	2	10.2	0	1	1	0	0	11	6	2	8	4	1.44	6.37	3.67	5.00	5.04	0.0	0.1	999.0	1.19	-0.13	3.17
569	Lou Trivino	PHI	0	21	21.1	1	1	0	0	1	21	11	3	18	9	1.37	7.76	3.64	4.47	4.49	0.0	0.0	999.0	1.24	0.15	3.40
570	Luis Perales	WSN	2	15	25.0	1	2	1	0	1	23	12	3	24	13	1.44	8.48	4.60	4.41	4.64	0.0	0.1	999.0	1.37	1.47	3.57
571	Julian Aguiar	CIN	2	23	32.2	1	2	1	0	1	33	17	5	25	10	1.34	6.82	2.87	4.82	4.81	0.0	0.0	999.0	1.85	0.16	3.65
572	Daniel Lynch IV	KCR	0	51	58.1	3	2	0	0	6	58	27	7	45	19	1.33	6.88	3.00	4.20	4.38	0.0	0.0	999.0	1.56	-0.08	4.06
573	Easton McGee	MIL	0	20	23.0	1	1	0	0	1	22	11	3	19	8	1.29	7.56	3.06	4.17	4.14	0.0	0.0	999.0	1.15	0.04	3.35
574	Ben Kudrna	KCR	2	6	12.1	1	1	0	0	1	13	7	2	9	5	1.49	6.77	3.99	4.85	4.73	0.0	0.0	999.0	0.90	1.20	3.26
575	Carlos Hernández	CLE	0	12	13.0	0	0	0	0	1	12	6	2	12	6	1.35	8.76	3.88	4.36	4.33	0.0	0.0	999.0	0.95	3.16	3.20
576	Elvis Alvarado	ATH	0	56	60.1	3	3	0	3	7	53	28	8	62	30	1.38	9.26	4.44	4.20	4.38	0.0	0.0	735.7	1.73	-0.32	4.11
577	Colin Holderman	CLE	0	36	37.0	1	2	0	0	3	35	17	4	34	16	1.36	8.36	3.80	4.21	4.22	0.0	0.0	999.0	2.56	2.07	3.70
578	Edgardo Henriquez	LAD	0	31	31.0	2	1	0	0	3	28	15	4	32	14	1.36	9.17	4.14	4.22	4.30	0.0	0.0	999.0	1.30	0.42	3.65
579	Jorge Alcala	TOR	0	17	18.0	1	1	0	0	1	16	9	3	19	8	1.32	9.43	3.80	4.42	4.49	0.0	-0.1	999.0	1.41	1.49	3.32
580	Matt Pushard	STL	0	45	47.2	2	3	0	0	7	46	23	6	42	18	1.34	7.87	3.35	4.29	4.33	0.0	0.0	999.0	1.12	1.01	3.95
581	Brycen Mautz	STL	0	14	15.1	1	1	0	0	1	15	7	2	13	5	1.30	7.80	3.07	4.15	4.18	0.0	0.0	999.0	0.80	1.20	3.24
582	Griff McGarry	WSN	0	41	47.1	2	2	0	0	6	40	23	5	52	28	1.43	9.87	5.34	4.30	4.33	0.0	0.0	999.0	1.65	0.95	4.05
583	Derek Law	ARI	0	21	22.1	1	1	0	0	1	22	10	2	19	8	1.34	7.50	3.16	4.15	4.08	0.0	0.1	999.0	0.64	-0.03	3.36
584	Bowden Francis	TOR	1	4	9.0	0	0	0	0	0	8	4	2	8	3	1.19	8.09	2.85	4.17	4.86	0.0	0.0	999.0	1.33	-0.06	3.06
585	Héctor Neris	KCR	0	16	16.0	1	1	0	0	2	15	8	2	17	7	1.37	9.26	4.13	4.48	4.40	0.0	-0.1	999.0	1.07	-1.88	3.39
586	Sam Aldegheri	LAA	6	9	38.1	2	3	2	0	0	39	22	6	29	18	1.50	6.85	4.23	5.23	5.34	0.0	-0.1	999.0	1.88	-1.01	4.02
587	Jose Corniell	TEX	0	18	22.0	1	2	0	0	1	20	10	3	20	7	1.22	8.40	2.83	4.19	4.20	0.0	0.0	999.0	2.38	-2.98	3.32
588	Alan Rangel	PHI	3	11	25.2	1	1	1	0	1	26	13	4	21	9	1.35	7.24	3.10	4.64	4.93	0.0	0.2	999.0	1.31	-0.31	3.50
589	Marco Gonzales	SDP	4	4	21.2	1	1	1	0	0	24	12	4	15	8	1.43	6.08	3.13	4.95	5.19	0.0	0.1	999.0	1.45	0.86	3.46
590	Osvaldo Bido	NYY	1	13	18.1	1	1	0	0	0	17	9	3	17	7	1.34	8.44	3.58	4.49	4.69	0.0	0.0	999.0	1.29	0.93	3.36
591	Ryan Webb	CLE	1	1	7.0	0	1	0	0	0	7	4	1	5	3	1.42	6.92	3.72	4.71	4.82	0.0	0.0	999.0	1.04	-0.62	3.07
592	Nate Pearson	HOU	0	48	52.0	2	2	0	0	6	49	26	8	50	22	1.36	8.70	3.83	4.50	4.53	0.0	-0.1	999.0	1.64	0.51	4.10
593	Kyle Backhus	PHI	0	20	19.1	1	2	0	0	4	18	9	2	18	8	1.35	8.48	3.70	4.30	4.22	0.0	0.0	999.0	1.26	0.61	3.34
594	Carson Spiers	CIN	1	2	5.2	0	0	0	0	0	7	3	1	5	2	1.50	7.63	3.34	5.34	5.10	0.0	0.0	999.0	1.72	1.33	3.11
595	Ben Shields	COL	0	6	6.0	0	0	0	0	0	6	3	1	5	2	1.39	7.97	3.40	4.60	4.14	0.0	0.1	999.0	0.00	0.00	3.03
596	Luis Curvelo	TEX	0	28	29.1	1	2	0	0	2	28	15	4	26	12	1.37	8.04	3.79	4.57	4.56	0.0	-0.1	999.0	2.07	-0.21	3.63
597	Ben Casparius	LAD	0	42	50.2	3	3	0	0	7	49	25	7	48	19	1.34	8.50	3.37	4.45	4.38	0.0	0.0	999.0	1.81	0.39	4.16
598	Scott Effross	DET	0	14	15.0	1	1	0	0	1	16	7	2	10	5	1.42	6.15	3.00	4.48	4.24	0.0	0.0	999.0	2.48	1.90	3.27
599	Riley Martin	CHC	0	16	17.0	1	1	0	0	1	15	8	2	17	9	1.43	9.13	4.84	4.12	4.25	0.0	0.0	999.0	1.07	1.02	3.34
600	Kade Strowd	ARI	0	57	59.1	3	3	0	2	10	56	27	6	54	27	1.41	8.24	4.10	4.08	4.08	0.0	0.2	999.0	3.37	1.21	4.06
601	Chris Murphy	CHW	0	32	37.2	2	1	0	0	1	35	17	4	34	18	1.39	8.19	4.19	4.17	4.37	0.0	0.1	999.0	2.33	-1.15	3.74
602	K.C. Hunt	MIL	0	7	7.0	1	1	0	0	1	6	3	1	6	2	1.26	8.18	2.86	4.13	4.04	0.0	0.1	999.0	0.49	0.60	3.08
603	Brendan Beck	NYY	0	13	13.1	1	1	0	0	1	13	6	2	12	4	1.24	7.81	2.46	4.22	4.21	0.0	0.0	999.0	0.58	1.18	3.18
604	Chase Petty	CIN	4	24	40.1	2	4	1	0	1	42	23	7	32	19	1.51	7.11	4.20	5.13	5.23	0.0	-0.1	999.0	3.55	2.00	4.07
605	Michael Kopech		0	37	39.0	2	2	0	0	5	32	19	5	43	23	1.40	9.83	5.19	4.35	4.50	0.0	-0.1	735.9	1.69	-0.01	3.93
606	Joe Elbis	ARI	1	3	6.1	0	1	1	0	0	6	3	1	5	2	1.40	7.46	3.48	4.95	4.44	0.0	0.0	999.0	0.41	-2.93	3.10
607	Didier Fuentes	ATL	0	6	7.0	0	1	0	0	1	7	3	1	7	2	1.30	8.99	2.95	4.43	4.17	0.0	0.0	999.0	3.48	1.80	3.07
608	Bryse Wilson	PHI	3	10	23.0	1	1	0	0	0	25	13	4	16	7	1.39	6.24	2.67	5.09	4.96	0.0	0.0	999.0	0.79	-0.89	3.51
609	AJ Smith-Shawver	ATL	0	5	6.2	0	0	0	0	1	6	3	1	8	3	1.28	10.03	3.57	4.00	3.89	0.0	0.1	999.0	0.82	-0.06	3.04
610	Nolan Hoffman	PHI	0	16	17.0	1	1	0	0	1	16	9	2	16	8	1.45	8.35	4.32	4.54	4.24	0.0	0.0	999.0	1.54	0.01	3.40
611	Ryan Borucki	CHW	0	16	15.2	1	1	0	0	1	14	7	2	15	7	1.32	8.49	3.73	4.05	4.18	0.0	0.0	999.0	0.93	-0.06	3.24
612	Jared Lyons	CIN	1	1	7.1	0	1	0	0	0	8	4	1	6	3	1.47	6.83	3.79	5.37	5.28	0.0	0.0	999.0	0.91	0.45	3.12
613	Thomas Harrington	PIT	2	7	15.2	1	1	1	0	0	16	8	2	12	5	1.35	7.15	3.00	4.84	4.74	0.0	0.1	999.0	1.55	1.99	3.29
614	Kervin Castro	NYY	0	18	19.1	1	1	0	0	1	17	9	2	18	8	1.33	8.38	3.96	4.31	4.30	0.0	0.0	999.0	1.17	-2.08	3.38
615	Carson Seymour	SFG	0	16	21.1	1	1	0	0	1	21	10	2	19	8	1.37	7.81	3.51	4.08	4.22	0.0	0.0	999.0	1.65	0.42	3.35
616	Beau Brieske	DET	0	42	45.1	2	2	0	0	5	43	23	6	39	19	1.38	7.83	3.81	4.52	4.54	0.0	-0.2	999.0	1.58	0.04	3.95
617	Kolby Allard	CLE	0	23	27.1	1	1	0	0	1	28	13	4	21	8	1.33	6.96	2.74	4.34	4.43	0.0	0.0	999.0	1.61	-0.89	3.45
618	Trent Thornton	CHC	0	26	28.0	1	1	0	0	2	27	13	4	24	9	1.30	7.72	2.90	4.27	4.32	0.0	0.1	999.0	1.14	0.72	3.47
619	Brody Hopkins	TBR	1	1	6.2	0	0	0	0	0	6	3	1	6	3	1.46	7.70	4.46	4.79	5.07	0.0	0.0	999.0	0.93	0.35	3.08
620	Craig Kimbrel	NYM	0	22	22.2	2	2	0	0	1	19	10	3	26	11	1.33	10.52	4.46	4.17	4.22	0.0	0.1	999.0	1.63	-0.10	3.50
621	Nick Burdi	NYM	0	8	8.0	0	0	0	0	1	7	4	1	9	4	1.35	9.79	4.50	3.98	4.08	0.0	0.0	999.0	1.18	-0.48	3.10
622	Taylor Clarke	ARI	0	56	60.2	2	2	0	1	8	61	29	9	51	17	1.28	7.53	2.49	4.31	4.29	0.0	0.1	999.0	1.39	-0.31	4.02
623	Tommy Kahnle		0	53	52.2	1	3	0	1	6	49	25	6	48	25	1.39	8.10	4.21	4.27	4.42	0.0	0.1	999.0	2.11	-0.06	3.94
624	Brandyn Garcia	ARI	0	46	49.1	3	3	0	0	5	48	23	4	44	23	1.43	8.05	4.19	4.18	4.09	0.0	0.1	999.0	4.07	2.79	4.06
625	Nick Sandlin	LAA	0	30	29.2	1	2	0	0	3	26	14	4	30	13	1.33	9.09	4.06	4.32	4.62	0.0	0.1	999.0	1.25	0.44	3.57
626	Andrew Saalfrank	ARI	0	6	6.1	0	0	0	1	1	6	3	1	5	3	1.40	7.68	4.11	4.39	3.98	0.0	0.0	717.9	2.03	-0.28	3.05
627	Garrett Hawkins	SDP	0	21	22.0	1	1	0	0	1	20	10	3	22	9	1.32	8.92	3.75	4.25	4.33	0.0	0.1	999.0	0.62	1.11	3.45
628	Luke Jackson		0	43	44.1	2	2	0	1	3	42	21	5	40	20	1.39	8.13	4.13	4.32	4.32	0.0	0.0	999.0	0.54	-0.90	3.89
629	Michel Otañez	TEX	0	20	20.0	1	1	0	0	2	17	10	2	23	12	1.41	10.49	5.14	4.31	4.28	0.0	0.0	999.0	1.80	0.97	3.44
630	Ryan Lambert	NYM	0	10	10.1	0	1	0	0	1	9	5	1	11	5	1.35	9.91	4.50	4.16	4.26	0.0	0.0	999.0	0.99	0.55	3.14
631	John Klein	MIN	0	32	35.0	2	2	0	0	2	35	17	5	31	13	1.35	7.92	3.25	4.44	4.38	0.0	-0.1	999.0	1.71	0.79	3.76
632	Sauryn Lao		0	4	5.2	0	0	0	0	0	5	3	1	5	2	1.25	7.25	2.87	4.05	4.16	0.0	0.0	999.0	0.79	0.30	3.01
633	Mike Clevinger	PIT	3	17	26.1	1	2	1	0	1	27	14	4	21	10	1.40	7.07	3.49	4.81	4.67	0.0	0.0	999.0	1.39	0.60	3.56
634	Jack Kochanowicz	LAA	3	17	30.0	1	2	1	0	1	33	17	4	19	12	1.47	5.70	3.49	4.94	4.92	0.0	-0.1	999.0	3.03	1.48	3.65
635	Craig Yoho	MIL	0	31	33.2	2	1	0	0	1	29	15	4	34	16	1.33	9.01	4.24	4.09	4.26	0.0	0.1	999.0	1.71	2.09	3.67
636	Jackson Jobe	DET	1	2	6.2	0	0	0	0	0	6	4	1	5	3	1.41	6.97	4.40	4.76	5.01	0.0	0.0	999.0	1.15	-0.88	3.11
637	Miguel Ullola	HOU	0	18	18.2	1	1	0	0	1	16	9	2	20	10	1.37	9.75	4.71	4.26	4.33	0.0	0.0	999.0	1.14	-0.88	3.40
638	Evan Reifert	TBR	0	12	13.0	1	1	0	0	1	11	6	2	14	7	1.40	9.67	4.62	4.27	4.32	0.0	0.0	999.0	0.64	0.48	3.27
639	Daniel Robert	PHI	0	5	5.2	0	0	0	0	0	5	3	1	6	3	1.37	9.47	4.17	4.19	4.40	0.0	0.0	999.0	1.87	-0.04	3.05
640	Marco Raya	MIN	0	17	18.0	1	1	0	0	1	18	9	2	16	8	1.44	8.17	4.21	4.51	4.36	0.0	-0.1	999.0	2.01	1.78	3.40
641	Grant Holman	ATH	0	20	20.0	2	2	0	0	3	20	10	3	17	8	1.38	7.80	3.61	4.44	4.41	0.0	-0.1	999.0	0.60	-0.46	3.45
642	Peyton Gray	TEX	0	3	5.1	1	1	0	0	0	7	2	1	5	2	1.71	9.00	3.84	3.90	4.27	0.0	0.1	999.0	0.00	0.00	3.13
643	Zach Franklin	CHW	0	6	6.0	0	1	0	0	1	5	3	1	6	3	1.35	8.85	3.94	4.33	4.25	0.0	0.0	999.0	0.67	0.59	3.04
644	John Brebbia	COL	0	13	13.1	1	1	0	0	1	14	8	2	13	5	1.42	8.80	3.31	5.12	4.77	0.0	0.0	999.0	1.07	1.38	3.29
645	Juan Morillo	ARI	0	40	39.0	1	2	0	0	3	38	19	4	36	20	1.47	8.21	4.50	4.27	4.24	0.0	0.1	999.0	2.43	2.64	3.81
646	Chen Zhong-Ao Zhuang	ATH	0	8	8.1	0	1	0	0	0	9	4	1	7	2	1.27	7.46	2.27	4.34	4.30	0.0	0.0	999.0	2.35	1.69	3.09
647	Tate Kuehner	MIL	0	6	6.0	0	0	0	0	1	5	3	1	5	3	1.40	8.29	4.24	4.18	4.28	0.0	0.0	999.0	0.74	0.98	3.03
648	Jake Miller	DET	0	10	10.1	1	1	0	0	1	10	5	1	8	3	1.32	7.44	2.92	4.33	4.35	0.0	0.0	999.0	0.54	0.61	3.17
649	Scott Alexander	SFG	0	27	27.1	1	1	0	0	2	28	13	3	20	10	1.38	6.48	3.20	4.18	4.29	0.0	0.0	999.0	1.16	-0.23	3.47
650	Ronan Kopp	LAD	0	11	11.1	1	0	0	0	1	10	5	1	13	7	1.47	10.09	5.58	4.32	4.34	0.0	0.0	999.0	1.09	-1.18	3.26
651	Ben Lively	CLE	1	1	5.0	0	0	0	0	0	6	3	1	3	2	1.53	5.95	3.79	4.61	5.36	0.0	0.0	999.0	1.30	-0.96	3.05
652	Reggie Crawford	SFG	0	6	6.0	0	0	0	0	1	5	3	1	6	3	1.38	9.37	4.32	4.32	4.30	0.0	0.0	999.0	0.91	0.88	3.04
653	Tyler Phillips	MIA	0	58	70.0	3	2	0	2	12	72	34	8	51	23	1.36	6.60	3.00	4.32	4.31	0.0	0.0	999.0	1.78	1.85	4.18
654	Carl Edwards Jr.	NYM	0	5	5.1	0	0	0	0	1	5	3	1	5	2	1.34	8.49	4.02	4.34	4.41	0.0	0.0	999.0	1.32	1.64	3.02
655	Anthony Banda	MIN	0	45	46.2	2	1	0	0	4	43	22	6	45	21	1.37	8.64	3.99	4.31	4.40	0.0	0.1	999.0	1.48	-0.39	3.99
656	Joe Rock	TBR	2	17	27.2	1	1	1	0	1	29	13	4	22	10	1.38	7.27	3.12	4.27	4.64	0.0	0.2	999.0	3.20	1.88	3.49
657	Chase Shugart	PHI	0	30	33.0	1	1	0	0	2	32	17	5	27	13	1.36	7.40	3.49	4.53	4.66	0.0	0.0	999.0	1.24	-0.42	3.64
658	Keegan Thompson	COL	0	27	30.2	1	1	0	0	1	30	16	4	29	13	1.42	8.62	3.94	4.75	4.61	0.0	-0.1	999.0	1.07	-1.11	3.70
659	Yoniel Curet	PHI	1	2	7.1	0	1	0	0	0	7	4	1	6	4	1.49	7.93	4.73	5.13	5.10	0.0	-0.1	999.0	1.21	-0.56	3.12
660	Trevor Stephan	CLE	0	13	13.1	1	1	0	0	1	13	6	2	13	5	1.33	8.65	3.41	4.36	4.33	0.0	0.0	999.0	0.54	0.38	3.23
661	Troy Watson	DET	1	1	5.2	0	1	0	0	0	6	3	1	4	2	1.43	6.12	3.42	5.35	5.30	0.0	0.0	999.0	0.73	0.47	3.06
662	Hans Crouse	BAL	0	6	6.0	1	1	0	0	1	5	3	1	6	3	1.34	9.83	4.19	4.32	4.33	0.0	0.0	999.0	0.77	-1.48	3.09
663	Tayler Saucedo	LAA	0	30	30.1	1	1	0	0	2	30	15	4	27	13	1.41	8.00	3.93	4.45	4.37	0.0	0.0	999.0	1.43	0.93	3.60
664	Tucker Davidson	PHI	0	6	6.0	0	0	0	0	1	6	3	1	5	2	1.38	7.36	3.42	4.48	4.35	0.0	0.0	999.0	0.78	-0.77	3.06
665	Tyler Samaniego	BOS	0	23	24.1	2	1	0	0	1	25	12	3	21	10	1.42	7.54	3.67	4.43	4.42	0.0	0.0	999.0	0.80	0.66	3.56
666	Eric Cerantola	KCR	0	15	16.1	1	1	0	0	1	15	8	2	16	9	1.45	8.81	4.77	4.48	4.39	0.0	-0.1	999.0	1.03	-1.54	3.37
667	Jackson Wolf	SDP	0	9	9.2	1	0	0	0	1	9	5	1	8	3	1.33	7.83	3.23	4.31	4.39	0.0	0.0	999.0	1.21	0.66	3.15
668	Will Klein	LAD	0	41	44.0	2	2	0	0	3	39	21	5	48	26	1.49	9.82	5.42	4.33	4.30	0.0	0.0	999.0	3.21	1.26	4.10
669	Dax Fulton	MIA	0	10	10.0	1	1	0	0	1	10	5	1	9	5	1.43	7.81	4.13	4.29	4.38	0.0	0.0	999.0	0.60	1.20	3.19
670	Joel Hurtado	LAA	1	1	6.1	0	1	0	0	0	7	4	1	4	3	1.56	5.34	3.97	5.37	5.43	0.0	0.0	999.0	0.87	0.39	3.10
671	Tom Cosgrove	HOU	0	9	9.2	1	1	0	0	1	9	5	1	9	5	1.40	8.08	4.17	4.54	4.61	0.0	0.0	999.0	0.97	-0.93	3.17
672	Jagger Haynes	SDP	2	2	8.0	0	0	0	0	0	8	5	1	6	4	1.55	6.91	4.84	5.19	5.34	0.0	0.0	999.0	1.32	0.28	3.15
673	Andrew Sears	DET	0	6	6.0	0	0	0	0	1	6	3	1	5	2	1.35	7.71	3.46	4.37	4.44	0.0	0.0	999.0	0.85	1.00	3.03
674	Tyler Gilbert	CHW	0	31	33.0	1	2	0	0	2	32	16	5	29	13	1.36	8.04	3.53	4.40	4.44	0.0	0.0	999.0	1.36	0.44	3.64
675	Lake Bachar	MIA	0	52	57.1	3	3	0	0	8	53	27	8	57	24	1.35	8.89	3.78	4.31	4.42	0.0	0.1	999.0	1.13	1.53	4.26
676	Gunnar Hoglund	ATH	5	17	38.1	2	2	2	0	1	39	21	7	30	12	1.35	6.95	2.89	4.90	4.91	0.0	-0.1	999.0	1.21	0.91	3.82
677	Joey Gerber	NYM	0	13	14.2	1	1	0	0	2	14	7	2	14	5	1.30	8.59	3.25	4.39	4.32	0.0	0.0	999.0	1.10	0.33	3.23
678	Yosver Zulueta	SEA	0	19	21.2	1	1	0	0	1	19	9	2	21	10	1.35	8.84	4.38	3.92	4.12	0.0	0.1	999.0	1.43	0.74	3.35
679	Riley Cornelio	WSN	3	4	16.0	1	1	1	0	0	17	9	3	11	7	1.52	6.44	4.14	5.29	5.29	0.0	0.0	999.0	1.25	1.38	3.40
680	Jose Espada	BAL	0	13	14.2	1	1	0	0	1	13	7	2	15	7	1.40	9.30	4.41	4.44	4.61	0.0	0.0	999.0	1.18	-0.95	3.29
681	Austin Kitchen	SEA	0	6	6.0	0	0	0	0	1	6	3	1	4	2	1.36	6.01	2.77	4.21	4.27	0.0	0.0	999.0	0.66	0.91	3.01
682	Will Johnston	ATH	0	6	8.0	1	1	0	0	0	8	4	1	7	5	1.59	8.40	5.27	4.98	4.46	0.0	-0.1	999.0	3.23	-0.75	3.20
683	James Karinchak	ATL	0	10	10.0	1	1	0	0	1	9	5	1	12	6	1.41	10.31	4.89	4.49	4.35	0.0	-0.1	999.0	0.71	-1.18	3.22
684	Nabil Crismatt	TEX	0	2	5.1	0	0	0	0	0	6	3	1	4	1	1.34	6.09	2.40	4.82	4.60	0.0	0.0	999.0	1.37	1.44	3.05
685	Jake Bloss	TOR	0	12	13.1	1	1	0	0	1	13	7	2	12	5	1.37	8.03	3.55	4.56	4.53	0.0	0.0	999.0	1.01	-0.31	3.28
686	Jhonathan Díaz	SEA	0	4	6.0	0	0	0	0	0	6	3	1	5	2	1.28	7.13	2.99	4.16	4.22	0.0	0.0	999.0	0.87	2.31	3.02
687	Emiliano Teodo	TEX	0	11	11.2	1	1	0	0	1	10	6	1	12	7	1.47	9.10	5.25	4.45	4.51	0.0	0.0	999.0	1.78	1.39	3.27
688	Duncan Davitt	CHW	0	17	19.1	1	1	0	0	1	19	10	3	16	6	1.31	7.46	2.74	4.49	4.44	0.0	-0.1	999.0	1.12	0.67	3.31
689	A.J. Causey	ATH	0	8	7.2	1	1	0	0	1	8	4	1	6	3	1.39	7.34	3.43	4.54	4.49	0.0	0.0	999.0	0.36	-1.02	3.13
690	Max Lazar	PHI	0	33	36.1	1	1	0	0	2	36	18	5	29	11	1.30	7.08	2.75	4.45	4.40	0.0	-0.1	999.0	1.66	0.32	3.64
691	Dylan Smith	DET	0	22	26.0	1	1	0	0	1	24	12	3	22	11	1.35	7.61	3.82	4.09	4.41	0.0	0.0	999.0	1.39	-0.42	3.45
692	Jeff Criswell	COL	0	13	15.0	1	1	0	0	1	16	8	2	15	7	1.49	8.91	3.95	4.90	4.70	0.0	0.0	999.0	1.40	0.29	3.38
693	Collin Snider	CHC	0	8	8.0	0	1	0	0	1	8	4	1	7	3	1.37	7.38	3.28	4.52	4.52	0.0	0.0	999.0	0.82	-0.14	3.08
694	Jorge López		0	27	27.1	1	1	0	0	1	27	14	3	23	10	1.34	7.53	3.23	4.46	4.34	0.0	-0.1	999.0	0.49	0.45	3.55
695	Garrett Acton	MIA	0	19	19.1	1	1	0	0	1	18	10	3	18	9	1.36	8.55	3.96	4.53	4.59	0.0	0.0	999.0	1.28	0.32	3.35
696	David Sandlin	CHW	0	14	14.2	1	1	0	0	1	15	7	2	13	5	1.33	7.81	3.06	4.46	4.47	0.0	0.0	999.0	0.71	0.96	3.26
697	Tyson Neighbors	BAL	0	17	18.0	1	1	0	0	1	16	9	2	18	8	1.34	9.10	4.03	4.40	4.45	0.0	-0.1	999.0	1.15	0.48	3.33
698	Josh Staumont	CIN	0	10	10.0	1	1	0	0	1	9	5	1	10	5	1.46	8.77	4.74	4.78	4.75	0.0	0.0	999.0	0.81	-0.07	3.23
699	Jose Franco	CIN	0	14	14.2	1	1	0	0	1	14	8	2	14	6	1.38	8.60	3.81	4.74	4.71	0.0	0.0	999.0	0.99	0.67	3.33
700	Shane Murphy	CHW	0	13	14.2	1	1	0	0	1	15	7	2	11	4	1.30	6.41	2.34	4.42	4.48	0.0	0.0	999.0	1.14	0.55	3.20
701	Drew Smith		0	35	37.0	1	2	0	0	1	34	18	5	37	16	1.34	8.94	3.85	4.41	4.43	0.0	-0.1	999.0	1.31	0.70	3.76
702	Wilber Dotel	PIT	0	9	9.2	1	1	0	0	1	10	5	1	8	4	1.39	7.72	3.59	4.57	4.49	0.0	0.0	999.0	0.77	-1.26	3.18
703	Shinnosuke Ogasawara	WSN	0	7	8.1	0	0	0	0	1	9	4	1	6	3	1.37	6.65	2.82	4.59	4.46	0.0	-0.1	999.0	1.46	3.32	3.09
704	RJ Petit	COL	0	45	46.1	2	3	0	0	5	48	25	7	41	18	1.43	7.93	3.56	4.82	4.66	0.0	0.1	999.0	1.26	-0.76	4.15
705	Albert Suárez	BAL	0	20	23.2	1	1	0	0	1	24	11	3	20	8	1.34	7.58	2.92	4.35	4.34	0.0	0.0	999.0	1.97	-0.08	3.42
706	Drey Jameson	ARI	0	52	56.1	3	3	0	2	6	55	26	6	51	23	1.38	8.16	3.70	4.09	4.15	0.0	0.2	735.8	2.77	0.50	4.00
707	Blake Walston	ARI	0	11	13.0	1	1	0	0	1	13	6	1	11	5	1.41	7.79	3.76	4.43	4.33	0.0	0.0	999.0	1.17	-0.28	3.25
708	Lyon Richardson	CIN	0	18	20.1	1	1	0	0	1	20	10	3	18	10	1.47	7.87	4.32	4.60	4.60	0.0	0.0	999.0	1.29	0.89	3.49
709	Walbert Urena	LAA	0	8	9.1	0	1	0	0	1	10	5	1	7	5	1.52	6.97	4.49	4.81	4.65	0.0	-0.1	999.0	0.83	0.56	3.16
710	T.J. McFarland		0	26	25.0	1	1	0	0	1	27	12	3	17	8	1.41	6.15	3.05	4.39	4.36	0.0	0.0	999.0	0.99	0.58	3.42
711	Daison Acosta	SDP	0	15	15.2	1	1	0	0	1	14	7	2	16	8	1.40	9.11	4.66	4.31	4.50	0.0	0.0	999.0	1.21	-0.34	3.30
712	Alex Carrillo	NYM	0	19	21.2	1	2	0	0	1	19	11	3	22	10	1.34	9.16	4.14	4.44	4.68	0.0	-0.1	999.0	1.17	1.57	3.39
713	Sam Bachman	LAA	0	25	26.1	1	2	0	0	1	26	13	3	22	12	1.45	7.65	4.22	4.47	4.44	0.0	0.0	999.0	1.35	1.46	3.60
714	Vinny Nittoli	BOS	0	12	13.0	1	1	0	0	1	14	7	2	11	5	1.39	7.68	3.26	4.68	4.53	0.0	0.0	999.0	0.74	0.14	3.26
715	Hogan Harris	ATH	0	54	65.0	3	3	0	8	10	60	31	8	63	30	1.39	8.64	4.21	4.24	4.33	0.0	0.1	719.6	2.09	0.71	3.83
716	Francis Pena	SDP	0	10	10.0	1	1	0	0	1	10	5	1	8	5	1.44	7.15	4.09	4.38	4.59	0.0	0.0	999.0	0.45	1.10	3.18
717	Chayce McDermott	BAL	2	8	14.2	1	1	0	0	1	14	8	2	14	9	1.54	8.65	5.36	4.96	5.11	0.0	0.0	999.0	2.93	1.87	3.37
718	Isaiah Campbell	ARI	0	20	21.1	2	2	0	0	1	23	11	2	15	7	1.44	6.48	3.19	4.55	4.39	0.0	-0.1	999.0	1.84	1.85	3.50
719	Victor Mederos	LAA	1	20	26.1	1	2	0	0	1	27	14	4	21	11	1.44	7.05	3.81	4.90	4.90	0.0	-0.2	999.0	1.81	1.82	3.59
720	Joe Ross	ARI	0	34	39.0	1	2	0	0	1	39	19	5	32	14	1.36	7.41	3.30	4.40	4.45	0.0	-0.1	999.0	0.95	0.42	3.75
721	Lazaro Estrada	TOR	0	16	20.2	1	1	0	0	1	21	10	3	19	7	1.32	8.34	2.88	4.49	4.49	0.0	0.0	999.0	3.21	1.52	3.37
722	Angel Perdomo	LAA	0	14	15.0	1	1	0	0	1	13	7	2	16	8	1.39	9.55	4.72	4.39	4.53	0.0	0.0	999.0	0.89	0.94	3.31
723	Randy Dobnak	SEA	0	10	12.1	1	1	0	0	1	12	6	1	9	5	1.42	6.84	3.72	4.27	4.51	0.0	0.0	999.0	1.78	1.69	3.19
724	Tejay Antone	CIN	0	11	11.2	1	1	0	0	1	12	7	2	10	5	1.49	7.83	4.21	5.02	4.83	0.0	0.0	999.0	1.06	1.09	3.28
725	Chad Green		0	40	41.0	2	2	0	1	2	40	21	7	36	13	1.31	7.86	2.95	4.58	4.66	0.0	-0.2	999.0	1.39	-0.34	3.78
726	Jackson Rutledge	WSN	0	52	60.0	3	3	0	1	8	60	31	9	52	23	1.38	7.78	3.42	4.65	4.64	0.0	-0.2	999.0	3.86	1.64	4.27
727	Michael Tonkin	MIN	0	26	28.1	1	1	0	0	1	27	14	4	26	10	1.30	8.22	3.17	4.47	4.46	0.0	0.0	999.0	0.64	-0.47	3.54
728	Joe La Sorsa	PIT	0	7	8.1	0	1	0	0	0	9	4	1	6	3	1.33	6.26	2.80	4.47	4.58	0.0	-0.1	999.0	1.70	2.06	3.08
729	Seth Martinez	BOS	0	18	18.2	1	1	0	0	1	19	10	3	15	7	1.40	7.43	3.57	4.67	4.69	0.0	-0.1	999.0	1.02	-1.77	3.38
730	Josh Fleming	TOR	0	8	9.0	0	1	0	0	1	10	4	1	5	3	1.45	4.91	2.84	4.40	4.49	0.0	-0.1	999.0	0.74	0.81	3.10
731	Alek Jacob	SDP	0	24	27.0	1	1	0	0	1	26	14	4	24	11	1.36	7.84	3.64	4.63	4.70	0.0	-0.1	999.0	1.90	-0.19	3.52
732	J.P. France	HOU	0	14	16.1	1	1	0	0	1	16	8	2	14	7	1.37	7.97	3.71	4.43	4.46	0.0	-0.1	999.0	0.91	1.58	3.31
733	Alex Hoppe	SEA	0	11	12.0	0	1	0	0	1	12	6	1	10	6	1.46	7.77	4.29	4.28	4.43	0.0	0.0	999.0	1.35	0.77	3.20
734	Domingo Gonzalez	SEA	0	16	16.1	1	1	0	0	1	15	8	2	15	7	1.35	8.47	3.98	4.28	4.37	0.0	0.0	999.0	0.97	-1.20	3.30
735	Kevin Abel	CIN	0	7	7.1	0	1	0	0	1	7	4	1	6	4	1.51	7.67	4.50	5.15	5.03	0.0	-0.1	999.0	1.19	0.63	3.12
736	Casey Lawrence	SEA	1	2	8.0	0	1	0	0	0	9	5	2	4	2	1.42	4.40	2.30	5.27	5.50	0.0	-0.1	999.0	1.22	0.57	3.10
737	Hobie Harris	BOS	0	7	6.2	0	1	0	0	1	7	4	1	5	3	1.53	6.99	4.23	4.96	4.84	0.0	0.0	999.0	0.58	0.81	3.11
738	Peyton Pallette	CLE	0	38	40.1	1	2	0	0	4	38	20	6	39	17	1.36	8.73	3.83	4.42	4.43	0.0	-0.1	999.0	2.11	0.19	3.82
739	Michael Petersen	MIA	0	23	25.1	1	1	0	0	1	25	13	4	23	10	1.37	8.33	3.60	4.49	4.53	0.0	-0.1	999.0	2.89	2.01	3.48
740	Jake Eder	WSN	0	19	24.2	1	2	0	0	1	25	13	3	20	9	1.40	7.39	3.41	4.62	4.65	0.0	-0.1	999.0	6.37	2.56	3.48
741	Génesis Cabrera	PHI	0	18	18.1	0	1	0	0	1	18	9	3	16	8	1.40	8.05	3.78	4.62	4.67	0.0	0.0	999.0	1.37	0.51	3.34
742	Daysbel Hernández	ATL	0	31	32.1	2	2	0	0	4	29	15	4	33	18	1.46	9.35	5.16	4.27	4.40	0.0	0.0	999.0	1.43	0.60	3.81
743	Andrew Walters	CLE	0	26	25.2	1	1	0	0	1	22	12	4	28	12	1.33	9.82	4.32	4.12	4.37	0.0	0.0	999.0	0.90	0.51	3.51
744	Tanner Rainey	DET	0	13	13.0	0	0	0	0	1	12	7	2	13	7	1.43	8.78	4.80	4.59	4.67	0.0	0.0	999.0	1.10	1.45	3.24
745	Taylor Rashi	ARI	0	14	21.2	1	1	0	0	0	21	10	3	19	10	1.43	8.03	4.11	4.08	4.41	0.0	0.1	999.0	1.37	0.14	3.40
746	Dale Stanavich	MIA	0	10	10.1	1	1	0	0	1	10	5	1	9	6	1.51	7.95	4.98	4.47	4.70	0.0	-0.1	999.0	0.38	-1.26	3.22
747	Yunior Marte	CIN	0	8	8.2	0	0	0	0	0	9	5	1	7	4	1.46	7.55	3.93	4.91	4.76	0.0	0.0	999.0	1.28	1.09	3.16
748	Casey Legumina	SEA	0	47	50.2	3	3	0	0	4	47	24	7	48	20	1.33	8.52	3.59	4.29	4.32	0.0	-0.2	999.0	2.29	0.58	4.07
749	Jake Miller	CLE	0	10	10.0	1	1	0	0	1	10	5	1	7	4	1.42	6.63	3.44	4.64	4.68	0.0	-0.1	999.0	0.42	-1.27	3.20
750	Corbin Martin	CHC	0	7	7.2	0	0	0	0	1	7	4	1	7	4	1.47	8.04	4.50	4.70	4.71	0.0	0.0	999.0	1.06	0.57	3.11
751	Kyle Bischoff	MIN	0	6	6.0	0	1	0	0	1	6	3	1	5	3	1.53	7.66	4.83	4.90	4.98	0.0	-0.1	999.0	0.75	0.84	3.08
752	Cole Irvin	LAD	0	7	8.0	0	0	0	0	1	8	4	1	6	3	1.40	6.99	3.21	4.80	4.82	0.0	-0.1	999.0	1.11	0.60	3.10
753	Guillo Zuñiga	SEA	0	7	7.1	0	1	0	0	1	7	4	1	7	3	1.37	8.01	3.85	4.51	4.68	0.0	-0.1	999.0	1.03	-0.22	3.07
754	Tyler Ferguson	ATH	0	41	43.2	2	2	0	0	4	39	21	5	43	22	1.39	8.89	4.50	4.37	4.45	0.0	0.0	999.0	1.73	0.47	3.96
755	Josh Ekness	MIA	0	12	13.0	0	1	0	0	1	12	7	2	11	6	1.41	7.96	4.16	4.64	4.66	0.0	0.0	999.0	0.80	0.17	3.24
756	Gavin Hollowell	CHC	0	15	16.1	1	1	0	0	1	15	8	2	16	9	1.45	8.95	4.73	4.47	4.54	0.0	-0.1	999.0	2.11	0.61	3.36
757	Hayden Durke	ARI	0	8	8.0	1	1	0	0	1	7	4	1	8	5	1.55	8.77	5.66	4.54	4.70	0.0	0.0	999.0	0.46	-1.00	3.19
758	Cole Wilcox	SEA	0	18	19.0	1	1	0	0	1	19	9	2	15	7	1.40	7.18	3.50	4.31	4.31	0.0	-0.1	999.0	1.66	0.64	3.32
759	Josh Simpson	MIA	0	34	35.0	2	2	0	0	2	32	17	4	33	18	1.45	8.62	4.70	4.49	4.40	0.0	0.0	999.0	1.64	0.38	3.89
760	Zach Pop	PHI	0	42	43.0	2	3	0	0	6	45	22	5	33	15	1.39	6.86	3.16	4.64	4.47	0.0	-0.1	999.0	1.98	0.07	3.91
761	Juan Burgos	ARI	0	28	29.1	1	1	0	0	3	29	15	4	25	12	1.41	7.57	3.75	4.57	4.47	0.0	-0.1	999.0	1.37	-0.02	3.65
762	Cameron Foster	BAL	0	21	22.2	2	1	0	0	1	22	11	3	20	9	1.38	7.79	3.44	4.52	4.57	0.0	0.0	999.0	0.58	0.42	3.50
763	Chris Devenski	PIT	0	16	17.1	1	1	0	0	1	18	9	3	14	5	1.34	7.38	2.84	4.58	4.54	0.0	-0.1	999.0	1.04	0.19	3.28
764	Jesse Scholtens	TBR	0	22	29.0	1	1	0	0	1	29	14	4	26	9	1.32	7.98	2.89	4.49	4.45	0.0	-0.1	999.0	1.68	0.69	3.53
765	Sam Benschoter	CIN	0	7	8.2	1	1	0	0	0	10	4	2	6	3	1.40	6.23	2.69	4.48	5.13	0.0	0.0	999.0	0.80	-0.16	3.13
766	Dylan Coleman	NYY	0	6	6.0	0	0	0	0	0	5	3	1	6	4	1.59	8.82	6.32	4.85	5.13	0.0	0.0	999.0	1.28	0.23	3.13
767	Cole Winn	TEX	0	56	64.0	2	3	0	3	8	59	31	8	55	29	1.37	7.79	4.04	4.37	4.46	0.0	-0.2	999.0	2.49	-2.26	4.07
768	Miguel Castro		0	15	15.1	1	1	0	0	1	15	8	2	13	7	1.40	7.74	3.89	4.66	4.68	0.0	-0.1	999.0	0.58	0.37	3.31
769	Prelander Berroa	CHW	0	27	28.0	1	1	0	0	1	26	14	3	29	16	1.49	9.21	5.19	4.42	4.56	-0.1	0.0	999.0	2.06	0.27	3.62
770	Valente Bellozo	COL	1	12	14.2	0	0	0	0	1	16	8	3	11	4	1.41	6.57	2.72	5.13	5.17	-0.1	0.0	999.0	0.64	0.24	3.27
771	Ryan Rolison	CHC	0	15	16.2	1	1	0	0	1	17	8	2	12	6	1.40	6.71	3.37	4.58	4.57	-0.1	0.0	999.0	2.05	3.17	3.28
772	Scott McGough		0	24	26.1	1	1	0	0	1	26	14	4	23	11	1.40	7.95	3.72	4.87	4.75	-0.1	-0.1	999.0	1.65	0.94	3.63
773	Scott Blewett	STL	0	17	20.0	1	1	0	0	1	20	10	3	15	7	1.37	6.86	3.26	4.51	4.55	-0.1	-0.1	999.0	1.48	1.72	3.34
774	Ryan Harbin	PIT	0	25	26.1	1	1	0	0	2	26	13	3	24	15	1.56	8.33	5.05	4.58	4.55	-0.1	-0.1	999.0	1.26	0.96	3.68
775	Jayden Murray	HOU	0	27	29.0	1	1	0	0	3	28	14	4	25	12	1.39	7.59	3.79	4.42	4.53	-0.1	-0.1	999.0	2.41	0.38	3.56
776	Joel Peguero	SFG	0	60	64.1	3	3	0	3	12	65	31	7	52	27	1.43	7.31	3.83	4.33	4.38	-0.1	-0.1	999.0	5.22	0.54	4.11
777	Zach Maxwell	CIN	0	42	45.0	2	2	0	0	3	42	23	7	46	23	1.44	9.18	4.64	4.57	4.64	-0.1	0.0	999.0	1.80	-0.51	4.06
778	Rafael Montero	NYY	0	47	48.1	1	2	0	0	3	45	24	6	45	24	1.41	8.37	4.45	4.46	4.47	-0.1	-0.1	999.0	1.22	0.39	3.98
779	William Kempner	MIA	0	20	20.1	1	2	0	0	1	19	11	3	20	11	1.47	8.60	4.79	4.68	4.65	-0.1	-0.1	999.0	0.94	0.41	3.47
780	Kevin Herget	NYM	0	5	8.0	0	0	0	0	0	8	3	1	6	3	1.29	6.34	3.08	3.93	5.16	-0.1	0.0	999.0	1.06	-0.45	3.03
781	Luis Mey	CIN	0	32	32.1	2	2	0	0	3	30	17	4	30	20	1.53	8.36	5.47	4.65	4.88	-0.1	0.0	999.0	1.68	-0.32	3.85
782	Andrew Hoffmann	ARI	0	38	41.0	2	2	0	0	6	40	20	5	37	16	1.38	8.19	3.57	4.29	4.25	-0.1	0.1	999.0	1.74	1.16	3.84
783	Carter Baumler	TEX	0	40	42.2	1	2	0	0	6	41	22	6	37	19	1.40	7.79	3.94	4.63	4.58	-0.1	-0.2	999.0	0.96	0.37	3.90
784	Angel Chivilli	NYY	0	22	23.2	1	1	0	0	1	24	12	4	20	9	1.36	7.73	3.25	4.59	4.60	-0.1	0.0	999.0	1.73	0.47	3.45
785	Jhancarlos Lara	ATL	0	13	14.0	1	1	0	0	1	12	6	2	15	10	1.59	9.96	6.40	4.20	4.68	-0.1	0.0	999.0	3.59	2.00	3.34
786	Jaden Woods	PIT	0	13	13.1	1	1	0	0	1	13	7	2	11	6	1.48	7.36	4.40	4.70	4.80	-0.1	0.0	999.0	0.43	0.77	3.30
787	Ken Waldichuk	WSN	2	11	20.1	1	1	0	0	1	20	11	3	18	11	1.51	8.15	4.76	4.84	5.16	-0.1	-0.1	999.0	1.96	0.81	3.50
788	Bryce Jarvis	ARI	0	4	6.0	0	0	0	0	0	6	3	1	5	3	1.56	7.00	4.91	5.03	5.32	-0.1	-0.1	999.0	1.16	-1.30	3.09
789	Cam Sanders	PIT	0	18	19.2	1	1	0	0	1	18	10	3	18	11	1.51	8.43	5.25	4.76	4.85	-0.1	0.0	999.0	1.32	-0.35	3.47
790	Jackson Kowar	BAL	0	42	44.2	2	2	0	0	4	43	23	6	41	21	1.46	8.20	4.34	4.74	4.70	-0.1	-0.2	999.0	2.03	1.19	4.11
791	Mike Vasil	CHW	2	59	78.1	4	4	1	1	10	75	38	9	63	34	1.39	7.21	3.87	4.37	4.57	-0.1	0.1	999.0	3.10	0.90	4.43
792	Zach Brzykcy	MIA	0	10	8.2	0	0	0	0	0	9	5	1	9	5	1.56	8.82	5.00	5.49	4.99	-0.1	-0.1	999.0	3.32	0.55	3.22
793	Nick Anderson	ATH	0	20	21.0	1	1	0	0	1	21	11	3	19	9	1.42	8.10	3.68	4.71	4.79	-0.1	-0.1	999.0	2.07	1.67	3.48
794	Kendall Graveman		0	31	31.2	1	1	0	0	1	31	16	4	27	15	1.45	7.66	4.31	4.54	4.64	-0.1	0.0	999.0	0.51	0.76	3.70
795	Samy Natera Jr.	LAA	0	17	18.1	1	1	0	0	1	17	10	3	19	10	1.48	9.20	5.09	4.78	4.85	-0.1	-0.1	999.0	1.30	0.39	3.43
796	Nick Hernandez	ATH	0	10	12.0	0	0	0	0	0	13	7	2	13	6	1.60	9.78	4.51	5.44	4.86	-0.1	-0.2	999.0	1.90	1.00	3.32
797	Robby Ahlstrom	TEX	0	14	13.2	1	1	0	0	1	14	7	2	12	7	1.48	7.61	4.50	4.83	4.94	-0.1	-0.1	999.0	0.36	-0.76	3.33
798	Carson Palmquist	COL	1	16	23.0	0	1	0	0	1	23	14	4	22	12	1.50	8.47	4.63	5.32	5.28	-0.1	0.0	999.0	1.63	4.66	3.59
799	Blas Castaño	SEA	0	9	11.1	1	0	0	0	1	11	6	1	8	4	1.39	6.71	3.35	4.49	4.71	-0.1	-0.1	999.0	0.99	0.43	3.18
800	Seth Johnson	PHI	0	18	21.0	1	2	0	0	1	21	11	3	19	10	1.48	8.07	4.30	4.86	4.71	-0.1	-0.1	999.0	1.83	1.25	3.53
801	Ryan Loutos	SEA	0	17	17.1	1	1	0	0	1	17	9	2	14	7	1.41	7.42	3.79	4.65	4.59	-0.1	-0.2	999.0	1.54	0.77	3.36
802	Hunter Bigge	TBR	0	39	42.0	1	1	0	0	3	39	20	6	41	17	1.34	8.87	3.72	4.26	4.51	-0.1	0.0	999.0	2.49	-2.79	3.77
803	George Soriano	STL	0	34	40.1	2	2	0	0	3	39	20	5	37	17	1.36	8.27	3.67	4.50	4.39	-0.1	-0.1	999.0	3.49	2.77	3.88
804	Joey Estes	ATH	1	20	28.0	1	2	0	0	1	29	16	5	22	8	1.30	6.92	2.46	5.00	5.06	-0.1	-0.2	999.0	1.77	-0.27	3.54
805	Austin Love	STL	0	23	24.0	1	2	0	0	1	23	12	3	20	11	1.43	7.57	4.07	4.60	4.73	-0.1	0.0	999.0	1.12	1.39	3.51
806	Bobby Miller	LAD	0	17	22.0	1	1	0	0	1	21	12	3	21	10	1.43	8.47	4.19	4.82	4.66	-0.1	-0.2	999.0	2.33	0.50	3.52
807	Brandon Waddell	NYM	0	7	18.2	1	1	0	0	1	20	10	3	15	7	1.47	7.17	3.59	4.89	4.75	-0.1	-0.1	999.0	2.26	0.42	3.40
808	Paul Gervase	LAD	0	20	22.0	1	1	0	0	1	20	11	3	22	10	1.37	9.10	4.25	4.58	4.66	-0.1	-0.1	999.0	0.91	0.84	3.47
809	Konnor Pilkington	DET	0	27	28.1	1	1	0	0	2	25	13	4	28	15	1.43	8.86	4.87	4.26	4.63	-0.1	0.0	999.0	2.17	1.32	3.63
810	Bailey Horn	DET	0	36	38.2	2	2	0	0	3	37	19	5	35	19	1.43	8.07	4.32	4.34	4.53	-0.1	0.0	999.0	1.63	0.45	3.85
811	Jack Neely	CHC	0	14	15.0	0	1	0	0	1	14	8	2	15	9	1.50	8.85	5.36	4.62	4.94	-0.1	0.0	999.0	1.73	1.19	3.33
812	Dom Hamel	NYY	0	20	21.2	1	1	0	0	2	21	11	3	20	8	1.34	8.13	3.43	4.46	4.67	-0.1	-0.1	999.0	1.29	0.18	3.42
813	Dan Altavilla	MIN	0	30	30.2	1	2	0	0	1	29	16	4	26	15	1.44	7.63	4.35	4.73	4.76	-0.1	-0.1	999.0	1.22	1.06	3.69
814	Bradley Blalock	MIA	1	12	16.0	1	1	0	0	1	18	9	2	11	7	1.55	6.29	4.02	5.16	5.10	-0.1	-0.1	999.0	5.12	1.86	3.41
815	Eduarniel Núñez	ATH	0	47	50.2	3	2	0	0	4	46	25	6	50	29	1.47	8.81	5.12	4.51	4.70	-0.1	-0.1	999.0	2.41	2.19	4.27
816	Colin Poche		0	27	26.2	1	1	0	0	1	25	14	4	24	13	1.40	8.22	4.27	4.72	4.75	-0.1	-0.1	999.0	1.22	-2.06	3.63
817	Brandan Bidois	PIT	0	32	34.0	2	2	0	0	2	32	17	5	31	17	1.44	8.27	4.39	4.61	4.62	-0.1	-0.1	999.0	0.54	-2.02	3.82
818	Cade Winquest	NYY	0	32	35.0	1	2	0	0	2	35	18	5	28	14	1.40	7.24	3.54	4.70	4.66	-0.1	-0.2	999.0	2.07	0.41	3.75
819	Rolddy Muñoz	ATL	0	17	18.2	1	1	0	0	1	18	9	2	17	10	1.51	8.17	4.65	4.59	4.67	-0.1	0.0	999.0	1.62	0.10	3.41
820	Robinson Ortiz	SEA	0	30	31.0	2	2	0	0	2	28	14	4	29	16	1.43	8.26	4.63	4.18	4.51	-0.1	-0.1	999.0	1.68	1.05	3.66
821	Eli Morgan	KCR	0	22	24.0	1	1	0	0	1	24	13	4	20	8	1.35	7.54	3.17	4.74	4.70	-0.1	-0.1	999.0	0.81	-0.82	3.45
822	Alexis Díaz	TEX	0	57	59.1	3	3	0	4	6	52	31	8	58	30	1.37	8.86	4.53	4.77	4.82	-0.1	-0.4	627.6	1.80	-1.25	4.13
823	Kaleb Ort	LAA	0	28	29.0	1	1	0	0	2	26	15	5	29	14	1.38	9.05	4.26	4.64	4.76	-0.1	-0.1	999.0	1.24	0.60	3.64
824	Carlos Vargas	SEA	0	52	54.1	2	2	0	0	9	53	25	6	43	20	1.34	7.06	3.24	4.09	4.29	-0.1	-0.1	999.0	1.95	0.36	3.95
825	Triston McKenzie	SDP	3	11	23.0	1	1	1	0	1	22	13	4	21	12	1.48	8.24	4.67	5.12	5.29	-0.1	-0.1	999.0	1.25	-0.45	3.60
826	Anthony Molina	ATL	0	10	19.1	1	0	0	0	0	22	11	3	14	7	1.53	6.68	3.30	5.30	4.76	-0.1	-0.2	999.0	4.45	0.32	3.51
827	Ty Adcock	SDP	0	27	30.0	1	1	0	0	1	29	15	5	27	11	1.33	8.19	3.41	4.47	4.67	-0.1	0.0	999.0	1.58	0.43	3.53
828	Thomas Hatch	ARI	0	4	10.1	1	0	0	0	0	12	7	2	7	5	1.60	6.31	4.10	5.68	5.37	-0.1	-0.2	999.0	1.52	2.72	3.29
829	Orlando Ribalta	WSN	0	26	27.2	1	1	0	0	1	27	15	4	25	14	1.49	8.24	4.55	4.90	4.94	-0.1	-0.1	999.0	4.14	3.58	3.64
830	Antonio Senzatela	COL	3	39	59.2	2	4	1	0	4	72	36	9	38	20	1.55	5.66	3.00	5.46	5.04	-0.1	-0.1	999.0	3.75	1.26	4.19
831	Marc Church	TEX	0	28	29.2	1	1	0	0	2	28	16	4	27	16	1.49	8.17	4.83	4.70	4.74	-0.1	-0.2	999.0	2.44	3.35	3.74
832	Ryan Zeferjahn	LAA	0	61	64.0	3	3	0	1	12	56	31	9	70	34	1.40	9.87	4.79	4.41	4.61	-0.1	-0.1	999.0	2.48	1.25	4.45
833	Jairo Iriarte	CHW	0	15	16.0	0	1	0	0	2	15	9	2	15	10	1.57	8.32	5.74	4.89	5.17	-0.1	-0.2	999.0	2.21	0.60	3.40
834	Kyle Keller	BOS	0	26	26.2	1	1	0	0	1	26	15	4	26	14	1.47	8.87	4.62	5.06	4.91	-0.1	-0.1	999.0	2.15	0.91	3.70
835	Andry Lara	WSN	0	25	36.0	0	0	0	0	1	38	20	5	28	15	1.47	7.04	3.81	4.99	4.67	-0.1	-0.3	999.0	5.42	1.73	3.77
836	Connor Brogdon	CLE	0	45	48.1	2	2	0	0	4	46	25	8	47	20	1.37	8.73	3.71	4.69	4.76	-0.1	-0.3	999.0	2.97	0.64	4.15
837	Troy Taylor	SEA	0	37	36.2	1	2	0	0	3	34	18	5	33	17	1.41	8.04	4.19	4.51	4.69	-0.2	-0.2	999.0	2.36	1.34	3.79
838	Luis Guerrero	TBR	0	19	20.2	0	1	0	0	1	19	11	3	18	12	1.49	7.76	5.03	4.79	5.02	-0.2	-0.1	999.0	1.59	-1.10	3.45
839	Hunter Strickland	LAA	0	28	29.0	1	1	0	0	1	28	15	4	23	13	1.41	7.13	3.91	4.79	4.91	-0.2	-0.2	999.0	1.70	-0.83	3.64
840	Roddery Muñoz	HOU	1	40	49.0	2	2	0	0	5	46	26	8	49	24	1.42	8.93	4.39	4.77	4.81	-0.2	-0.2	999.0	1.80	1.59	4.19
841	Rico Garcia	BAL	0	46	49.2	1	2	0	0	10	47	24	8	50	23	1.39	9.00	4.09	4.40	4.76	-0.2	-0.1	999.0	3.37	2.22	4.02
842	Lucas Sims	CHW	0	15	15.1	0	1	0	0	1	14	9	2	14	10	1.54	8.51	5.67	5.45	5.53	-0.2	-0.2	999.0	1.13	-0.09	3.41
843	Steven Wilson	TBR	0	51	51.2	2	2	0	1	6	48	27	9	49	23	1.36	8.50	3.93	4.76	4.95	-0.2	-0.3	999.0	1.68	0.75	4.09
844	Cole Henry	WSN	0	65	64.1	2	3	0	10	9	59	34	9	61	34	1.45	8.48	4.74	4.71	4.90	-0.2	-0.3	999.0	3.81	0.82	3.55
845	Alexander Alberto	CHW	0	24	25.0	1	2	0	0	1	26	15	3	19	14	1.58	6.88	5.04	5.24	5.17	-0.2	-0.3	999.0	0.50	-1.52	3.70
846	Jayvien Sandridge	LAA	0	20	19.2	1	1	0	0	1	18	10	3	22	13	1.56	10.03	5.88	4.76	5.37	-0.2	-0.1	999.0	1.39	0.14	3.54
847	Zach Agnos	COL	0	40	42.2	2	3	0	1	2	44	24	7	33	18	1.47	7.03	3.90	5.18	5.05	-0.2	-0.1	999.0	2.87	1.35	4.03
848	Luis Peralta	COL	0	28	27.1	1	2	0	0	1	28	16	4	26	17	1.66	8.39	5.58	5.39	5.36	-0.2	-0.2	999.0	7.13	2.51	3.83
849	Ky Bush	CHW	1	7	14.2	1	1	0	0	0	15	8	3	11	11	1.73	6.88	6.49	4.80	6.28	-0.2	0.1	999.0	3.35	0.28	3.40
850	Yilber Díaz	ARI	2	21	31.1	1	2	0	1	2	30	16	4	28	21	1.63	8.19	6.06	4.65	5.09	-0.2	0.0	999.0	6.87	2.49	3.77
851	Wikelman González	CHW	0	45	50.2	2	3	0	0	3	45	26	6	50	32	1.52	8.84	5.64	4.58	4.74	-0.3	-0.1	999.0	4.00	0.39	4.22
852	Michael Kelly	ATH	0	58	61.0	4	4	0	3	9	60	31	9	52	26	1.40	7.70	3.87	4.50	4.72	-0.3	-0.1	999.0	2.87	-0.28	4.23
