#	Name	Team	GS	G	IP	W	L	QS	SV	HLD	H	ER	HR	SO	BB	WHIP	K/9	BB/9	ERA	FIP	WAR	RA9-WAR	ADP
1	Tarik Skubal	DET	32	32	200.0	14	7	22	0	0	157	60	19	245	40	0.98	10.99	1.81	2.67	2.62	6.3	6.2	6.5
2	Garrett Crochet	BOS	32	32	197.0	15	8	21	0	0	162	64	20	245	52	1.08	11.17	2.36	2.91	2.82	5.8	5.9	11.1
3	Paul Skenes	PIT	32	32	189.0	13	8	21	0	0	152	60	17	223	49	1.07	10.62	2.35	2.84	2.82	5.4	5.8	10.0
4	Cristopher Sánchez	PHI	32	32	200.0	12	8	20	0	0	183	71	18	193	49	1.16	8.69	2.21	3.21	3.20	4.8	5.2	27.2
5	Logan Webb	SFG	32	32	202.0	15	9	20	0	0	191	72	16	191	45	1.17	8.49	2.01	3.19	3.03	4.5	4.5	63.6
6	Cole Ragans	KCR	29	29	163.0	11	8	17	0	0	132	61	17	202	58	1.17	11.14	3.20	3.39	3.16	4.1	3.7	45.5
7	Chris Sale	ATL	28	28	165.0	12	6	18	0	0	138	58	18	200	44	1.10	10.91	2.41	3.15	3.06	4.0	4.4	38.2
8	Max Fried	NYY	31	31	189.0	14	9	19	0	0	170	70	17	175	54	1.18	8.37	2.58	3.35	3.43	3.9	3.8	54.2
9	Dylan Cease	TOR	32	32	183.0	12	9	18	0	0	153	73	22	213	69	1.21	10.52	3.39	3.59	3.54	3.9	3.3	80.0
10	Hunter Greene	CIN	31	31	180.0	11	9	17	0	0	142	75	24	212	58	1.11	10.62	2.92	3.74	3.74	3.8	3.8	43.3
11	Hunter Brown	HOU	31	31	183.0	13	8	19	0	0	157	68	19	197	60	1.19	9.66	2.97	3.35	3.45	3.8	4.0	37.7
12	Sonny Gray	BOS	31	31	178.0	12	10	17	0	0	170	74	21	186	47	1.22	9.37	2.39	3.72	3.50	3.7	3.4	133.0
13	Jacob deGrom	TEX	29	29	169.0	11	8	17	0	0	143	66	23	188	40	1.08	10.02	2.11	3.50	3.46	3.7	3.3	46.8
14	Framber Valdez	DET	31	31	195.0	13	10	19	0	0	177	74	17	180	65	1.24	8.33	2.99	3.42	3.54	3.6	4.0	95.4
15	Yoshinobu Yamamoto	LAD	26	26	155.0	12	7	16	0	0	129	58	17	165	43	1.11	9.54	2.52	3.38	3.35	3.6	3.6	26.8
16	Jesús Luzardo	PHI	31	31	179.0	12	10	17	0	0	157	75	23	197	56	1.19	9.94	2.80	3.77	3.63	3.5	3.4	75.8
17	Bryan Woo	SEA	32	32	195.0	13	10	19	0	0	169	75	25	197	43	1.08	9.09	1.96	3.47	3.58	3.5	3.3	38.7
18	Ranger Suárez	BOS	29	29	169.0	12	9	17	0	0	166	68	17	149	49	1.27	7.93	2.60	3.62	3.61	3.4	3.4	173.9
19	Zack Wheeler	PHI	24	24	147.0	10	6	15	0	0	124	54	16	160	39	1.11	9.81	2.36	3.31	3.33	3.3	3.6	119.3
20	George Kirby	SEA	31	31	173.0	12	9	18	0	0	160	68	21	170	32	1.11	8.83	1.67	3.53	3.41	3.3	2.7	69.6
21	Pablo López	MIN	29	29	169.0	11	9	16	0	0	158	70	20	168	44	1.20	8.98	2.34	3.75	3.60	3.2	2.9	140.0
22	Joe Ryan	MIN	29	29	167.0	11	10	16	0	0	147	70	24	183	40	1.12	9.82	2.14	3.79	3.72	3.1	2.9	71.9
23	Aaron Nola	PHI	31	31	180.0	11	10	16	0	0	172	82	26	177	45	1.21	8.86	2.26	4.11	3.89	3.1	2.6	209.1
24	Logan Gilbert	SEA	29	29	163.0	10	7	17	0	0	139	62	21	178	39	1.09	9.82	2.14	3.42	3.44	3.0	2.8	32.8
25	Kevin Gausman	TOR	31	31	182.0	12	10	17	0	0	172	79	24	177	53	1.24	8.75	2.60	3.90	3.84	3.0	2.6	125.7
26	Shane McClanahan	TBR	24	24	139.0	9	7	14	0	0	122	53	17	148	39	1.16	9.59	2.53	3.45	3.50	3.0	3.0	217.1
27	Nathan Eovaldi	TEX	29	29	173.0	10	10	16	0	0	160	73	22	163	45	1.18	8.49	2.34	3.77	3.76	2.9	2.7	150.7
28	Brandon Woodruff	MIL	28	28	149.0	10	8	15	0	0	131	62	21	158	40	1.15	9.53	2.43	3.74	3.77	2.9	2.8	105.1
29	Michael King	SDP	29	29	161.0	11	9	16	0	0	143	66	20	170	58	1.25	9.47	3.26	3.68	3.87	2.9	2.7	127.7
30	MacKenzie Gore	TEX	29	29	160.0	11	9	16	0	0	139	68	20	182	60	1.24	10.24	3.36	3.82	3.71	2.9	2.5	176.6
31	José Soriano	LAA	31	31	176.0	11	10	17	0	0	163	75	15	164	76	1.36	8.38	3.91	3.86	3.84	2.9	2.8	411.7
32	Kyle Bradish	BAL	26	26	137.0	8	7	15	0	0	122	55	15	145	43	1.21	9.50	2.84	3.62	3.55	2.9	2.4	69.8
33	Blake Snell	LAD	26	26	141.0	10	7	15	0	0	113	56	16	175	63	1.24	11.18	4.00	3.55	3.54	2.9	2.9	94.5
34	Spencer Strider	ATL	28	28	159.0	12	9	15	0	0	136	68	20	187	55	1.21	10.62	3.13	3.85	3.62	2.8	2.8	95.0
35	Sandy Alcantara	MIA	31	31	188.0	11	11	16	0	0	183	85	21	156	54	1.26	7.47	2.59	4.08	3.92	2.7	2.7	152.7
36	Drew Rasmussen	TBR	31	31	160.0	10	9	17	0	0	151	67	19	141	41	1.20	7.95	2.33	3.75	3.83	2.7	2.7	155.2
37	Andrew Abbott	CIN	29	29	164.0	9	9	15	0	0	159	76	25	149	50	1.27	8.17	2.75	4.17	4.26	2.7	2.5	211.1
38	Chase Burns	CIN	23	31	123.0	8	7	12	0	1	108	51	17	142	36	1.17	10.38	2.63	3.75	3.52	2.6	2.3	104.5
39	Freddy Peralta	NYM	29	29	162.0	11	9	16	0	0	137	69	21	177	61	1.22	9.82	3.37	3.83	3.93	2.6	2.4	58.7
40	Tyler Glasnow	LAD	24	24	133.0	8	6	13	0	0	110	54	17	155	49	1.20	10.50	3.32	3.68	3.59	2.6	2.5	118.8
41	Kris Bubic	KCR	24	34	145.0	10	8	12	0	1	137	60	15	140	49	1.28	8.71	3.05	3.73	3.67	2.6	2.6	214.2
42	Tanner Bibee	CLE	31	31	182.0	11	11	17	0	0	170	79	24	170	54	1.23	8.42	2.68	3.90	4.04	2.5	2.6	185.1
43	Nick Pivetta	SDP	29	29	173.0	10	10	16	0	0	150	76	27	190	52	1.17	9.85	2.72	3.92	3.98	2.5	2.5	98.5
44	Jack Flaherty	DET	29	29	160.0	11	10	15	0	0	145	72	21	176	58	1.27	9.86	3.27	4.02	3.89	2.5	2.1	228.0
45	Matthew Boyd	CHC	29	29	167.0	11	9	16	0	0	156	72	22	149	49	1.23	8.01	2.62	3.89	4.04	2.4	2.6	232.1
46	Nick Lodolo	CIN	28	28	151.0	9	9	14	0	0	140	70	21	154	42	1.20	9.17	2.48	4.13	4.04	2.4	2.4	129.4
47	Mitch Keller	PIT	31	31	175.0	10	11	16	0	0	174	82	22	152	53	1.30	7.80	2.72	4.19	4.09	2.3	2.4	609.0
48	Brady Singer	CIN	31	31	169.0	10	12	15	0	0	165	82	25	160	54	1.30	8.53	2.89	4.38	4.28	2.3	2.1	352.1
49	Yusei Kikuchi	LAA	31	31	169.0	9	10	15	0	0	165	79	25	173	63	1.34	9.20	3.32	4.21	4.21	2.3	2.0	552.3
50	Luis Castillo	SEA	31	31	179.0	11	10	17	0	0	166	76	25	167	51	1.21	8.38	2.54	3.82	4.01	2.3	2.1	173.3
51	Emmet Sheehan	LAD	24	44	145.0	9	7	11	0	1	123	64	21	165	51	1.20	10.23	3.16	3.96	3.91	2.3	2.0	129.2
52	Shohei Ohtani	LAD	23	23	116.0	8	5	13	0	0	91	45	15	138	40	1.13	10.71	3.12	3.51	3.65	2.3	2.5	1.3
53	Mason Miller	SDP	0	66	66.0	4	2	0	32	2	39	18	6	106	24	0.96	14.49	3.33	2.44	2.31	2.3	2.4	28.4
54	Carlos Rodón	NYY	28	28	155.0	11	9	15	0	0	137	69	21	163	56	1.25	9.44	3.27	4.03	3.99	2.3	1.9	195.9
55	David Peterson	NYM	29	29	163.0	9	8	16	0	0	157	70	16	146	64	1.35	8.07	3.52	3.85	3.90	2.3	2.4	490.6
56	Eury Pérez	MIA	28	28	135.0	8	9	14	0	0	117	61	19	145	46	1.21	9.64	3.09	4.04	3.94	2.2	2.1	85.6
57	Joe Musgrove	SDP	28	28	158.0	9	9	15	0	0	150	68	20	145	41	1.21	8.28	2.34	3.89	3.99	2.2	2.4	218.9
58	Michael Wacha	KCR	29	29	164.0	10	11	14	0	0	165	78	22	128	48	1.30	7.01	2.64	4.28	4.28	2.2	2.0	689.9
59	Merrill Kelly	ARI	29	29	169.0	11	9	16	0	0	165	74	22	151	51	1.27	8.01	2.70	3.94	4.03	2.2	2.7	235.6
60	Reid Detmers	LAA	24	34	145.0	9	9	11	0	1	129	66	19	158	53	1.25	9.84	3.27	4.08	3.87	2.2	1.8	353.6
61	Cody Ponce	TOR	24	47	163.0	9	9	11	0	1	155	74	22	160	48	1.25	8.82	2.68	4.07	3.97	2.1	1.7	277.1
62	Jhoan Duran	PHI	0	70	70.0	7	3	0	29	3	55	21	4	84	22	1.10	10.83	2.84	2.67	2.60	2.1	2.3	39.9
63	Luis Severino	ATH	31	31	181.0	10	11	15	0	0	183	90	24	144	57	1.33	7.20	2.84	4.48	4.42	2.1	1.8	688.4
64	Clay Holmes	NYM	28	28	153.0	10	9	15	0	0	152	66	13	125	57	1.37	7.36	3.36	3.89	3.93	2.1	2.1	410.7
65	Jeffrey Springs	ATH	31	31	171.0	10	11	15	0	0	170	83	27	146	54	1.31	7.69	2.83	4.38	4.49	2.1	1.9	702.8
66	Zac Gallen	ARI	31	31	182.0	13	11	16	0	0	174	81	23	169	59	1.28	8.40	2.92	4.03	3.99	2.1	2.7	223.3
67	Grayson Rodriguez	LAA	23	23	122.0	7	8	12	0	0	112	54	16	128	41	1.26	9.43	3.01	3.95	3.87	2.1	1.8	263.8
68	Steven Matz	TBR	23	37	138.0	7	8	11	0	1	140	62	18	121	37	1.29	7.88	2.44	4.06	4.03	2.1	1.7	718.4
69	Casey Mize	DET	28	28	145.0	9	9	14	0	0	144	65	19	129	41	1.27	8.01	2.52	4.06	4.03	2.1	1.8	281.0
70	Gavin Williams	CLE	31	31	168.0	10	9	17	0	0	149	72	21	172	71	1.31	9.20	3.80	3.85	4.08	2.1	2.4	147.5
71	Trey Yesavage	TOR	26	36	140.0	7	6	13	0	1	119	60	16	153	58	1.26	9.79	3.75	3.83	3.81	2.1	1.9	144.4
72	Trevor Rogers	BAL	26	26	142.0	9	8	13	0	0	140	64	17	122	46	1.31	7.72	2.91	4.08	4.08	2.1	1.6	165.3
73	Ryan Pepiot	TBR	31	31	169.0	11	11	15	0	0	151	79	26	171	60	1.25	9.08	3.22	4.18	4.32	2.1	2.1	133.5
74	Gerrit Cole	NYY	23	23	136.0	8	7	12	0	0	122	60	20	135	39	1.19	8.93	2.61	3.95	4.00	2.0	1.8	277.5
75	Braxton Ashcraft	PIT	23	45	149.0	8	9	11	0	1	146	64	16	132	45	1.28	7.94	2.73	3.84	3.82	2.0	2.4	266.5
76	Shane Smith	CHW	29	29	160.0	8	10	15	0	0	145	74	21	150	60	1.28	8.45	3.39	4.19	4.28	2.0	1.9	254.7
77	Quinn Priester	MIL	29	29	174.0	10	10	15	0	0	169	79	21	145	59	1.31	7.53	3.06	4.12	4.16	2.0	2.3	276.4
78	Brandon Pfaadt	ARI	29	29	162.0	10	10	14	0	0	166	76	22	144	37	1.25	8.00	2.06	4.22	3.96	2.0	2.1	687.8
79	Shane Bieber	TOR	21	21	118.0	7	6	12	0	0	114	49	15	107	28	1.20	8.18	2.11	3.75	3.73	2.0	1.9	210.7
80	Jack Leiter	TEX	28	28	148.0	9	9	14	0	0	133	71	19	141	61	1.31	8.57	3.69	4.28	4.29	2.0	1.4	241.7
81	Reynaldo López	ATL	24	38	146.0	10	8	12	0	1	133	62	17	147	51	1.26	9.06	3.12	3.82	3.79	2.0	2.4	338.8
82	Nolan McLean	NYM	26	26	145.0	10	8	14	0	0	132	62	15	140	56	1.29	8.70	3.49	3.82	3.94	1.9	2.2	96.3
83	Brayan Bello	BOS	28	28	153.0	9	10	14	0	0	154	72	17	127	54	1.36	7.48	3.18	4.23	4.14	1.9	2.0	453.3
84	Chris Bassitt	BAL	29	39	176.0	11	10	14	0	1	172	81	24	160	60	1.33	8.18	3.09	4.18	4.29	1.9	1.8	622.0
85	Bubba Chandler	PIT	26	36	147.0	8	9	12	0	1	138	67	17	135	56	1.33	8.32	3.47	4.12	4.19	1.9	2.0	152.4
86	Braxton Garrett	MIA	23	31	129.0	7	7	11	0	1	128	56	16	112	32	1.24	7.81	2.21	3.89	3.93	1.9	2.0	627.8
87	Cade Smith	CLE	0	70	70.0	6	3	0	30	3	53	22	6	91	22	1.07	11.67	2.84	2.85	2.76	1.8	1.9	42.1
88	Edward Cabrera	CHC	26	26	137.0	9	7	14	0	0	117	60	17	146	55	1.25	9.59	3.59	3.92	3.94	1.8	2.0	186.5
89	Jacob Lopez	ATH	24	24	131.0	8	8	12	0	0	118	60	18	136	52	1.30	9.36	3.61	4.17	4.26	1.8	1.8	403.4
90	Cade Cavalli	WSN	26	26	135.0	7	9	13	0	0	133	63	15	115	48	1.33	7.69	3.17	4.20	4.14	1.8	1.6	394.1
91	Shota Imanaga	CHC	26	26	147.0	9	8	13	0	0	140	66	26	134	33	1.18	8.20	2.00	4.04	4.32	1.8	2.0	175.1
92	Bailey Ober	MIN	23	33	136.0	7	8	10	0	1	134	65	22	124	32	1.22	8.16	2.11	4.28	4.25	1.8	1.3	320.3
93	Shane Baz	BAL	28	28	152.0	9	9	14	0	0	142	72	22	149	54	1.30	8.83	3.21	4.28	4.24	1.8	1.5	200.1
94	Jacob Misiorowski	MIL	24	36	138.0	9	8	12	0	1	113	61	17	159	63	1.28	10.38	4.10	3.97	4.02	1.8	1.9	121.9
95	Tatsuya Imai	HOU	26	26	153.0	9	9	13	0	0	150	74	20	145	62	1.39	8.53	3.66	4.37	4.28	1.8	1.4	999.0
96	Edwin Díaz	LAD	0	66	66.0	5	2	0	36	3	47	22	7	93	23	1.07	12.67	3.18	2.98	2.90	1.7	1.7	33.2
97	Griffin Jax	TBR	0	67	67.0	5	3	0	12	10	54	22	7	86	19	1.08	11.52	2.52	2.93	2.79	1.7	1.6	202.6
98	Justin Verlander	DET	26	26	141.0	8	8	13	0	0	140	68	20	116	44	1.31	7.43	2.83	4.31	4.38	1.7	1.4	719.2
99	Noah Cameron	KCR	26	26	142.0	8	8	13	0	0	141	66	19	119	46	1.31	7.57	2.91	4.18	4.25	1.7	1.9	269.9
100	Ryne Nelson	ARI	28	38	167.0	9	8	13	0	1	165	76	22	137	46	1.27	7.42	2.51	4.09	4.14	1.7	2.2	257.8
101	Foster Griffin	WSN	19	37	128.0	7	8	9	0	1	127	58	16	115	37	1.27	8.10	2.58	4.10	3.99	1.7	1.6	735.6
102	Seth Lugo	KCR	28	28	160.0	9	10	14	0	0	161	78	23	135	53	1.34	7.57	2.98	4.36	4.42	1.7	1.8	472.0
103	Aroldis Chapman	BOS	0	62	62.0	5	3	0	31	2	45	20	5	88	28	1.17	12.74	4.05	2.97	2.87	1.7	1.7	60.0
104	Spencer Schwellenbach	ATL	15	15	89.0	6	4	9	0	0	82	35	11	87	18	1.13	8.80	1.86	3.52	3.49	1.7	1.9	198.4
105	Kyle Freeland	COL	29	29	160.0	8	12	12	0	0	185	89	25	118	42	1.42	6.68	2.36	5.02	4.61	1.6	1.7	999.0
106	Roki Sasaki	LAD	19	41	123.0	7	6	8	0	1	115	57	17	129	44	1.29	9.41	3.20	4.16	4.05	1.6	1.3	231.3
107	Cam Schlittler	NYY	23	23	121.0	8	7	12	0	0	111	54	16	119	45	1.29	8.86	3.34	4.06	4.12	1.6	1.4	125.4
108	Zebby Matthews	MIN	18	36	111.0	7	6	8	0	1	109	49	16	110	27	1.23	8.93	2.21	3.98	3.79	1.6	1.4	311.2
109	Michael McGreevy	STL	24	32	144.0	9	9	12	0	1	149	64	16	100	34	1.27	6.29	2.16	3.98	4.02	1.6	1.9	999.0
110	Taj Bradley	MIN	21	35	127.0	7	7	9	0	1	121	60	17	121	44	1.30	8.56	3.14	4.24	4.11	1.6	1.2	597.8
111	Grant Taylor	CHW	3	80	92.0	5	5	1	5	15	79	36	9	103	33	1.21	10.07	3.22	3.47	3.27	1.6	1.4	476.6
112	Zack Littell		29	29	171.0	9	11	13	0	0	182	88	29	130	35	1.27	6.84	1.86	4.62	4.57	1.6	1.2	701.8
113	Bryce Miller	SEA	26	26	141.0	8	8	13	0	0	131	64	20	125	42	1.23	7.98	2.67	4.12	4.19	1.6	1.2	230.1
114	Dustin May	STL	24	38	156.0	9	10	11	0	1	143	72	19	141	57	1.29	8.18	3.27	4.17	4.17	1.6	1.6	640.0
115	Mike Burrows	HOU	24	34	131.0	6	7	11	0	1	121	60	19	129	44	1.27	8.88	3.05	4.11	4.17	1.6	1.4	280.0
116	Jameson Taillon	CHC	28	28	153.0	9	9	13	0	0	155	75	25	118	36	1.25	6.98	2.12	4.40	4.49	1.6	1.5	404.9
117	Matthew Liberatore	STL	28	28	150.0	9	10	14	0	0	149	70	19	125	48	1.31	7.49	2.90	4.22	4.19	1.5	1.6	999.0
118	Eduardo Rodriguez	ARI	23	39	140.0	8	9	10	0	1	141	65	19	126	49	1.35	8.08	3.14	4.20	4.21	1.5	1.6	999.0
119	Nick Martinez	TBR	21	47	147.0	9	10	9	0	1	153	73	20	112	40	1.31	6.85	2.46	4.44	4.28	1.5	1.0	700.9
120	Max Meyer	MIA	24	34	137.0	8	9	11	0	1	135	64	18	123	45	1.32	8.10	2.98	4.24	4.15	1.5	1.6	642.8
121	Chad Patrick	MIL	26	26	140.0	8	9	12	0	0	133	68	22	131	45	1.27	8.42	2.92	4.41	4.45	1.5	1.4	349.1
122	Robbie Ray	SFG	31	31	174.0	10	10	16	0	0	161	80	25	176	65	1.30	9.10	3.35	4.12	4.23	1.5	2.1	160.3
123	Davis Martin	CHW	28	28	150.0	7	10	13	0	0	154	76	21	117	51	1.37	7.03	3.08	4.54	4.56	1.5	1.1	999.0
124	Bryan Abreu	HOU	0	68	68.0	4	2	0	3	13	50	22	6	91	28	1.16	12.01	3.76	2.97	3.11	1.5	1.6	246.4
125	Josh Hader	HOU	0	66	66.0	5	3	0	31	2	47	24	8	92	25	1.09	12.56	3.46	3.21	3.27	1.5	1.3	75.6
126	Joey Cantillo	CLE	21	54	144.0	8	7	10	0	1	127	61	18	153	63	1.32	9.58	3.95	3.80	4.02	1.5	1.7	269.6
127	Zach Eflin	BAL	24	38	151.0	9	10	11	0	1	160	73	24	116	29	1.25	6.91	1.72	4.34	4.30	1.5	1.2	735.5
128	Sean Manaea	NYM	21	43	136.0	8	7	9	0	1	124	63	20	140	43	1.23	9.22	2.85	4.20	4.13	1.4	1.2	281.5
129	Anthony Kay	CHW	23	23	129.0	6	8	11	0	0	133	64	17	105	49	1.41	7.31	3.42	4.45	4.50	1.4	1.1	735.5
130	Andre Pallante	STL	26	26	143.0	8	9	13	0	0	148	68	14	100	55	1.42	6.31	3.47	4.25	4.22	1.4	1.4	999.0
131	Cade Horton	CHC	24	24	127.0	8	8	12	0	0	119	58	17	111	41	1.25	7.86	2.87	4.12	4.24	1.4	1.6	195.6
132	Aaron Civale	ATH	24	24	130.0	7	8	11	0	0	128	67	21	112	41	1.30	7.81	2.87	4.64	4.58	1.4	1.1	999.0
133	Simeon Woods Richardson	MIN	21	33	121.0	6	7	9	0	1	116	58	17	110	45	1.33	8.17	3.32	4.36	4.35	1.4	1.0	507.9
134	Will Warren	NYY	21	45	134.0	7	8	9	0	1	127	63	18	132	48	1.31	8.87	3.22	4.26	4.14	1.4	1.0	406.5
135	Justin Steele	CHC	15	15	81.0	5	4	8	0	0	75	32	9	76	22	1.20	8.44	2.48	3.58	3.65	1.3	1.6	420.3
136	Abner Uribe	MIL	0	72	72.0	4	2	0	19	7	54	25	6	87	33	1.21	10.83	4.13	3.11	3.31	1.3	1.7	151.5
137	David Bednar	NYY	0	65	65.0	5	4	0	33	2	52	24	7	81	22	1.13	11.19	3.00	3.26	3.24	1.3	1.1	58.7
138	Devin Williams	NYM	0	64	64.0	5	4	0	32	3	46	22	6	85	27	1.14	11.93	3.77	3.13	3.05	1.3	1.4	63.0
139	Landen Roupp	SFG	23	33	128.0	8	8	11	0	1	122	56	14	120	50	1.34	8.40	3.49	3.95	3.92	1.3	1.5	704.2
140	Jared Jones	PIT	16	16	88.0	5	5	8	0	0	81	38	11	86	31	1.28	8.80	3.17	3.96	3.95	1.3	1.4	687.0
141	Garrett Whitlock	BOS	0	70	70.0	5	3	0	3	14	61	26	7	78	19	1.15	10.09	2.46	3.33	3.18	1.3	1.4	705.5
142	Kodai Senga	NYM	19	35	119.0	7	7	9	0	1	106	51	14	119	52	1.32	8.97	3.95	3.86	4.10	1.3	1.5	259.5
143	Tyler Mahle	SFG	26	26	137.0	8	8	13	0	0	135	62	18	113	42	1.29	7.41	2.74	4.05	4.15	1.3	1.7	311.6
144	Logan Henderson	MIL	16	38	105.0	7	7	7	0	1	96	48	16	106	32	1.22	9.06	2.74	4.13	4.14	1.3	1.1	261.0
145	Jeremiah Estrada	SDP	0	70	70.0	5	3	0	1	17	52	26	8	95	28	1.15	12.25	3.65	3.29	3.24	1.3	1.0	604.7
146	Parker Messick	CLE	23	23	121.0	7	7	12	0	0	116	54	16	111	41	1.31	8.31	3.07	4.03	4.19	1.3	1.6	298.0
147	Pete Fairbanks	MIA	0	62	62.0	4	3	0	27	4	53	23	6	64	22	1.20	9.36	3.20	3.38	3.38	1.3	1.1	113.5
148	Brad Lord	WSN	24	39	147.0	8	9	10	0	1	149	73	18	111	50	1.36	6.80	3.08	4.46	4.43	1.3	1.2	999.0
149	Andrés Muñoz	SEA	0	64	64.0	4	2	0	28	3	46	20	5	82	25	1.11	11.55	3.50	2.86	2.98	1.3	1.5	40.8
150	Dean Kremer	BAL	21	43	140.0	8	9	9	0	1	141	68	21	120	42	1.31	7.67	2.72	4.37	4.38	1.2	0.9	999.0
151	Slade Cecconi	CLE	28	28	155.0	8	10	13	0	0	157	76	25	130	40	1.27	7.54	2.31	4.45	4.45	1.2	1.2	735.2
152	José Alvarado	PHI	0	64	64.0	5	3	0	3	12	53	23	6	75	26	1.24	10.52	3.71	3.30	3.32	1.2	1.4	999.0
153	Jose Quintana	COL	26	26	144.0	8	10	11	0	0	157	78	20	102	57	1.49	6.39	3.56	4.86	4.85	1.2	1.7	999.0
154	Lucas Giolito		28	28	151.0	8	9	13	0	0	151	78	24	135	58	1.39	8.04	3.47	4.67	4.64	1.2	1.0	591.9
155	Adrian Houser	SFG	26	26	147.0	8	9	13	0	0	154	69	16	105	49	1.38	6.43	2.99	4.23	4.24	1.2	1.4	735.5
156	Ryan Weathers	NYY	19	41	122.0	7	7	8	0	1	114	57	16	115	44	1.29	8.44	3.24	4.17	4.16	1.2	1.0	252.6
157	Will Vest	DET	0	68	68.0	4	4	0	5	12	60	25	6	69	21	1.19	9.19	2.80	3.30	3.20	1.2	1.2	455.7
158	Cristian Javier	HOU	28	28	148.0	8	10	12	0	0	137	77	24	138	63	1.35	8.41	3.85	4.67	4.79	1.2	0.9	513.3
159	Max Scherzer		21	21	111.0	6	7	10	0	0	105	53	19	107	31	1.23	8.70	2.52	4.33	4.44	1.2	1.2	999.0
160	Trevor Megill	MIL	0	66	66.0	5	3	0	11	9	54	24	7	82	23	1.17	11.14	3.19	3.27	3.26	1.2	1.3	133.6
161	Kumar Rocker	TEX	16	42	106.0	6	7	7	0	1	104	49	13	95	33	1.29	8.10	2.78	4.18	4.02	1.2	0.9	999.0
162	Hurston Waldrep	ATL	23	23	123.0	8	8	11	0	0	120	59	14	109	54	1.41	8.00	3.93	4.29	4.26	1.2	1.4	242.0
163	Luis Morales	ATH	19	33	119.0	7	8	8	0	1	114	59	17	105	47	1.35	7.99	3.57	4.46	4.54	1.1	1.1	638.0
164	Sean Burke	CHW	26	26	141.0	7	10	12	0	0	136	74	22	132	63	1.41	8.44	4.02	4.74	4.79	1.1	0.8	999.0
165	Robby Snelling	MIA	16	16	86.0	5	6	8	0	0	85	39	10	74	30	1.34	7.76	3.14	4.03	4.10	1.1	1.3	999.0
166	Kyle Leahy	STL	18	46	132.0	6	7	8	0	1	130	61	15	108	48	1.35	7.39	3.28	4.19	4.18	1.1	1.2	999.0
167	Ryan Helsley	BAL	0	64	64.0	5	3	0	25	4	54	24	7	75	23	1.20	10.54	3.29	3.38	3.38	1.1	1.1	83.8
168	Adrian Morejon	SDP	0	68	68.0	6	5	0	3	13	59	26	6	69	23	1.20	9.09	3.01	3.39	3.35	1.1	1.0	719.4
169	Tanner Scott	LAD	0	63	63.0	4	3	0	4	15	52	24	7	72	25	1.21	10.27	3.55	3.47	3.53	1.1	1.1	702.2
170	Logan Allen	CLE	21	29	121.0	7	8	10	0	1	123	58	17	100	47	1.39	7.39	3.46	4.30	4.53	1.1	1.1	999.0
171	Johan Oviedo	BOS	15	55	115.0	7	6	6	0	1	106	54	14	111	47	1.34	8.73	3.73	4.26	4.24	1.1	1.0	532.9
172	Michael Lorenzen	COL	26	26	143.0	7	10	11	0	0	155	81	24	114	52	1.45	7.15	3.29	5.08	4.92	1.1	1.4	999.0
173	Hunter Harvey	CHC	0	52	52.0	4	2	0	5	13	43	18	5	58	15	1.10	10.03	2.51	3.09	3.10	1.0	1.0	735.8
174	Jeff Hoffman	TOR	0	63	63.0	5	4	0	26	4	50	24	8	76	23	1.16	10.89	3.30	3.40	3.60	1.0	1.0	114.6
175	Lance McCullers Jr.	HOU	19	33	109.0	7	6	8	0	1	103	53	14	105	53	1.43	8.67	4.33	4.39	4.47	1.0	0.8	999.0
176	Matt Brash	SEA	0	63	63.0	4	3	0	3	12	51	22	5	76	26	1.21	10.81	3.65	3.11	3.13	1.0	1.0	734.6
177	Matt Strahm	KCR	0	66	66.0	4	3	0	1	17	56	25	8	72	20	1.14	9.78	2.72	3.47	3.51	1.0	0.9	999.0
178	Bryce Elder	ATL	18	26	108.0	6	7	8	0	1	111	53	13	90	36	1.36	7.47	2.97	4.43	4.18	1.0	1.0	999.0
179	Patrick Corbin		24	24	131.0	7	9	10	0	0	142	71	20	105	44	1.42	7.23	3.06	4.86	4.60	1.0	0.6	999.0
180	José Berríos	TOR	19	47	138.0	8	9	8	0	1	141	68	21	114	42	1.32	7.46	2.71	4.43	4.56	1.0	0.8	735.7
181	Miles Mikolas	WSN	26	26	141.0	7	10	11	0	0	156	75	23	93	32	1.34	5.94	2.05	4.77	4.76	1.0	0.9	999.0
182	Grant Holmes	ATL	16	36	114.0	7	6	7	0	1	110	53	15	109	44	1.35	8.59	3.45	4.17	4.20	0.9	1.2	671.7
183	Robert Garcia	TEX	0	64	64.0	5	4	0	20	6	55	25	7	70	23	1.21	9.85	3.17	3.54	3.52	0.9	0.9	264.6
184	Robert Suarez	ATL	0	67	67.0	5	4	0	8	11	59	26	7	70	21	1.19	9.34	2.82	3.56	3.55	0.9	1.0	216.3
185	Chris Paddack	MIA	21	41	133.0	6	9	8	0	1	143	72	23	102	34	1.32	6.91	2.28	4.82	4.66	0.9	0.6	999.0
186	Camilo Doval	NYY	0	64	64.0	4	3	0	2	14	51	25	5	74	30	1.28	10.42	4.27	3.54	3.52	0.9	0.8	999.0
187	Fernando Cruz	NYY	0	61	61.0	4	3	0	1	16	47	23	7	82	28	1.24	12.07	4.17	3.41	3.39	0.9	0.7	999.0
188	Patrick Sandoval	BOS	10	40	82.0	5	5	4	0	1	80	36	8	76	34	1.39	8.31	3.70	4.01	3.91	0.9	0.9	999.0
189	Ryan Walker	SFG	0	63	63.0	5	3	0	27	5	55	23	5	68	20	1.18	9.73	2.82	3.27	3.26	0.9	1.1	169.6
190	Robert Gasser	MIL	11	37	84.0	5	5	5	0	1	80	38	11	78	26	1.26	8.30	2.82	4.06	4.21	0.9	0.7	735.9
191	Raisel Iglesias	ATL	0	66	66.0	5	3	0	26	4	58	27	8	71	18	1.15	9.66	2.43	3.61	3.55	0.8	1.0	93.2
192	Jacob Latz	TEX	11	51	111.0	4	5	4	0	1	101	54	14	107	54	1.39	8.65	4.36	4.41	4.44	0.8	0.6	720.5
193	Jon Gray		11	11	61.0	4	4	5	0	0	60	30	8	53	19	1.31	7.77	2.87	4.46	4.28	0.8	0.6	999.0
194	Hunter Barco	PIT	13	39	89.0	4	4	5	0	1	86	41	11	81	37	1.38	8.19	3.71	4.18	4.34	0.8	0.8	999.0
195	Kyle Harrison	MIL	15	31	89.0	5	4	6	0	1	83	42	12	89	35	1.32	8.97	3.55	4.25	4.27	0.8	0.9	999.0
196	Garrett Cleavinger	TBR	0	66	66.0	5	3	0	8	13	52	25	8	82	24	1.15	11.21	3.30	3.37	3.54	0.8	0.9	718.6
197	Chris Martin	TEX	0	54	54.0	4	3	0	4	12	51	20	6	53	11	1.15	8.88	1.91	3.38	3.42	0.8	0.7	735.9
198	Emilio Pagán	CIN	0	66	66.0	3	3	0	27	4	56	30	10	71	23	1.19	9.69	3.10	4.05	4.08	0.8	0.7	107.5
199	Alek Manoah	LAA	19	19	104.0	5	7	8	0	0	102	55	15	88	42	1.39	7.60	3.67	4.75	4.73	0.8	0.6	999.0
200	Lucas Erceg	KCR	0	62	62.0	4	4	0	2	13	56	25	5	61	24	1.29	8.80	3.46	3.69	3.63	0.8	0.7	999.0
201	Edwin Uceta	TBR	0	70	70.0	5	4	0	12	12	58	29	9	83	26	1.20	10.61	3.36	3.78	3.83	0.8	0.9	252.5
202	Alex Vesia	LAD	0	61	61.0	4	3	0	1	18	47	24	8	77	25	1.19	11.33	3.75	3.55	3.80	0.8	0.8	999.0
203	Dennis Santana	PIT	0	68	68.0	4	3	0	26	5	62	28	7	63	23	1.25	8.33	3.06	3.72	3.71	0.8	1.0	152.5
204	Andrew Alvarez	WSN	13	49	104.0	5	6	5	0	1	107	50	12	76	40	1.42	6.60	3.47	4.34	4.46	0.8	0.8	999.0
205	Tomoyuki Sugano	COL	21	21	116.0	6	9	8	0	0	138	67	21	74	27	1.43	5.73	2.11	5.17	5.05	0.8	1.0	999.0
206	Jose A. Ferrer	SEA	0	70	70.0	4	3	0	3	16	62	25	5	67	21	1.19	8.67	2.76	3.28	3.30	0.8	0.7	999.0
207	Kevin Ginkel	ARI	0	62	62.0	4	3	0	12	11	56	25	6	64	24	1.28	9.31	3.44	3.61	3.56	0.8	1.0	720.0
208	Janson Junk	MIA	10	50	95.0	5	6	4	0	1	101	46	13	69	20	1.27	6.52	1.88	4.34	4.14	0.8	0.6	999.0
209	Orion Kerkering	PHI	0	63	63.0	5	3	0	1	13	53	24	6	70	23	1.21	9.93	3.30	3.48	3.54	0.8	0.8	999.0
210	Seranthony Domínguez	CHW	0	63	63.0	4	4	0	20	6	53	27	8	71	30	1.31	10.19	4.23	3.92	3.99	0.8	0.5	230.4
211	Ryan Feltner	COL	16	30	97.0	4	7	5	0	1	105	56	14	80	40	1.49	7.40	3.74	5.16	4.74	0.7	0.7	999.0
212	Ian Seymour	TBR	11	41	95.0	5	6	4	0	1	90	45	15	90	28	1.24	8.49	2.65	4.28	4.30	0.7	0.7	300.9
213	Daniel Palencia	CHC	0	67	67.0	5	3	0	30	4	55	27	7	75	28	1.24	10.01	3.72	3.68	3.73	0.7	0.8	127.5
214	Robert Stephenson	LAA	0	60	60.0	2	4	0	15	8	54	27	8	67	19	1.22	9.98	2.92	4.09	3.80	0.7	0.4	383.5
215	Andrew Painter	PHI	18	31	104.0	5	7	7	0	1	105	55	17	90	40	1.39	7.81	3.46	4.72	4.68	0.7	0.6	999.0
216	Chase Dollander	COL	23	23	114.0	5	9	9	0	0	118	67	18	98	51	1.49	7.71	4.02	5.27	5.02	0.7	0.9	999.0
217	Graham Ashcraft	CIN	0	65	65.0	5	4	0	2	16	63	28	6	59	21	1.29	8.19	2.91	3.88	3.70	0.7	0.7	999.0
218	Michael Soroka	ARI	10	54	96.0	6	6	4	2	4	86	43	11	96	35	1.26	9.03	3.28	4.06	4.01	0.7	0.9	673.7
219	Germán Márquez	SDP	24	34	137.0	7	11	9	0	1	149	76	21	101	47	1.43	6.66	3.09	5.00	4.83	0.7	0.1	999.0
220	Jared Koenig	MIL	0	65	65.0	4	3	0	1	15	58	26	7	66	22	1.23	9.16	3.10	3.55	3.61	0.7	0.8	999.0
221	Ryan Weiss	HOU	10	44	90.0	5	6	4	0	1	85	42	12	88	34	1.32	8.81	3.36	4.24	4.24	0.7	0.6	999.0
222	Drew Pomeranz	LAA	0	58	58.0	3	3	0	4	11	52	25	7	61	19	1.24	9.49	3.01	3.93	3.91	0.7	0.5	999.0
223	Louis Varland	TOR	0	67	67.0	4	3	0	2	13	61	26	8	66	18	1.18	8.92	2.43	3.53	3.59	0.7	0.5	999.0
224	Griffin Canning	SDP	21	35	125.0	7	8	9	0	1	123	63	20	111	47	1.37	8.02	3.39	4.54	4.62	0.7	0.7	999.0
225	Brandon Sproat	MIL	10	28	69.0	4	4	4	0	1	65	32	8	59	26	1.33	7.73	3.37	4.19	4.26	0.7	0.6	999.0
226	Dylan Lee	ATL	0	65	65.0	3	3	0	1	16	57	26	9	73	19	1.17	10.12	2.68	3.55	3.63	0.6	0.8	999.0
227	Rhett Lowder	CIN	11	35	82.0	4	5	4	0	1	85	42	12	65	26	1.34	7.04	2.84	4.58	4.52	0.6	0.6	719.6
228	Joe Boyle	TBR	11	21	67.0	4	5	5	0	1	58	31	8	73	36	1.40	9.83	4.87	4.22	4.28	0.6	0.6	683.4
229	Luis Gil	NYY	11	51	99.0	5	6	4	0	1	86	49	14	101	47	1.35	9.18	4.29	4.42	4.52	0.6	0.4	491.3
230	Corbin Burnes	ARI	6	6	39.0	3	2	4	0	0	35	15	4	37	12	1.21	8.64	2.80	3.51	3.59	0.6	0.9	735.1
231	Gregory Soto	PIT	0	61	61.0	3	3	0	4	14	54	25	5	66	25	1.30	9.76	3.76	3.69	3.56	0.6	0.7	999.0
232	Jordan Leasure	CHW	0	64	64.0	4	4	0	5	11	54	30	9	73	29	1.30	10.20	4.07	4.16	4.15	0.6	0.2	430.9
233	Jonathan Cannon	CHW	13	47	105.0	5	8	5	0	1	110	56	16	79	36	1.39	6.81	3.11	4.78	4.78	0.6	0.2	999.0
234	Hunter Dobbins	STL	15	33	96.0	5	6	6	0	1	100	48	13	68	31	1.36	6.37	2.90	4.46	4.52	0.6	0.6	999.0
235	Mick Abel	MIN	13	41	95.0	5	6	5	0	1	92	47	12	86	42	1.42	8.19	4.03	4.47	4.40	0.6	0.5	999.0
236	Luis Medina	ATH	11	45	92.0	5	5	4	0	1	89	47	11	81	41	1.42	7.98	4.04	4.58	4.50	0.6	0.4	999.0
237	Mark Leiter Jr.	ATH	0	64	64.0	5	4	0	6	13	58	28	8	69	26	1.31	9.64	3.62	3.99	3.97	0.6	0.4	688.3
238	Erick Fedde	CHW	18	30	111.0	6	8	7	0	1	115	61	18	85	43	1.43	6.90	3.46	4.95	4.95	0.6	0.3	999.0
239	Tyler Anderson		23	23	125.0	6	8	10	0	0	129	67	20	96	50	1.43	6.92	3.59	4.87	5.05	0.6	0.5	999.0
240	A.J. Minter	NYM	0	56	56.0	4	3	0	2	15	47	21	6	63	19	1.18	10.09	3.12	3.42	3.51	0.6	0.7	999.0
241	Randy Vásquez	SDP	21	37	124.0	6	8	8	0	1	129	66	18	85	45	1.40	6.17	3.26	4.78	4.95	0.6	0.3	999.0
242	Andrew Kittredge	BAL	0	67	67.0	4	4	0	4	13	64	28	9	66	18	1.22	8.84	2.38	3.73	3.76	0.6	0.6	734.6
243	Carlos Estévez	KCR	0	65	65.0	4	4	0	31	2	59	30	8	58	24	1.27	8.07	3.26	4.14	4.13	0.6	0.4	91.3
244	Cole Sands	MIN	0	68	68.0	4	4	0	2	13	63	30	8	67	21	1.23	8.90	2.79	3.92	3.69	0.6	0.3	718.2
245	JoJo Romero	STL	0	64	64.0	5	3	0	14	9	57	25	6	62	25	1.29	8.69	3.58	3.49	3.71	0.6	0.9	590.6
246	Stephen Kolek	KCR	8	41	77.0	4	4	3	0	1	81	36	8	55	24	1.36	6.39	2.82	4.22	4.12	0.6	0.5	999.0
247	Cody Bradford	TEX	8	36	71.0	4	4	3	0	1	71	35	11	61	17	1.23	7.65	2.15	4.36	4.25	0.5	0.3	999.0
248	Connelly Early	BOS	5	27	48.0	3	3	2	0	1	43	20	5	49	17	1.27	9.20	3.28	3.81	3.77	0.5	0.5	258.0
249	Blake Treinen	LAD	0	58	58.0	5	4	0	1	14	53	25	7	65	21	1.28	10.02	3.34	3.94	3.76	0.5	0.4	999.0
250	Marcus Stroman		16	16	85.0	5	6	7	0	0	89	44	11	59	33	1.44	6.31	3.50	4.71	4.70	0.5	0.5	999.0
251	Alex Cobb		6	6	34.0	2	2	3	0	0	35	15	4	28	11	1.35	7.48	2.94	3.99	3.92	0.5	0.5	999.0
252	Richard Fitts	STL	16	38	104.0	5	7	6	0	1	107	51	15	79	31	1.32	6.83	2.70	4.38	4.47	0.5	0.7	999.0
253	Jimmy Herget	COL	0	77	77.0	3	3	0	2	15	78	39	11	70	25	1.34	8.22	2.88	4.58	4.38	0.5	0.6	999.0
254	J.T. Ginn	ATH	6	30	57.0	3	3	2	0	1	55	26	7	55	20	1.30	8.60	3.15	4.14	4.10	0.5	0.4	999.0
255	Spencer Arrighetti	HOU	13	29	86.0	5	6	5	0	1	79	42	13	86	38	1.37	9.03	4.01	4.46	4.55	0.5	0.6	594.4
256	Justin Topa	MIN	0	63	63.0	3	3	0	6	11	64	28	6	52	20	1.34	7.40	2.92	4.03	3.85	0.5	0.3	999.0
257	Troy Melton	DET	6	44	72.0	4	4	2	0	1	70	33	10	64	21	1.27	7.99	2.68	4.09	4.11	0.5	0.4	336.9
258	Bryan King	HOU	0	67	67.0	4	3	0	1	17	61	27	9	66	20	1.21	8.93	2.72	3.67	3.90	0.5	0.6	999.0
259	Caleb Thielbar	CHC	0	66	66.0	5	3	0	1	15	58	27	9	69	22	1.21	9.40	3.01	3.63	3.78	0.5	0.7	999.0
260	Carmen Mlodzinski	PIT	3	53	68.0	4	4	1	0	4	65	28	7	60	23	1.30	8.00	3.04	3.73	3.74	0.5	0.6	999.0
261	Tony Santillan	CIN	0	70	70.0	3	3	0	4	13	62	33	9	73	31	1.34	9.39	4.05	4.27	4.27	0.5	0.5	626.3
262	Kutter Crawford	BOS	6	56	86.0	5	5	2	0	4	82	41	13	80	25	1.24	8.38	2.59	4.31	4.24	0.5	0.4	999.0
263	Justin Wilson		0	46	46.0	2	2	0	0	0	43	18	5	50	17	1.30	9.79	3.37	3.62	3.61	0.5	0.5	999.0
264	Bryan Baker	TBR	0	63	63.0	4	3	0	3	12	55	27	9	69	23	1.23	9.85	3.23	3.91	3.86	0.5	0.4	999.0
265	Yimi García	TOR	0	60	60.0	3	4	0	4	11	51	26	7	65	22	1.22	9.81	3.27	3.84	3.83	0.5	0.5	735.3
266	Sean Newcomb	CHW	2	62	69.0	3	3	1	2	10	65	30	7	66	28	1.34	8.56	3.61	3.93	3.96	0.5	0.4	999.0
267	Jake Irvin	WSN	16	26	100.0	5	7	6	0	1	104	54	16	75	33	1.37	6.74	2.93	4.82	4.83	0.5	0.5	999.0
268	Danny Coulombe		0	48	48.0	2	2	0	0	0	43	20	5	47	18	1.26	8.88	3.31	3.66	3.77	0.5	0.5	999.0
269	Steven Okert	HOU	0	64	64.0	3	3	0	0	14	53	27	9	73	23	1.20	10.26	3.27	3.85	3.99	0.4	0.4	999.0
270	Kirby Yates	LAA	0	56	56.0	3	4	0	5	12	46	24	7	67	26	1.28	10.70	4.24	3.92	3.92	0.4	0.3	306.3
271	Brooks Raley	NYM	0	62	62.0	3	3	0	1	14	54	26	6	61	22	1.23	8.79	3.20	3.81	3.84	0.4	0.4	999.0
272	Luke Weaver	NYM	0	67	67.0	4	3	0	4	14	61	30	9	73	22	1.24	9.74	2.98	4.00	3.90	0.4	0.3	686.8
273	Colin Rea	CHC	8	44	82.0	4	5	3	0	1	83	40	12	65	23	1.29	7.13	2.54	4.37	4.42	0.4	0.4	999.0
274	Shawn Armstrong	CLE	0	68	68.0	3	3	0	3	16	62	29	8	68	21	1.21	8.98	2.76	3.80	3.85	0.4	0.5	999.0
275	Taylor Rogers	MIN	0	61	61.0	4	3	0	20	5	56	28	8	64	27	1.36	9.51	4.02	4.13	4.17	0.4	0.3	476.4
276	Jordan Montgomery	TEX	6	18	49.0	3	3	2	0	1	50	24	7	40	16	1.35	7.38	2.89	4.37	4.33	0.4	0.3	999.0
277	Payton Tolle	BOS	5	29	48.0	3	2	2	0	1	45	22	7	50	16	1.25	9.31	2.89	4.04	3.95	0.4	0.3	611.4
278	Victor Vodnik	COL	0	64	64.0	3	4	0	22	4	62	30	7	62	31	1.46	8.68	4.34	4.25	4.16	0.4	0.8	440.4
279	Clayton Beeter	WSN	0	63	63.0	3	3	0	17	9	53	28	7	72	33	1.36	10.24	4.66	3.98	4.02	0.4	0.6	309.4
280	Yennier Cano	BAL	0	60	60.0	4	3	0	1	12	57	24	6	55	21	1.30	8.20	3.16	3.66	3.77	0.4	0.4	999.0
281	Tyler Kinley	ATL	0	63	63.0	4	3	0	0	13	55	28	8	70	27	1.29	10.02	3.83	4.02	3.95	0.4	0.3	999.0
282	Taijuan Walker	PHI	16	50	120.0	6	8	5	0	1	129	66	20	84	43	1.43	6.34	3.22	4.96	5.08	0.4	0.3	999.0
283	Justin Sterner	ATH	0	65	65.0	3	3	0	8	10	59	30	9	65	24	1.28	9.02	3.32	4.15	4.28	0.4	0.4	503.0
284	Walker Buehler		21	21	110.0	6	8	8	0	0	117	63	18	90	44	1.46	7.33	3.59	5.12	5.01	0.4	0.1	999.0
285	Gabe Speier	SEA	0	58	58.0	4	2	0	0	12	48	22	7	67	18	1.14	10.34	2.76	3.34	3.38	0.4	0.3	999.0
286	John Schreiber	KCR	0	64	64.0	3	3	0	1	13	60	29	7	59	23	1.30	8.34	3.28	4.03	3.97	0.4	0.3	999.0
287	Eduard Bazardo	SEA	0	68	68.0	3	3	0	1	14	59	27	8	69	23	1.21	9.18	3.03	3.63	3.74	0.4	0.3	999.0
288	Riley O'Brien	STL	0	63	63.0	3	3	0	16	9	55	26	6	65	28	1.32	9.33	4.02	3.71	3.83	0.4	0.7	250.1
289	Jakob Junis	TEX	0	65	65.0	3	3	0	1	14	63	29	8	57	17	1.23	7.84	2.35	4.08	3.95	0.4	0.1	999.0
290	Drew Thorpe	CHW	10	10	52.0	3	4	4	0	0	54	28	8	39	19	1.40	6.83	3.25	4.82	4.84	0.4	0.2	999.0
291	Kody Funderburk	MIN	0	65	65.0	4	4	0	3	15	61	28	6	62	27	1.35	8.56	3.72	3.86	3.89	0.4	0.5	999.0
292	Tyler Holton	DET	0	72	72.0	4	4	0	1	14	66	29	9	60	19	1.18	7.55	2.34	3.66	3.91	0.4	0.5	999.0
293	Hunter Gaddis	CLE	0	66	66.0	3	3	0	3	14	60	28	9	64	21	1.23	8.77	2.88	3.87	4.03	0.4	0.4	999.0
294	Justin Slaten	BOS	0	61	61.0	4	4	0	0	13	57	27	7	58	22	1.29	8.55	3.18	3.99	3.93	0.4	0.3	999.0
295	Aaron Bummer	ATL	0	60	60.0	4	3	0	0	12	56	24	5	62	23	1.32	9.30	3.48	3.57	3.53	0.4	0.5	999.0
296	Charlie Morton		10	10	52.0	3	4	5	0	0	50	27	7	51	24	1.42	8.92	4.12	4.62	4.61	0.4	0.3	999.0
297	Tanner Banks	PHI	0	62	62.0	3	3	0	0	12	58	27	8	58	18	1.23	8.48	2.55	3.85	3.88	0.4	0.3	999.0
298	Josiah Gray	WSN	21	21	114.0	6	8	9	0	0	114	63	20	99	48	1.42	7.82	3.79	4.97	5.08	0.4	0.4	999.0
299	Caden Dana	LAA	16	16	86.0	5	7	7	0	0	86	48	14	76	38	1.43	7.91	3.94	4.99	4.96	0.4	0.3	999.0
300	Aaron Ashby	MIL	0	64	64.0	4	3	0	1	13	56	26	6	67	31	1.37	9.42	4.41	3.72	3.81	0.4	0.5	999.0
301	David Festa	MIN	3	29	42.0	2	3	1	0	1	39	19	5	44	14	1.26	9.36	3.04	3.98	3.82	0.4	0.2	999.0
302	Trevor McDonald	SFG	8	24	62.0	3	4	3	0	1	63	29	7	48	21	1.35	6.95	3.00	4.22	4.26	0.4	0.5	999.0
303	Mitchell Parker	WSN	6	46	75.0	4	5	2	0	1	77	38	10	57	25	1.37	6.85	3.04	4.53	4.46	0.4	0.3	999.0
304	Kyle Finnegan	DET	0	64	64.0	4	4	0	4	13	61	28	8	60	23	1.30	8.37	3.22	3.92	3.97	0.3	0.4	469.0
305	Kenley Jansen	DET	0	60	60.0	4	3	0	23	4	53	27	9	60	22	1.24	9.03	3.24	4.11	4.14	0.3	0.3	132.7
306	Hayden Birdsong	SFG	8	26	58.0	3	4	3	0	1	53	29	7	58	28	1.39	8.92	4.30	4.41	4.45	0.3	0.3	999.0
307	Jonah Tong	NYM	3	13	26.0	2	2	1	0	1	22	11	3	30	11	1.26	10.26	3.71	3.71	3.67	0.3	0.3	485.5
308	Keegan Akin	BAL	0	66	66.0	4	3	0	3	15	61	29	9	67	23	1.27	9.17	3.15	3.93	4.03	0.3	0.3	999.0
309	Martín Pérez	ATL	6	6	36.0	2	2	3	0	0	38	18	5	27	14	1.44	6.90	3.42	4.53	4.51	0.3	0.4	999.0
310	Kyle Hurt	LAD	5	23	42.0	3	2	2	0	1	38	21	6	44	20	1.38	9.39	4.19	4.37	4.33	0.3	0.2	999.0
311	Dietrich Enns	BAL	0	62	62.0	3	3	0	0	13	64	27	8	56	19	1.33	8.14	2.69	3.96	3.97	0.3	0.2	999.0
312	Ryan Bergert	KCR	8	28	60.0	2	3	3	0	1	60	31	8	50	24	1.41	7.47	3.65	4.61	4.56	0.3	0.3	999.0
313	Jovani Morán	BOS	0	56	56.0	3	2	0	0	10	50	23	6	61	24	1.33	9.74	3.93	3.75	3.65	0.3	0.3	999.0
314	Clarke Schmidt	NYY	3	17	32.0	2	2	1	0	1	29	14	4	31	11	1.25	8.82	3.04	4.01	4.06	0.3	0.3	999.0
315	Tyler Rogers	TOR	0	74	74.0	5	3	0	2	18	76	32	8	50	18	1.26	6.14	2.14	3.88	4.04	0.3	0.3	685.2
316	Andrew Nardi	MIA	0	56	56.0	3	3	0	0	10	47	23	7	67	24	1.26	10.69	3.80	3.71	3.70	0.3	0.3	999.0
317	José Urquidy	PIT	15	33	95.0	5	7	5	0	1	100	51	15	69	28	1.35	6.57	2.67	4.88	4.79	0.3	0.5	999.0
318	Erik Miller	SFG	0	62	62.0	4	3	0	4	15	52	25	5	67	33	1.38	9.79	4.81	3.60	3.80	0.3	0.6	999.0
319	Phil Maton	CHC	0	65	65.0	4	3	0	4	14	54	27	7	67	25	1.23	9.31	3.53	3.76	3.99	0.3	0.7	704.6
320	Quinn Mathews	STL	8	8	40.0	2	3	4	0	0	38	19	5	36	20	1.46	8.16	4.59	4.31	4.52	0.3	0.4	999.0
321	Connor Prielipp	MIN	3	45	58.0	3	3	1	0	1	56	26	6	54	21	1.34	8.42	3.31	4.03	3.99	0.3	0.2	999.0
322	Jordan Wicks	CHC	3	31	44.0	3	2	1	0	1	42	19	5	40	13	1.27	8.11	2.75	3.86	3.95	0.3	0.3	999.0
323	Mason Montgomery	PIT	0	60	60.0	3	3	0	2	12	54	26	7	63	24	1.31	9.39	3.65	3.87	3.89	0.3	0.4	999.0
324	Tanner Gordon	COL	6	28	55.0	3	4	2	0	1	64	32	10	40	13	1.39	6.51	2.06	5.26	4.90	0.3	0.2	999.0
325	Ben Brown	CHC	2	42	49.0	3	3	1	0	1	43	21	6	55	16	1.20	9.96	2.94	3.75	3.53	0.3	0.2	999.0
326	Calvin Faucher	MIA	0	64	64.0	3	4	0	5	11	60	28	7	64	28	1.38	8.95	3.95	4.00	4.02	0.3	0.5	999.0
327	Angel Zerpa	MIL	0	60	60.0	3	3	0	0	12	55	24	7	57	20	1.25	8.52	2.98	3.61	3.79	0.3	0.4	999.0
328	Justin Wrobleski	LAD	3	40	56.0	3	3	1	0	1	54	26	8	52	19	1.29	8.30	2.98	4.23	4.23	0.3	0.2	999.0
329	Greg Weissert	BOS	0	65	65.0	4	4	0	1	17	63	30	8	59	23	1.33	8.10	3.21	4.21	4.15	0.3	0.2	999.0
330	Tommy Nance	TOR	0	58	58.0	3	3	0	0	12	56	25	7	55	18	1.28	8.50	2.79	3.80	3.81	0.3	0.2	999.0
331	Julian Fernández	WSN	0	59	59.0	3	3	0	2	12	54	26	7	59	21	1.28	8.98	3.20	3.96	3.94	0.3	0.3	999.0
332	Nick Mears	KCR	0	60	60.0	3	4	0	0	12	56	27	7	58	24	1.33	8.63	3.54	4.10	3.92	0.3	0.1	999.0
333	Mason Englert	TBR	0	60	60.0	3	2	0	1	12	58	27	8	55	17	1.26	8.29	2.62	4.11	4.06	0.3	0.1	999.0
334	Drew Anderson	DET	2	54	61.0	3	3	1	0	6	54	26	8	68	22	1.25	10.08	3.26	3.89	3.76	0.3	0.2	735.8
335	Juan Mejia	COL	0	66	66.0	3	4	0	3	14	63	33	8	68	31	1.41	9.24	4.17	4.57	4.42	0.3	0.4	999.0
336	Brock Burke	CIN	0	62	62.0	4	3	0	1	13	60	29	8	58	21	1.29	8.38	2.98	4.17	4.15	0.3	0.3	999.0
337	Pierce Johnson	CIN	0	61	61.0	3	3	0	1	12	57	29	9	67	25	1.34	9.93	3.67	4.25	4.11	0.2	0.2	999.0
338	Thomas White	MIA	5	5	24.0	1	1	2	0	0	22	11	3	23	11	1.40	8.90	4.35	4.22	4.36	0.2	0.3	999.0
339	Mike Vasil	CHW	3	76	93.0	4	5	1	1	14	92	45	11	75	37	1.38	7.24	3.59	4.35	4.49	0.2	0.2	999.0
340	Paul Blackburn	NYY	2	59	66.0	3	4	1	0	12	67	32	9	55	20	1.33	7.50	2.76	4.45	4.35	0.2	-0.2	999.0
341	Brusdar Graterol	LAD	0	46	46.0	3	1	0	0	5	43	18	4	39	13	1.21	7.70	2.51	3.54	3.57	0.2	0.2	999.0
342	Keider Montero	DET	5	39	61.0	3	4	2	0	1	61	30	9	51	21	1.34	7.52	3.04	4.39	4.46	0.2	0.2	999.0
343	Jordan Romano	LAA	0	57	57.0	3	4	0	1	10	52	27	8	61	22	1.29	9.65	3.41	4.24	4.14	0.2	0.0	999.0
344	Gavin Stone	LAD	3	19	33.0	2	2	1	0	1	33	16	5	30	11	1.31	8.02	2.93	4.39	4.27	0.2	0.2	735.6
345	Eric Lauer	TOR	3	51	66.0	4	4	1	0	4	63	31	10	61	21	1.27	8.32	2.85	4.19	4.37	0.2	0.2	999.0
346	Justin Lawrence	PIT	0	58	58.0	3	4	0	1	12	52	25	5	59	28	1.38	9.10	4.33	3.95	3.98	0.2	0.2	999.0
347	Dauri Moreta		0	35	35.0	2	2	0	0	0	30	15	4	39	15	1.28	10.09	3.91	3.87	3.94	0.2	0.3	999.0
348	Matt Svanson	STL	0	65	65.0	3	3	0	6	15	61	27	7	59	24	1.30	8.20	3.28	3.80	4.00	0.2	0.5	705.5
349	Spencer Turnbull		6	6	33.0	2	2	3	0	0	35	18	4	24	14	1.47	6.61	3.71	4.90	4.84	0.2	0.2	999.0
350	Anthony Bender	MIA	0	61	61.0	4	3	0	1	12	56	26	7	58	24	1.30	8.56	3.51	3.91	3.97	0.2	0.4	999.0
351	Ryne Stanek	STL	0	60	60.0	4	4	0	2	12	54	27	7	61	28	1.37	9.15	4.26	4.07	4.12	0.2	0.2	999.0
352	Brant Hurter	DET	0	55	55.0	3	3	0	0	9	52	23	6	49	16	1.25	7.95	2.64	3.76	3.87	0.2	0.2	999.0
353	Brad Keller	PHI	0	68	68.0	4	4	0	2	16	65	32	8	61	27	1.35	8.10	3.53	4.19	4.28	0.2	0.3	999.0
354	Luis García	NYM	0	59	59.0	3	3	0	0	13	57	26	5	53	23	1.36	8.14	3.51	3.91	3.85	0.2	0.2	999.0
355	Jack Dreyer	LAD	0	54	54.0	3	2	0	0	12	49	25	8	54	21	1.28	8.96	3.45	4.13	4.18	0.2	0.1	999.0
356	Joey Wentz	ATL	3	36	51.0	3	3	1	0	1	50	25	7	50	21	1.39	8.81	3.65	4.41	4.16	0.2	0.2	999.0
357	Eric Orze	MIN	0	56	56.0	3	3	0	0	10	51	25	6	55	25	1.37	8.89	4.03	4.08	4.13	0.2	0.1	999.0
358	PJ Poulin	WSN	0	61	61.0	4	4	0	2	15	57	28	7	59	26	1.35	8.66	3.79	4.08	4.16	0.2	0.3	999.0
359	River Ryan	LAD	6	14	39.0	2	2	2	0	1	40	21	6	32	16	1.42	7.40	3.70	4.78	4.85	0.2	0.1	999.0
360	Emerson Hancock	SEA	6	48	76.0	4	4	2	0	1	76	37	11	60	24	1.32	7.15	2.86	4.35	4.49	0.2	0.1	999.0
361	Bailey Falter	KCR	5	53	73.0	4	4	2	0	4	74	37	10	54	24	1.34	6.70	2.92	4.55	4.55	0.2	0.2	999.0
362	Brendon Little	TOR	0	54	54.0	3	2	0	0	10	46	21	5	58	29	1.39	9.74	4.79	3.58	3.85	0.2	0.3	999.0
363	Ryan Gusto	MIA	3	41	55.0	3	3	1	0	1	56	27	8	47	19	1.35	7.66	3.13	4.42	4.41	0.2	0.2	999.0
364	Ty Johnson	TBR	3	3	17.0	1	1	1	0	0	16	8	2	17	6	1.30	8.75	3.25	4.35	4.34	0.2	0.2	999.0
365	Gage Jump	ATH	3	3	16.0	1	1	1	0	0	16	8	2	14	6	1.33	7.79	3.06	4.31	4.32	0.2	0.2	999.0
366	Caleb Ferguson	CIN	0	58	58.0	3	3	0	0	10	54	27	6	55	23	1.32	8.60	3.52	4.21	4.09	0.2	0.2	999.0
367	Scott Barlow	ATH	0	54	54.0	3	3	0	2	9	47	26	6	58	27	1.38	9.63	4.58	4.25	4.21	0.2	0.1	999.0
368	Jalen Beeks		0	44	44.0	3	2	0	0	0	42	19	5	39	17	1.34	8.03	3.48	3.79	4.04	0.2	0.3	999.0
369	Brenan Hanifee	DET	0	58	58.0	3	3	0	0	11	60	25	6	43	16	1.31	6.61	2.44	3.92	3.92	0.2	0.2	999.0
370	Tyler Wells	BAL	3	57	71.0	4	4	1	0	7	68	34	13	63	18	1.21	8.03	2.27	4.36	4.49	0.2	0.1	735.8
371	Tobias Myers	NYM	3	45	59.0	3	3	1	0	1	59	27	8	49	17	1.29	7.54	2.65	4.19	4.28	0.2	0.1	999.0
372	Bennett Sousa	HOU	0	50	50.0	3	2	0	0	4	43	20	6	55	18	1.23	9.95	3.32	3.58	3.73	0.2	0.2	999.0
373	Ryan Thompson	ARI	0	64	64.0	4	3	0	1	16	64	27	7	52	20	1.30	7.29	2.76	3.81	3.92	0.2	0.6	999.0
374	Jason Alexander	HOU	5	29	50.0	2	3	2	0	1	53	25	7	38	16	1.38	6.87	2.94	4.48	4.59	0.2	0.2	999.0
375	Jake Bird	NYY	0	53	53.0	3	2	0	0	10	46	23	6	56	22	1.29	9.55	3.79	3.94	3.92	0.2	0.1	999.0
376	George Klassen	LAA	3	15	28.0	2	2	1	0	1	28	14	4	26	12	1.39	8.31	3.75	4.49	4.43	0.2	0.1	999.0
377	Ricky Tiedemann	TOR	3	19	32.0	2	2	1	0	1	28	15	4	33	15	1.38	9.24	4.40	4.27	4.38	0.2	0.2	999.0
378	Cristian Mena	ARI	2	20	27.0	1	1	1	0	1	25	12	3	26	10	1.30	8.62	3.24	3.87	3.92	0.2	0.2	999.0
379	Tanner McDougal	CHW	5	19	38.0	2	2	2	0	1	37	20	5	33	18	1.47	7.79	4.26	4.75	4.80	0.2	0.2	999.0
380	Mason Barnett	ATH	3	29	43.0	2	2	1	0	1	42	22	6	37	18	1.40	7.68	3.72	4.60	4.56	0.2	0.1	999.0
381	Blade Tidwell	SFG	3	24	39.0	2	2	1	0	1	38	19	5	34	15	1.37	7.89	3.49	4.30	4.36	0.2	0.2	999.0
382	Carson Whisenhunt	SFG	3	15	29.0	2	2	1	0	1	29	14	4	23	10	1.36	7.20	3.07	4.26	4.29	0.2	0.2	999.0
383	Hoby Milner	CHC	0	60	60.0	3	2	0	0	13	59	26	7	50	18	1.29	7.56	2.73	3.91	3.93	0.2	0.3	999.0
384	Isaac Mattson	PIT	0	64	64.0	4	4	0	2	13	59	30	8	60	29	1.38	8.45	4.10	4.26	4.42	0.2	0.4	999.0
385	Tim Herrin	CLE	0	54	54.0	4	3	0	0	10	46	22	5	57	25	1.32	9.49	4.23	3.65	3.88	0.2	0.2	999.0
386	Luis Perales	WSN	3	24	37.0	2	2	1	0	1	34	18	5	36	17	1.39	8.87	4.24	4.35	4.39	0.2	0.2	999.0
387	Coleman Crow	MIL	2	26	33.0	2	2	1	0	1	30	14	4	31	10	1.24	8.55	2.82	3.91	3.96	0.2	0.2	999.0
388	JP Sears	SDP	5	33	54.0	3	4	2	0	1	52	27	10	48	15	1.24	8.01	2.45	4.49	4.68	0.2	0.1	999.0
389	Sawyer Gipson-Long	DET	2	27	34.0	2	2	1	0	1	33	15	4	30	9	1.24	7.96	2.34	4.06	4.03	0.2	0.2	999.0
390	Mitch Farris	LAA	5	5	26.0	1	2	2	0	0	26	14	4	23	11	1.44	7.93	3.93	4.81	4.77	0.2	0.1	999.0
391	Sam Hentges	SFG	0	54	54.0	3	2	0	0	7	48	20	4	53	18	1.22	8.88	2.94	3.28	3.24	0.2	0.2	999.0
392	Jordan Hicks	CHW	0	56	56.0	3	3	0	0	9	53	26	6	52	24	1.39	8.35	3.93	4.20	4.12	0.2	0.1	999.0
393	Cade Povich	BAL	2	20	27.0	1	1	1	0	1	25	12	4	27	9	1.29	8.97	3.10	4.05	4.00	0.2	0.1	999.0
394	Erik Sabrowski	CLE	0	61	61.0	3	3	0	0	14	49	27	7	72	36	1.39	10.69	5.27	3.93	4.20	0.1	0.2	999.0
395	A.J. Puk	ARI	0	42	42.0	3	2	0	7	1	35	16	5	50	14	1.17	10.75	3.00	3.32	3.37	0.1	0.1	999.0
396	Noah Schultz	CHW	3	3	16.0	1	1	1	0	0	16	8	2	13	7	1.44	7.52	4.01	4.58	4.68	0.1	0.1	999.0
397	Cooper Criswell	SEA	3	37	51.0	3	3	1	0	1	51	23	6	42	15	1.29	7.39	2.69	4.05	4.15	0.1	0.1	999.0
398	Christian Scott	NYM	2	32	38.0	2	2	1	0	1	36	17	5	36	10	1.21	8.48	2.46	4.06	4.00	0.1	0.1	999.0
399	Keaton Winn	SFG	2	30	36.0	2	2	1	0	1	36	16	4	33	11	1.28	8.07	2.65	3.93	3.80	0.1	0.1	999.0
400	Kohl Drake	ARI	3	3	17.0	1	1	1	0	0	17	8	2	15	6	1.37	7.92	3.40	4.32	4.39	0.1	0.2	999.0
401	Yoendrys Gómez	TBR	3	43	56.0	3	3	1	0	1	52	28	9	55	23	1.34	8.82	3.65	4.45	4.55	0.1	0.0	999.0
402	Chase Petty	CIN	3	33	46.0	2	4	1	0	1	48	26	7	36	20	1.46	6.96	3.81	5.09	4.91	0.1	0.0	999.0
403	Wandy Peralta	SDP	0	59	59.0	3	3	0	0	12	54	25	5	52	25	1.34	7.94	3.88	3.85	4.01	0.1	0.2	999.0
404	Brock Stewart	LAD	0	44	44.0	2	2	0	0	1	37	19	5	51	18	1.24	10.46	3.60	3.81	3.77	0.1	0.1	999.0
405	Pierson Ohl	COL	2	32	39.0	2	2	1	0	1	43	20	6	30	8	1.29	6.98	1.78	4.53	4.35	0.1	0.2	999.0
406	Austin Peterson	CLE	3	15	30.0	1	2	1	0	1	31	15	5	22	7	1.30	6.61	2.26	4.43	4.56	0.1	0.2	999.0
407	Matt Gage	SFG	0	56	56.0	2	2	0	0	10	56	24	6	47	20	1.35	7.49	3.17	3.88	3.91	0.1	0.2	999.0
408	Hogan Harris	ATH	0	66	66.0	3	3	0	10	11	60	31	8	64	31	1.38	8.74	4.18	4.18	4.33	0.1	0.4	719.6
409	DJ Herz	WSN	2	22	28.0	2	2	1	0	1	24	13	3	30	13	1.35	9.61	4.27	4.07	4.17	0.1	0.1	999.0
410	Alan Rangel	PHI	3	13	28.0	1	2	1	0	1	28	15	5	22	9	1.35	7.32	2.93	4.84	4.75	0.1	0.1	999.0
411	Jonathan Bowlan	PHI	0	56	56.0	3	3	0	0	10	54	26	8	53	19	1.30	8.54	3.02	4.15	4.16	0.1	0.1	999.0
412	Tyler Alexander	TEX	2	62	69.0	4	5	1	0	11	71	36	11	57	18	1.29	7.37	2.37	4.68	4.49	0.1	-0.2	999.0
413	Josh Sborz	TEX	0	48	48.0	3	3	0	0	4	45	22	6	48	20	1.34	9.01	3.73	4.07	4.00	0.1	0.0	999.0
414	Antonio Senzatela	COL	8	50	85.0	4	7	2	0	1	105	52	13	51	28	1.57	5.44	3.02	5.47	5.10	0.1	0.2	999.0
415	Mason Black	KCR	3	27	40.0	2	3	1	0	1	41	22	6	32	17	1.44	7.23	3.72	4.88	4.78	0.1	0.0	999.0
416	Braden Nett	ATH	3	21	34.0	2	2	1	0	1	34	18	4	29	16	1.48	7.58	4.34	4.71	4.72	0.1	0.1	999.0
417	Huascar Brazobán	NYM	0	56	56.0	3	3	0	0	11	51	25	6	53	25	1.37	8.55	4.09	4.08	4.13	0.1	0.1	999.0
418	Drey Jameson	ARI	0	59	59.0	4	3	0	5	11	56	25	6	55	22	1.33	8.39	3.41	3.88	3.91	0.1	0.3	735.8
419	Hayden Wesneski	HOU	2	24	31.0	2	2	1	0	1	29	14	5	30	10	1.26	8.61	2.91	4.23	4.25	0.1	0.1	999.0
420	Tyler Uberstine	BOS	2	20	27.0	1	1	1	0	1	27	13	4	24	9	1.33	7.98	2.99	4.39	4.29	0.1	0.1	999.0
421	Ben Joyce	LAA	0	42	42.0	2	1	0	8	0	34	17	4	50	19	1.25	10.73	4.03	3.56	3.57	0.1	0.1	720.2
422	Seth Halvorsen	COL	0	60	60.0	3	4	0	3	11	61	31	8	55	27	1.47	8.31	4.12	4.64	4.54	0.1	0.3	735.2
423	Elvis Alvarado	ATH	0	58	58.0	3	3	0	3	10	52	27	8	60	27	1.37	9.27	4.26	4.19	4.36	0.1	0.1	735.7
424	Brady Basso	ATH	0	50	50.0	3	2	0	0	4	49	22	6	44	16	1.29	7.90	2.87	4.01	4.10	0.1	0.1	999.0
425	Adam Mazur	MIA	2	28	35.0	2	2	1	0	1	36	17	5	27	10	1.32	6.98	2.55	4.34	4.29	0.1	0.1	999.0
426	Ronel Blanco	HOU	2	10	17.0	1	1	1	0	1	16	8	3	17	7	1.31	9.03	3.65	4.16	4.36	0.1	0.0	999.0
427	Jonathan Pintaro	NYM	2	26	32.0	2	1	1	0	1	30	14	3	30	13	1.33	8.56	3.68	3.96	4.09	0.1	0.1	999.0
428	Carlos Rodriguez	MIL	2	42	49.0	2	3	1	0	1	46	24	7	45	19	1.33	8.33	3.56	4.42	4.51	0.1	0.0	999.0
429	Joe Rock	TBR	2	20	27.0	1	2	1	0	1	28	13	3	22	9	1.34	7.16	2.82	4.26	4.30	0.1	0.1	999.0
430	Mitch Bratt	ARI	2	2	9.0	0	0	1	0	0	9	4	1	7	2	1.28	7.55	2.35	4.14	4.15	0.1	0.2	999.0
431	José Buttó	SFG	0	61	61.0	3	3	0	2	13	55	26	6	56	24	1.31	8.25	3.58	3.89	3.95	0.1	0.3	999.0
432	Brent Headrick	NYY	0	50	50.0	2	2	0	0	5	45	22	7	51	16	1.22	9.20	2.86	4.01	4.05	0.1	0.0	999.0
433	Austin Gomber	TEX	2	18	25.0	1	2	1	0	1	26	13	4	19	6	1.30	6.88	2.28	4.81	4.59	0.1	0.0	999.0
434	Trey Gibson	BAL	2	2	9.0	0	1	1	0	0	8	4	1	8	3	1.36	7.97	3.33	4.43	4.35	0.1	0.0	999.0
435	Brandon Williamson	CIN	3	37	51.0	2	3	1	0	1	51	27	8	43	21	1.42	7.58	3.69	4.86	4.87	0.1	0.1	999.0
436	Jason Adam	SDP	0	51	51.0	3	3	0	0	7	42	20	5	54	19	1.19	9.50	3.37	3.53	3.77	0.1	0.1	999.0
437	Enyel De Los Santos	HOU	0	60	60.0	3	3	0	0	12	55	28	9	59	22	1.28	8.92	3.28	4.14	4.30	0.1	0.1	999.0
438	Dane Dunning	SEA	2	18	25.0	1	1	1	0	1	24	11	3	22	8	1.29	7.94	2.88	4.11	4.14	0.1	0.1	999.0
439	José Leclerc		0	37	37.0	2	2	0	0	0	32	17	5	40	18	1.35	9.73	4.26	4.15	4.23	0.1	0.2	999.0
440	Gunnar Hoglund	ATH	5	21	42.0	2	3	2	0	1	45	23	7	31	13	1.37	6.63	2.72	4.87	4.94	0.1	0.1	999.0
441	David Morgan	SDP	0	62	62.0	3	3	0	0	13	55	28	8	63	25	1.30	9.11	3.68	4.05	4.14	0.1	0.2	999.0
442	Wade Miley		5	5	24.0	1	2	2	0	0	26	14	4	15	9	1.44	5.68	3.18	5.06	4.97	0.1	0.0	999.0
443	Jason Foley	SFG	0	34	34.0	2	2	0	0	1	33	13	3	29	9	1.23	7.74	2.34	3.43	3.37	0.1	0.1	999.0
444	Kai-Wei Teng	HOU	2	28	35.0	2	2	1	0	1	32	17	4	33	15	1.36	8.52	3.87	4.47	4.42	0.1	0.0	999.0
445	Justin Martinez	ARI	0	22	22.0	2	1	0	0	1	17	8	2	28	12	1.30	11.33	4.80	3.21	3.30	0.1	0.1	999.0
446	Braydon Fisher	TOR	0	52	52.0	3	3	0	0	7	44	22	6	59	24	1.30	10.18	4.09	3.86	3.96	0.1	0.0	999.0
447	Ian Hamilton	ATL	0	50	50.0	2	2	0	0	7	45	21	5	52	22	1.34	9.44	4.00	3.73	3.81	0.1	0.1	999.0
448	Evan Phillips	LAD	0	28	28.0	2	1	0	0	1	24	11	3	30	9	1.16	9.77	2.80	3.45	3.53	0.1	0.1	999.0
449	Ty Madden	DET	2	25	32.0	1	2	1	0	1	31	16	4	28	12	1.38	7.97	3.53	4.44	4.42	0.1	0.0	999.0
450	Brandon Eisert	CHW	0	54	54.0	3	3	0	0	6	51	24	7	53	20	1.32	8.78	3.30	4.07	4.06	0.1	0.0	999.0
451	Joel Payamps	ATL	0	53	53.0	3	2	0	0	9	52	24	7	48	17	1.29	8.19	2.86	4.07	4.00	0.1	0.1	999.0
452	Travis Adams	MIN	2	52	60.0	3	3	1	0	4	62	30	8	47	20	1.38	7.04	3.03	4.50	4.37	0.1	0.0	999.0
453	Jack Perkins	ATH	0	40	40.0	2	2	0	0	1	34	17	4	43	16	1.26	9.64	3.68	3.82	3.87	0.1	0.1	999.0
454	Brennan Bernardino	COL	0	58	58.0	3	3	0	2	10	58	29	7	53	27	1.46	8.23	4.19	4.46	4.45	0.1	0.3	999.0
455	JR Ritchie	ATL	2	2	9.0	0	1	1	0	0	9	4	1	7	3	1.37	7.55	3.36	4.50	4.46	0.1	0.1	999.0
456	McCade Brown	COL	3	3	15.0	1	1	1	0	0	16	9	3	14	7	1.49	8.06	3.91	5.40	5.10	0.1	0.1	999.0
457	Joey Lucchesi		0	43	43.0	2	2	0	0	0	44	20	5	32	16	1.39	6.63	3.27	4.14	4.33	0.1	0.1	999.0
458	Félix Bautista	BAL	0	16	16.0	1	1	0	0	1	11	6	2	22	7	1.16	12.36	4.01	3.21	3.14	0.1	0.1	999.0
459	Brandon Young	BAL	2	22	28.0	2	2	1	0	1	29	14	4	25	8	1.30	7.92	2.61	4.37	4.31	0.1	0.1	999.0
460	Matt Festa	CLE	0	58	58.0	3	4	0	0	12	53	27	8	57	21	1.28	8.78	3.32	4.13	4.18	0.1	0.0	999.0
461	Bryse Wilson	PHI	3	14	30.0	1	2	1	0	1	32	16	5	21	9	1.39	6.25	2.83	4.99	4.97	0.1	0.1	999.0
462	Trevor Williams	WSN	2	24	30.0	1	2	1	0	1	33	15	5	24	9	1.36	7.24	2.58	4.60	4.45	0.1	0.0	999.0
463	Pedro Avila	CLE	2	32	39.0	2	3	1	0	1	39	19	5	33	16	1.41	7.54	3.77	4.31	4.42	0.1	0.0	999.0
464	Colin Selby	BAL	0	50	50.0	3	3	0	0	4	46	22	6	52	22	1.35	9.34	3.90	4.04	4.02	0.1	0.0	999.0
465	Rob Zastryzny	MIL	0	50	50.0	3	2	0	0	4	47	23	7	46	18	1.31	8.21	3.20	4.10	4.21	0.1	0.1	999.0
466	Chase Silseth	LAA	0	50	50.0	2	3	0	0	4	46	23	6	50	21	1.35	8.99	3.82	4.20	4.23	0.1	0.0	999.0
467	Ryan Yarbrough	NYY	2	54	62.0	3	3	1	0	7	61	31	10	50	18	1.28	7.29	2.64	4.43	4.62	0.1	0.0	999.0
468	Kyle Hart	SDP	2	24	31.0	2	2	1	0	1	31	15	4	27	10	1.33	7.90	3.03	4.36	4.43	0.1	0.0	999.0
469	Tink Hence	STL	2	2	8.0	0	0	1	0	0	8	4	1	7	3	1.38	7.68	3.65	4.40	4.50	0.1	0.1	999.0
470	Landon Knack	LAD	2	16	23.0	1	1	1	0	1	23	12	4	20	9	1.37	8.00	3.44	4.94	4.88	0.1	0.0	999.0
471	Alex Lange	KCR	0	52	52.0	3	3	0	0	7	44	23	4	56	28	1.40	9.68	4.88	3.90	3.91	0.1	0.1	999.0
472	AJ Blubaugh	HOU	2	46	53.0	3	3	1	0	1	50	26	8	49	22	1.36	8.28	3.65	4.40	4.54	0.1	0.0	999.0
473	Kevin Kelly	TBR	0	44	44.0	3	3	0	0	1	42	19	5	39	11	1.20	7.88	2.17	3.93	3.96	0.1	0.0	999.0
474	James McArthur	KCR	0	40	40.0	2	2	0	0	1	39	18	4	36	14	1.33	8.13	3.14	4.11	3.94	0.1	0.0	999.0
475	Yuki Matsui	SDP	0	53	53.0	2	2	0	0	10	47	24	7	54	24	1.35	9.25	4.15	4.11	4.24	0.1	0.1	999.0
476	Sean Sullivan	COL	2	2	9.0	0	1	1	0	0	10	5	2	6	3	1.40	6.59	2.64	5.29	5.04	0.1	0.0	999.0
477	Andrew Chafin	MIN	0	54	54.0	3	3	0	0	7	50	25	6	58	28	1.44	9.71	4.63	4.19	4.09	0.1	0.0	999.0
478	Sam Aldegheri	LAA	6	6	35.0	2	3	2	0	0	37	21	6	26	16	1.52	6.61	4.16	5.35	5.42	0.1	-0.1	999.0
479	Cole Sulser	TBR	0	55	55.0	3	3	0	0	10	55	26	8	48	19	1.35	7.93	3.18	4.28	4.32	0.1	0.0	999.0
480	Grant Anderson	MIL	0	56	56.0	3	3	0	0	10	51	26	8	57	22	1.30	9.16	3.55	4.12	4.24	0.1	0.1	999.0
481	Ben Kudrna	KCR	2	10	16.0	1	1	1	0	1	17	9	2	12	7	1.47	6.85	3.94	4.77	4.66	0.1	0.0	999.0
482	Porter Hodge	CHC	0	50	50.0	3	3	0	0	5	42	22	6	56	26	1.35	10.04	4.67	4.02	4.10	0.0	0.1	999.0
483	Cal Quantrill	TEX	2	2	8.0	0	1	1	0	0	9	5	1	6	3	1.38	6.72	3.03	5.06	4.86	0.0	0.0	999.0
484	Tim Hill	NYY	0	66	66.0	4	3	0	0	15	72	31	7	38	19	1.38	5.13	2.63	4.18	4.28	0.0	0.0	999.0
485	Javier Assad	CHC	2	54	61.0	3	3	1	0	7	59	27	8	51	22	1.33	7.50	3.31	4.06	4.33	0.0	0.2	999.0
486	Nate Pearson	HOU	0	54	54.0	2	3	0	0	10	50	26	8	54	24	1.38	9.06	3.99	4.40	4.48	0.0	0.0	999.0
487	Yaramil Hiraldo	BAL	0	40	40.0	1	1	0	0	1	37	19	6	41	14	1.28	9.20	3.21	4.20	4.15	0.0	0.0	999.0
488	Doug Nikhazy	CLE	2	27	33.0	2	2	1	0	1	32	16	5	30	16	1.44	8.07	4.26	4.43	4.68	0.0	0.1	999.0
489	Evan Sisk	PIT	0	52	52.0	2	3	0	0	7	49	23	5	49	23	1.37	8.54	3.96	3.92	3.95	0.0	0.0	999.0
490	Ryan Brasier	TEX	0	44	44.0	2	2	0	0	1	41	19	5	38	13	1.24	7.79	2.73	3.98	3.96	0.0	0.0	999.0
491	Matt Waldron	SDP	2	2	9.0	0	1	1	0	0	9	5	1	7	3	1.34	7.10	2.81	4.83	4.69	0.0	0.0	999.0
492	Josh White	MIA	0	47	47.0	3	3	0	0	1	42	21	6	47	19	1.30	9.08	3.65	3.96	4.02	0.0	0.1	999.0
493	Ryan Webb	CLE	2	2	9.0	0	1	1	0	0	9	4	1	7	4	1.46	7.27	3.95	4.60	4.80	0.0	0.0	999.0
494	Daniel Lynch IV	KCR	0	59	59.0	3	3	0	0	11	61	28	8	46	19	1.36	7.00	2.91	4.28	4.35	0.0	0.1	999.0
495	Thomas Harrington	PIT	2	10	16.0	1	1	1	0	1	17	8	2	13	5	1.34	7.02	2.78	4.59	4.56	0.0	0.0	999.0
496	Jaden Hill	COL	0	52	52.0	3	3	0	0	6	51	26	7	51	20	1.37	8.87	3.43	4.52	4.24	0.0	0.0	999.0
497	Brody Hopkins	TBR	2	2	8.0	0	1	1	0	0	8	4	1	7	4	1.45	7.65	4.14	4.79	4.91	0.0	0.0	999.0
498	Austin Warren	NYM	0	50	50.0	4	4	0	0	5	47	24	7	45	19	1.32	8.14	3.35	4.28	4.35	0.0	-0.1	999.0
499	Yohan Ramírez	PIT	0	56	56.0	3	3	0	0	10	51	26	6	57	24	1.34	9.11	3.78	4.18	4.18	0.0	0.1	999.0
500	Ryan Johnson	LAA	0	18	18.0	1	1	0	0	1	18	8	2	17	6	1.30	8.46	2.91	4.06	3.92	0.0	0.0	999.0
501	Pete Hansen	STL	2	2	9.0	0	1	1	0	0	10	4	1	6	3	1.40	5.95	2.86	4.59	4.76	0.0	0.1	999.0
502	Jorge López		0	32	32.0	2	2	0	0	0	32	16	3	27	12	1.36	7.62	3.30	4.37	4.20	0.0	0.0	999.0
503	Gordon Graceffo	STL	0	58	58.0	3	3	0	0	12	59	27	7	46	18	1.32	7.15	2.73	4.22	4.09	0.0	0.1	999.0
504	Sam Moll	CIN	0	42	42.0	2	2	0	0	1	39	21	5	41	19	1.37	8.80	4.07	4.45	4.38	0.0	0.0	999.0
505	Luke Little	CHC	0	20	20.0	1	1	0	0	1	16	8	2	23	11	1.33	10.38	5.00	3.65	3.87	0.0	0.0	999.0
506	Zack Kelly	BOS	0	58	58.0	3	3	0	0	12	54	28	7	56	27	1.40	8.73	4.23	4.37	4.38	0.0	0.1	999.0
507	Paul Sewald	ARI	0	58	58.0	3	3	0	8	10	54	29	9	57	20	1.26	8.86	3.04	4.53	4.39	0.0	-0.1	999.0
508	Bradgley Rodriguez	SDP	0	50	50.0	3	3	0	0	4	46	23	6	46	23	1.37	8.20	4.11	4.15	4.39	0.0	0.0	999.0
509	Dylan Dodd	ATL	0	46	46.0	3	2	0	0	4	47	20	6	39	12	1.27	7.65	2.27	4.00	4.03	0.0	0.1	999.0
510	Jack Kochanowicz	LAA	2	18	25.0	1	2	1	0	1	27	13	3	16	9	1.44	5.80	3.22	4.87	4.83	0.0	0.0	999.0
511	Bryan Hudson	NYM	0	52	52.0	2	3	0	0	7	47	23	6	50	22	1.33	8.60	3.86	4.00	4.11	0.0	0.0	999.0
512	Jonathan Loáisiga	ARI	0	35	35.0	2	1	0	0	1	34	14	3	30	11	1.29	7.60	2.79	3.61	3.77	0.0	0.1	999.0
513	Adam Macko	TOR	2	14	20.0	1	1	1	0	1	20	10	3	18	9	1.39	7.81	3.75	4.57	4.75	0.0	-0.1	999.0
514	John King	MIA	0	52	52.0	3	2	0	0	7	57	23	5	33	15	1.39	5.77	2.60	3.91	4.00	0.0	0.0	999.0
515	Jean Cabrera	PHI	2	2	9.0	0	1	1	0	0	9	5	1	6	4	1.46	6.58	3.67	5.02	5.05	0.0	0.1	999.0
516	RJ Petit	COL	0	55	55.0	3	5	0	0	9	57	29	7	47	21	1.43	7.73	3.46	4.79	4.55	0.0	0.1	999.0
517	Richard Lovelady	WSN	0	52	52.0	2	2	0	0	7	50	24	6	47	18	1.31	8.06	3.10	4.11	4.05	0.0	0.0	999.0
518	Steven Cruz	KCR	0	45	45.0	2	2	0	0	1	41	21	5	42	20	1.36	8.34	3.93	4.20	4.13	0.0	0.0	999.0
519	Manuel Rodríguez	TBR	0	16	16.0	1	1	0	0	1	15	7	2	15	6	1.29	8.16	3.12	3.93	3.89	0.0	0.0	999.0
520	Tim Mayza	PHI	0	31	31.0	2	1	0	0	1	31	14	3	26	11	1.36	7.53	3.09	4.05	4.01	0.0	0.0	999.0
521	Ryan Fernandez	STL	0	44	44.0	3	3	0	0	1	40	20	5	45	19	1.34	9.29	3.95	4.01	3.97	0.0	0.0	999.0
522	Luke Jackson		0	46	46.0	3	3	0	0	0	43	22	5	42	21	1.40	8.23	4.17	4.23	4.30	0.0	0.0	999.0
523	Anthony Banda	MIN	0	60	60.0	3	3	0	1	12	57	29	8	58	27	1.39	8.69	3.98	4.34	4.36	0.0	0.0	999.0
524	Justin Hagenman	NYM	0	27	27.0	1	1	0	0	1	26	12	4	24	6	1.20	8.07	2.08	4.11	4.05	0.0	0.0	999.0
525	Jared Lyons	CIN	2	2	9.0	0	1	1	0	0	9	5	1	6	4	1.49	6.77	3.80	5.31	5.23	0.0	0.1	999.0
526	Gregory Santos	SFG	0	24	24.0	1	1	0	0	1	23	10	2	23	10	1.38	8.48	3.87	3.64	3.58	0.0	0.0	999.0
527	Andrew Morris	MIN	0	24	24.0	1	1	0	0	1	24	11	3	20	6	1.28	7.48	2.43	4.02	3.94	0.0	0.0	999.0
528	Tyler Phillips	MIA	0	68	68.0	3	3	0	3	15	71	32	8	50	22	1.37	6.61	2.97	4.23	4.28	0.0	0.2	999.0
529	Anthony Nunez	BAL	0	34	34.0	2	2	0	0	1	30	15	4	36	15	1.30	9.62	3.85	4.06	4.04	0.0	0.0	999.0
530	Chase Lee	TOR	0	30	30.0	2	1	0	0	1	28	13	4	29	9	1.24	8.78	2.81	3.90	3.96	0.0	0.0	999.0
531	Sean Guenther	DET	0	18	18.0	1	1	0	0	1	18	8	2	14	5	1.33	6.85	2.74	3.95	4.02	0.0	0.0	999.0
532	Gus Varland	WSN	0	48	48.0	2	3	0	0	4	47	23	6	45	21	1.41	8.52	3.89	4.37	4.29	0.0	0.0	999.0
533	Grant Wolfram	BAL	0	46	46.0	3	3	0	0	1	45	22	5	43	20	1.41	8.36	3.97	4.27	4.30	0.0	-0.1	999.0
534	Joe Jiménez	ATL	0	16	16.0	1	1	0	0	1	14	7	2	18	6	1.25	10.18	3.26	4.00	3.76	0.0	0.0	999.0
535	Yerry De los Santos	NYY	0	34	34.0	1	1	0	0	1	33	15	4	28	13	1.35	7.29	3.43	4.04	4.12	0.0	0.0	999.0
536	Liam Hendriks	MIN	0	16	16.0	1	1	0	0	1	15	8	2	17	6	1.33	9.53	3.54	4.29	4.07	0.0	0.0	999.0
537	Julian Aguiar	CIN	2	28	35.0	1	2	1	0	1	37	19	6	25	11	1.37	6.57	2.78	5.02	4.95	0.0	0.0	999.0
538	Ben Casparius	LAD	0	55	55.0	3	3	0	0	13	53	28	8	52	21	1.34	8.53	3.43	4.62	4.53	0.0	-0.1	999.0
539	DL Hall	MIL	0	52	52.0	3	2	0	0	6	47	23	6	52	23	1.35	9.00	4.05	4.02	4.14	0.0	0.0	999.0
540	Ryan Watson	BOS	0	52	52.0	3	3	0	0	7	53	25	6	43	18	1.36	7.46	3.14	4.26	4.22	0.0	0.0	999.0
541	Riley Cornelio	WSN	3	3	17.0	1	1	1	0	0	18	10	3	12	8	1.53	6.38	4.11	5.20	5.24	0.0	0.1	999.0
542	Colton Gordon	HOU	0	40	40.0	2	2	0	0	1	40	18	6	35	11	1.26	7.94	2.44	4.16	4.30	0.0	0.0	999.0
543	Spencer Miles	TOR	0	21	21.0	1	1	0	0	0	20	10	3	21	8	1.33	9.00	3.60	4.20	4.07	0.0	0.0	999.0
544	Kendry Rojas	MIN	0	40	40.0	2	2	0	0	1	39	18	5	36	15	1.36	8.20	3.48	4.16	4.16	0.0	0.0	999.0
545	JT Brubaker	SFG	0	53	53.0	2	3	0	0	5	54	25	6	45	19	1.37	7.58	3.18	4.21	4.18	0.0	0.0	999.0
546	Welinton Herrera	COL	0	26	26.0	2	2	0	0	1	25	13	3	26	11	1.41	8.84	3.86	4.41	4.31	0.0	0.0	999.0
547	Jacob Webb	CHC	0	54	54.0	3	3	0	0	11	48	26	8	51	21	1.29	8.53	3.52	4.27	4.39	0.0	0.1	999.0
548	Marco Gonzales	SDP	2	2	9.0	0	1	1	0	0	10	5	2	6	3	1.42	6.23	2.94	4.89	5.08	0.0	0.0	999.0
549	Mason Fluharty	TOR	0	42	42.0	2	2	0	0	1	37	18	5	44	17	1.30	9.42	3.73	3.95	4.13	0.0	0.0	999.0
550	Dylan Ross	NYM	0	36	36.0	1	1	0	0	1	31	16	4	38	17	1.35	9.47	4.33	3.96	4.11	0.0	0.0	999.0
551	Paxton Schultz	WSN	0	46	46.0	2	3	0	0	1	45	22	6	41	17	1.37	8.11	3.41	4.37	4.36	0.0	0.0	999.0
552	Sammy Peralta	MIL	0	14	14.0	1	1	0	0	1	13	6	2	12	4	1.27	7.74	2.78	4.07	4.13	0.0	0.0	999.0
553	José Suarez	ATL	0	22	22.0	1	1	0	0	1	21	10	3	21	7	1.29	8.71	2.95	3.94	3.89	0.0	0.0	999.0
554	Michel Otañez	TEX	0	22	22.0	1	1	0	0	1	18	10	2	27	12	1.36	10.85	4.91	4.05	4.05	0.0	0.0	999.0
555	José Fermin	LAA	0	52	52.0	3	4	0	0	7	46	25	7	54	24	1.36	9.30	4.23	4.37	4.43	0.0	0.0	999.0
556	Casey Lawrence	SEA	2	2	9.0	0	1	1	0	0	11	5	2	5	2	1.40	4.57	2.05	4.99	5.11	0.0	0.0	999.0
557	Craig Yoho	MIL	0	42	42.0	3	2	0	0	1	36	19	5	44	19	1.32	9.33	4.06	4.00	4.11	0.0	0.0	999.0
558	Tyler Ferguson	ATH	0	42	42.0	2	2	0	0	1	38	20	5	41	20	1.39	8.80	4.38	4.31	4.30	0.0	0.0	999.0
559	Colin Holderman	CLE	0	42	42.0	2	2	0	0	1	39	19	5	41	18	1.34	8.68	3.80	4.01	4.11	0.0	0.0	999.0
560	Nick Sandlin	LAA	0	40	40.0	2	3	0	0	1	36	19	6	41	18	1.34	9.17	4.08	4.39	4.52	0.0	0.0	999.0
561	Carlos Hernández	CLE	0	18	18.0	1	1	0	0	1	17	8	2	18	8	1.36	8.83	3.92	4.24	4.22	0.0	0.0	999.0
562	Franco Aleman	CLE	0	22	22.0	2	1	0	0	1	20	10	3	24	10	1.33	9.64	3.93	3.98	4.07	0.0	0.0	999.0
563	Danny Young	ATL	0	18	18.0	1	1	0	0	1	16	8	2	19	8	1.32	9.60	3.92	3.95	3.90	0.0	0.0	999.0
564	Drew Sommers	DET	0	22	22.0	1	1	0	0	1	22	10	2	19	8	1.36	7.57	3.38	3.93	4.03	0.0	0.0	999.0
565	Edgardo Henriquez	LAD	0	40	40.0	2	2	0	0	1	36	20	5	42	19	1.37	9.48	4.33	4.41	4.39	0.0	0.0	999.0
566	Yariel Rodríguez	TOR	0	36	36.0	2	2	0	0	1	32	16	5	36	16	1.33	9.00	4.03	4.10	4.32	0.0	0.0	999.0
567	Kyle Nicolas	PIT	0	42	42.0	2	2	0	0	1	39	19	5	41	20	1.40	8.89	4.34	4.11	4.22	0.0	0.0	999.0
568	Hayden Harris	ATL	0	42	42.0	2	2	0	0	1	37	19	5	46	18	1.31	9.77	3.82	4.05	4.04	0.0	0.0	999.0
569	Tristan Beck	SFG	0	40	40.0	2	2	0	0	1	39	18	5	34	13	1.29	7.64	2.83	4.07	4.07	0.0	0.0	999.0
570	Mitch Spence	KCR	0	16	16.0	1	1	0	0	1	17	8	2	13	4	1.32	7.23	2.52	4.30	4.15	0.0	0.0	999.0
571	Ryan Borucki	CHW	0	18	18.0	1	1	0	0	1	16	8	2	17	8	1.35	8.74	3.93	4.03	4.22	0.0	0.0	999.0
572	Adbert Alzolay	NYM	0	44	44.0	2	3	0	0	1	41	20	6	41	14	1.25	8.40	2.86	4.08	4.19	0.0	0.0	999.0
573	Philip Abner	ARI	0	13	13.0	1	1	0	0	1	13	6	1	12	5	1.37	8.29	3.61	4.07	4.11	0.0	0.0	999.0
574	Zach McCambley	PHI	0	48	48.0	2	2	0	0	4	45	24	6	46	22	1.39	8.64	4.07	4.47	4.43	0.0	0.0	999.0
575	Cody Laweryson	MIN	0	22	22.0	1	1	0	0	1	22	11	3	19	8	1.35	7.68	3.07	4.40	4.40	0.0	0.0	999.0
576	Derek Law	ARI	0	24	24.0	1	1	0	0	1	24	11	3	20	9	1.36	7.52	3.22	4.13	4.03	0.0	0.0	999.0
577	Kyle Wright	CHC	0	14	14.0	1	1	0	0	1	13	6	2	12	5	1.29	7.88	3.07	4.08	4.04	0.0	0.0	999.0
578	Lake Bachar	MIA	0	48	48.0	3	3	0	0	4	44	23	7	48	20	1.34	8.92	3.72	4.23	4.34	0.0	0.1	999.0
579	Jedixson Paez	CHW	0	42	42.0	2	2	0	0	1	44	21	6	32	12	1.33	6.92	2.59	4.41	4.43	0.0	0.0	999.0
580	Easton McGee	MIL	0	30	30.0	1	1	0	0	1	29	14	4	24	9	1.28	7.35	2.72	4.12	4.13	0.0	0.0	999.0
581	Shane Drohan	MIL	0	34	34.0	2	2	0	0	1	32	16	4	32	14	1.35	8.56	3.78	4.20	4.24	0.0	0.0	999.0
582	Ethan Roberts	CHC	0	42	42.0	2	2	0	0	1	39	20	6	42	17	1.34	8.89	3.68	4.29	4.39	0.0	0.0	999.0
583	Griff McGarry	WSN	0	55	55.0	3	3	0	0	10	48	27	6	61	32	1.46	9.93	5.30	4.37	4.40	0.0	0.0	999.0
584	Taylor Clarke	ARI	0	56	56.0	2	2	0	0	10	57	26	8	45	16	1.31	7.30	2.54	4.20	4.28	0.0	0.1	999.0
585	Nick Raquet	STL	0	38	38.0	3	3	0	0	1	38	18	5	30	13	1.35	7.10	3.12	4.17	4.33	0.0	0.0	999.0
586	Alex Carrillo	NYM	0	20	20.0	1	1	0	0	1	18	10	3	21	9	1.36	9.37	4.17	4.30	4.35	0.0	0.0	999.0
587	AJ Smith-Shawver	ATL	0	6	6.0	0	0	0	0	1	5	3	1	7	2	1.28	10.07	3.44	3.85	3.76	0.0	0.0	999.0
588	Jorge Alcala	TOR	0	18	18.0	1	1	0	0	1	16	9	3	19	8	1.33	9.62	3.93	4.34	4.44	0.0	0.0	999.0
589	Hunter Stratton	ATL	0	30	30.0	2	1	0	0	1	29	14	4	28	11	1.33	8.28	3.18	4.25	4.27	0.0	0.0	999.0
590	Héctor Neris	KCR	0	22	22.0	1	2	0	0	1	20	11	3	23	10	1.38	9.28	4.22	4.42	4.46	0.0	0.0	999.0
591	K.C. Hunt	MIL	0	10	10.0	1	1	0	0	1	10	5	1	9	3	1.28	8.16	2.90	4.20	4.15	0.0	0.0	999.0
592	Connor Brogdon	CLE	0	52	52.0	3	3	0	0	7	49	25	8	52	21	1.34	9.07	3.61	4.25	4.37	0.0	0.0	999.0
593	Brendan Beck	NYY	0	12	12.0	1	1	0	0	1	12	6	2	10	3	1.25	7.51	2.44	4.23	4.26	0.0	0.0	999.0
594	Yoniel Curet	PHI	2	2	8.0	0	1	1	0	0	8	5	1	7	4	1.50	7.80	4.69	5.27	5.38	0.0	0.0	999.0
595	Luinder Avila	KCR	0	42	42.0	2	2	0	0	1	41	20	5	37	18	1.38	7.92	3.75	4.25	4.21	0.0	0.0	999.0
596	Tyler Gilbert	CHW	0	26	26.0	1	2	0	0	1	26	13	4	23	10	1.37	7.93	3.43	4.54	4.47	0.0	0.0	999.0
597	Elmer Rodríguez	NYY	0	6	6.0	0	0	0	0	1	6	3	1	5	2	1.33	8.19	3.55	4.10	4.18	0.0	0.0	999.0
598	Ron Marinaccio	SDP	0	46	46.0	2	2	0	0	1	41	22	6	45	21	1.34	8.75	4.04	4.26	4.46	0.0	0.0	999.0
599	Chris Murphy	CHW	0	38	38.0	2	2	0	0	1	36	18	5	34	18	1.42	8.08	4.26	4.32	4.50	0.0	0.0	999.0
600	Joel Hurtado	LAA	2	2	9.0	0	1	1	0	0	10	5	1	5	4	1.56	5.38	3.90	5.36	5.40	0.0	0.0	999.0
601	Chen Zhong-Ao Zhuang	ATH	0	10	10.0	0	1	0	0	1	10	5	2	8	2	1.26	7.27	2.16	4.34	4.32	0.0	0.0	999.0
602	Mike Clevinger	PIT	2	18	24.0	1	2	1	0	1	25	13	4	19	9	1.40	7.03	3.24	4.77	4.78	0.0	0.0	999.0
603	Garrett Hawkins	SDP	0	26	26.0	2	2	0	0	1	24	12	4	27	11	1.33	9.19	3.70	4.21	4.25	0.0	0.0	999.0
604	Kyle Backhus	PHI	0	16	16.0	1	1	0	0	1	15	8	2	15	6	1.34	8.60	3.64	4.30	4.27	0.0	0.0	999.0
605	Duncan Davitt	CHW	0	22	22.0	1	1	0	0	1	22	11	3	18	7	1.31	7.17	2.67	4.49	4.46	0.0	0.0	999.0
606	Jhony Brito	SDP	0	18	18.0	1	1	0	0	1	18	8	2	15	6	1.33	7.34	3.01	4.18	4.25	0.0	0.0	999.0
607	Yosver Zulueta	SEA	0	24	24.0	1	1	0	0	1	21	10	2	25	11	1.34	9.36	4.28	3.89	3.97	0.0	0.0	999.0
608	Josh Staumont	CIN	0	12	12.0	1	1	0	0	1	11	6	1	12	7	1.49	8.72	4.93	4.79	4.49	0.0	0.0	999.0
609	Bobby Miller	LAD	0	26	26.0	1	1	0	0	1	25	13	4	25	11	1.37	8.68	3.78	4.56	4.35	0.0	0.0	999.0
610	Lou Trivino	PHI	0	24	24.0	1	1	0	0	1	24	12	3	21	10	1.42	8.06	3.84	4.59	4.60	0.0	0.0	999.0
611	Cam Booser	TBR	0	8	8.0	0	1	0	0	1	8	4	1	8	4	1.38	9.50	3.98	4.34	4.47	0.0	0.0	999.0
612	Bryan Hoeing	SDP	0	24	24.0	1	1	0	0	1	24	11	3	19	8	1.32	7.16	2.90	4.18	4.16	0.0	0.0	999.0
613	Matt Bowman	MIN	0	8	8.0	0	0	0	0	1	8	4	1	6	3	1.38	7.27	3.14	4.51	4.49	0.0	0.0	999.0
614	Andre Granillo	WSN	0	42	42.0	2	3	0	0	1	39	21	6	40	19	1.39	8.56	4.07	4.44	4.54	0.0	0.0	999.0
615	John Brebbia	COL	0	10	10.0	0	1	0	0	1	11	6	2	10	4	1.43	8.58	3.31	4.95	4.73	0.0	0.0	999.0
616	Ryan Lambert	NYM	0	12	12.0	0	1	0	0	1	10	6	2	13	6	1.36	9.94	4.56	4.24	4.24	0.0	0.0	999.0
617	Grant Holman	ATH	0	8	8.0	0	0	0	0	1	8	4	1	7	3	1.38	7.82	3.49	4.43	4.46	0.0	0.0	999.0
618	Henry Baez	ATH	0	12	12.0	1	1	0	0	1	12	6	1	9	4	1.37	6.82	3.17	4.28	4.42	0.0	0.0	999.0
619	Jose Espada	BAL	0	12	12.0	1	1	0	0	1	11	6	2	12	6	1.42	8.80	4.26	4.55	4.49	0.0	0.0	999.0
620	Nick Burdi	NYM	0	8	8.0	0	0	0	0	1	7	4	1	9	4	1.35	9.75	4.47	4.12	4.15	0.0	0.0	999.0
621	Will Klein	LAD	0	52	52.0	3	3	0	0	8	46	26	6	55	30	1.46	9.57	5.23	4.43	4.38	0.0	0.0	999.0
622	Jhancarlos Lara	ATL	0	10	10.0	1	1	0	0	1	9	5	1	11	6	1.44	10.07	5.21	4.11	4.21	0.0	0.0	999.0
623	Triston McKenzie	SDP	0	0	0.0	0	0		0	0	0	0	0	0	0	0.00	0.00	0.00	0.00	3.14	0.0	0.0	999.0
624	Michael Kopech		0	42	42.0	3	2	0	0	0	36	20	6	46	22	1.38	9.82	4.80	4.37	4.56	0.0	0.0	735.9
625	Trevor Stephan	CLE	0	16	16.0	1	1	0	0	1	15	7	2	15	6	1.33	8.54	3.36	4.18	4.26	0.0	0.0	999.0
626	Jose Corniell	TEX	0	10	10.0	1	1	0	0	1	9	5	1	9	3	1.27	8.50	3.04	4.37	4.29	0.0	0.0	999.0
627	Tyler Samaniego	BOS	0	34	34.0	2	2	0	0	1	34	16	4	28	14	1.41	7.49	3.66	4.32	4.36	0.0	0.0	999.0
628	Osvaldo Bido	NYY	0	16	16.0	1	1	0	0	1	15	8	2	15	6	1.34	8.38	3.47	4.47	4.59	0.0	0.0	999.0
629	Zack Thompson	STL	0	10	10.0	1	1	0	0	1	9	5	1	10	5	1.39	8.84	4.16	4.15	4.23	0.0	0.0	999.0
630	Jesse Scholtens	TBR	0	34	34.0	1	2	0	0	1	35	16	5	29	10	1.32	7.75	2.74	4.33	4.31	0.0	0.0	999.0
631	A.J. Causey	ATH	0	13	13.0	1	1	0	0	1	13	6	2	11	5	1.36	7.46	3.43	4.45	4.47	0.0	0.0	999.0
632	Angel Bastardo	TOR	0	20	20.0	1	1	0	0	1	19	9	3	19	9	1.38	8.43	3.83	4.21	4.38	0.0	0.0	999.0
633	Kolby Allard	CLE	0	14	14.0	1	1	0	0	1	15	7	2	11	4	1.34	6.96	2.69	4.22	4.43	0.0	0.0	999.0
634	Collin Snider	CHC	0	10	10.0	0	1	0	0	1	10	5	1	8	4	1.35	7.31	3.18	4.43	4.49	0.0	0.0	999.0
635	Tucker Davidson	PHI	0	8	8.0	0	0	0	0	1	8	4	1	6	3	1.39	7.31	3.33	4.50	4.48	0.0	0.0	999.0
636	Jake Bennett	BOS	0	12	12.0	1	1	0	0	1	13	6	2	9	4	1.39	6.66	2.99	4.44	4.41	0.0	0.0	999.0
637	Scott Effross	DET	0	14	14.0	1	1	0	0	1	15	7	2	9	4	1.38	6.02	2.83	4.42	4.35	0.0	0.0	999.0
638	Tate Kuehner	MIL	0	8	8.0	0	0	0	0	1	7	4	1	7	4	1.42	8.39	4.36	4.24	4.40	0.0	0.0	999.0
639	David Sandlin	CHW	0	16	16.0	1	1	0	0	1	16	8	2	13	5	1.36	7.49	3.07	4.46	4.54	0.0	0.0	999.0
640	Kervin Castro	NYY	0	18	18.0	1	1	0	0	1	17	9	2	17	8	1.39	8.41	4.21	4.47	4.43	0.0	0.0	999.0
641	Chris Roycroft	STL	0	40	40.0	2	2	0	0	1	40	19	4	32	18	1.45	7.18	4.07	4.29	4.32	0.0	0.0	999.0
642	Austin Voth	CHW	0	8	8.0	0	0	0	0	1	8	4	1	6	2	1.33	7.27	2.57	4.52	4.63	0.0	0.0	999.0
643	Jeff Criswell	COL	0	12	12.0	1	1	0	0	1	12	6	2	11	5	1.45	8.24	3.69	4.76	4.67	0.0	0.0	999.0
644	Gabriel Hughes	COL	0	18	18.0	1	1	0	0	1	20	10	3	13	6	1.46	6.62	3.17	4.89	4.64	0.0	0.0	999.0
645	Evan Reifert	TBR	0	12	12.0	1	1	0	0	1	10	6	2	13	6	1.41	9.78	4.79	4.36	4.51	0.0	0.0	999.0
646	Josh Fleming	TOR	0	8	8.0	0	0	0	0	1	9	4	1	4	2	1.44	4.74	2.76	4.36	4.54	0.0	0.0	999.0
647	Dom Hamel	NYY	0	8	8.0	0	0	0	0	1	8	4	1	7	3	1.33	8.11	3.39	4.54	4.47	0.0	0.0	999.0
648	Dylan Smith	DET	0	28	28.0	1	2	0	0	1	27	13	3	24	11	1.39	7.73	3.64	4.33	4.32	0.0	0.0	999.0
649	Carson Seymour	SFG	0	20	20.0	1	1	0	0	1	20	9	2	17	7	1.34	7.54	3.12	3.98	4.06	0.0	0.0	999.0
650	Cionel Pérez	WSN	0	24	24.0	1	1	0	0	1	23	11	2	21	13	1.48	7.80	4.76	4.27	4.32	0.0	0.0	999.0
651	Ken Waldichuk	WSN	0	13	13.0	1	1	0	0	1	12	6	2	13	6	1.39	8.69	4.06	4.47	4.47	0.0	0.0	999.0
652	Trevor Gott	WSN	0	12	12.0	1	1	0	0	1	12	6	2	10	4	1.38	7.15	3.16	4.49	4.49	0.0	0.0	999.0
653	Jake Miller	DET	0	10	10.0	1	1	0	0	1	10	5	1	8	3	1.34	7.34	2.85	4.41	4.48	0.0	0.0	999.0
654	Tyson Neighbors	BAL	0	17	17.0	1	1	0	0	1	16	8	2	17	7	1.34	8.89	3.75	4.45	4.40	0.0	0.0	999.0
655	J.P. France	HOU	0	12	12.0	1	1	0	0	1	12	6	2	11	5	1.37	8.03	3.51	4.27	4.37	0.0	0.0	999.0
656	Isaiah Campbell	ARI	0	8	8.0	1	1	0	0	1	9	4	1	6	3	1.41	6.37	3.05	4.39	4.43	0.0	0.0	999.0
657	Casey Legumina	SEA	0	54	54.0	4	4	0	0	7	50	25	7	52	21	1.32	8.61	3.53	4.10	4.17	0.0	-0.1	999.0
658	Ronan Kopp	LAD	0	10	10.0	1	0	0	0	1	9	5	1	11	6	1.51	9.77	5.74	4.53	4.66	0.0	0.0	999.0
659	Beau Brieske	DET	0	50	50.0	2	3	0	0	4	48	25	7	43	21	1.39	7.80	3.85	4.56	4.54	0.0	-0.1	999.0
660	Tom Cosgrove	HOU	0	13	13.0	1	1	0	0	1	12	7	2	12	6	1.39	8.10	4.19	4.54	4.68	0.0	0.0	999.0
661	Joey Gerber	NYM	0	14	14.0	1	1	0	0	1	13	7	2	13	5	1.30	8.43	3.16	4.33	4.31	0.0	0.0	999.0
662	Craig Kimbrel	NYM	0	32	32.0	2	2	0	0	1	27	15	4	37	17	1.35	10.47	4.65	4.16	4.22	0.0	0.0	999.0
663	Lyon Richardson	CIN	0	22	22.0	1	1	0	0	1	21	11	3	19	10	1.44	7.96	4.22	4.59	4.54	0.0	0.0	999.0
664	Jackson Kowar	BAL	0	8	8.0	0	0	0	0	1	8	4	1	7	4	1.46	8.32	4.28	4.71	4.71	0.0	0.0	999.0
665	Shane Murphy	CHW	0	20	20.0	1	1	0	0	1	21	10	3	14	5	1.31	6.25	2.13	4.50	4.60	0.0	0.0	999.0
666	Andrew Sears	DET	0	8	8.0	0	0	0	0	1	8	4	1	7	3	1.37	7.52	3.48	4.52	4.58	0.0	0.0	999.0
667	Jake Eder	WSN	0	14	14.0	1	1	0	0	1	14	7	2	11	5	1.39	7.20	3.45	4.61	4.63	0.0	0.0	999.0
668	Austin Kitchen	SEA	0	8	8.0	0	0	0	0	1	8	4	1	5	2	1.36	5.95	2.73	4.19	4.36	0.0	0.0	999.0
669	Emiliano Teodo	TEX	0	14	14.0	1	1	0	0	1	13	7	2	14	8	1.45	8.80	4.87	4.53	4.54	0.0	0.0	999.0
670	Michael Tonkin	MIN	0	34	34.0	2	2	0	0	0	33	17	5	31	12	1.33	8.13	3.14	4.40	4.39	0.0	0.0	999.0
671	Brycen Mautz	STL	0	16	16.0	1	1	0	0	1	16	7	2	14	5	1.32	7.62	3.05	4.22	4.34	0.0	0.0	999.0
672	Valente Bellozo	COL	0	8	8.0	0	0	0	0	1	9	4	1	6	3	1.41	6.55	2.83	5.04	5.07	0.0	0.0	999.0
673	Trent Thornton	CHC	0	30	30.0	1	1	0	0	1	29	14	4	25	10	1.28	7.64	2.86	4.24	4.31	0.0	0.0	999.0
674	Francis Pena	SDP	0	8	8.0	1	1	0	0	1	8	4	1	6	4	1.45	7.30	4.16	4.36	4.58	0.0	0.0	999.0
675	Eric Cerantola	KCR	0	12	12.0	1	1	0	0	1	11	6	1	12	6	1.44	8.76	4.58	4.54	4.55	0.0	0.0	999.0
676	Konnor Pilkington	DET	0	12	12.0	1	1	0	0	1	11	6	1	12	6	1.44	8.69	4.62	4.41	4.48	0.0	0.0	999.0
677	Shinnosuke Ogasawara	WSN	0	8	8.0	0	0	0	0	1	8	4	1	6	2	1.36	6.73	2.77	4.62	4.60	0.0	0.0	999.0
678	Josh Simpson	MIA	0	14	14.0	1	1	0	0	1	13	7	2	14	7	1.44	8.75	4.69	4.34	4.40	0.0	0.0	999.0
679	James Karinchak	ATL	0	12	12.0	1	1	0	0	1	10	6	2	14	7	1.41	10.23	4.95	4.39	4.45	0.0	0.0	999.0
680	Chris Devenski	PIT	0	24	24.0	1	1	0	0	1	25	12	3	20	8	1.34	7.37	2.85	4.43	4.34	0.0	0.0	999.0
681	Nick Anderson	ATH	0	22	22.0	1	1	0	0	1	22	11	3	20	9	1.41	8.17	3.59	4.61	4.66	0.0	0.0	999.0
682	Nolan Hoffman	PHI	0	12	12.0	1	1	0	0	1	12	6	2	11	5	1.42	8.33	4.05	4.58	4.57	0.0	0.0	999.0
683	Keegan Thompson	COL	0	40	40.0	2	3	0	0	1	40	21	6	38	17	1.43	8.46	3.86	4.79	4.65	0.0	0.0	999.0
684	Vinny Nittoli	BOS	0	16	16.0	1	1	0	0	1	16	8	2	13	6	1.38	7.46	3.23	4.65	4.56	0.0	0.0	999.0
685	Seth Martinez	BOS	0	26	26.0	1	1	0	0	1	26	13	3	22	10	1.40	7.46	3.59	4.57	4.60	0.0	0.0	999.0
686	Riley Martin	CHC	0	22	22.0	1	1	0	0	1	19	10	3	22	12	1.44	9.13	4.98	4.16	4.39	0.0	0.0	999.0
687	Hobie Harris	BOS	0	8	8.0	0	1	0	0	1	9	4	1	6	4	1.54	7.07	4.31	4.87	4.78	0.0	0.0	999.0
688	Michael Petersen	MIA	0	28	28.0	1	1	0	0	1	27	14	4	26	11	1.36	8.35	3.42	4.39	4.45	0.0	0.0	999.0
689	Jackson Rutledge	WSN	0	57	57.0	3	3	0	1	11	57	29	8	49	22	1.39	7.67	3.46	4.60	4.65	0.0	-0.1	999.0
690	Wilber Dotel	PIT	0	12	12.0	1	1	0	0	1	12	6	2	10	5	1.40	7.26	3.44	4.54	4.59	0.0	0.0	999.0
691	Prelander Berroa	CHW	0	36	36.0	1	2	0	0	1	33	18	5	37	20	1.48	9.29	5.03	4.51	4.60	0.0	0.0	999.0
692	John Klein	MIN	0	34	34.0	2	2	0	0	1	34	17	5	30	12	1.34	7.81	3.16	4.44	4.44	0.0	0.0	999.0
693	Daysbel Hernández	ATL	0	40	40.0	2	3	0	0	1	35	19	5	43	22	1.43	9.67	5.03	4.30	4.32	0.0	0.0	999.0
694	Angel Chivilli	NYY	0	30	30.0	1	2	0	0	1	30	15	4	27	11	1.37	8.13	3.33	4.49	4.48	0.0	-0.1	999.0
695	Joe Ross	ARI	0	20	20.0	1	1	0	0	1	20	10	2	16	7	1.38	7.37	3.36	4.31	4.32	0.0	0.0	999.0
696	Scott Alexander	SFG	0	33	33.0	2	2	0	0	0	35	15	4	24	12	1.42	6.52	3.24	4.12	4.35	0.0	0.1	999.0
697	Luis Curvelo	TEX	0	34	34.0	2	2	0	0	1	33	18	5	30	14	1.38	7.92	3.74	4.72	4.70	0.0	-0.1	999.0
698	Walbert Urena	LAA	0	8	8.0	0	0	0	0	1	8	4	1	6	4	1.54	6.76	4.52	4.92	4.91	0.0	0.0	999.0
699	Tayler Saucedo	LAA	0	34	34.0	1	2	0	0	1	33	17	4	30	16	1.44	8.01	4.15	4.47	4.45	0.0	0.0	999.0
700	Randy Dobnak	SEA	0	14	14.0	1	1	0	0	1	14	6	2	11	5	1.36	6.77	3.16	4.09	4.29	0.0	0.0	999.0
701	Corbin Martin	CHC	0	8	8.0	0	0	0	0	1	8	4	1	7	4	1.46	8.01	4.53	4.62	4.66	0.0	0.0	999.0
702	Dale Stanavich	MIA	0	12	12.0	1	1	0	0	1	11	6	1	11	7	1.51	8.17	4.94	4.41	4.65	0.0	0.0	999.0
703	Rico Garcia	BAL	0	56	56.0	2	2	0	0	10	53	27	8	57	25	1.38	9.21	3.94	4.35	4.43	0.0	-0.1	999.0
704	Lazaro Estrada	TOR	0	25	25.0	1	1	0	0	1	25	12	4	22	7	1.28	7.99	2.69	4.42	4.44	0.0	0.0	999.0
705	Rafael Montero	NYY	0	26	26.0	1	1	0	0	1	24	13	3	25	13	1.44	8.50	4.53	4.41	4.51	0.0	-0.1	999.0
706	Jose Franco	CIN	0	14	14.0	1	1	0	0	1	14	8	2	13	6	1.43	8.17	3.93	4.92	4.88	0.0	0.0	999.0
707	Jake Bloss	TOR	0	14	14.0	1	1	0	0	1	14	7	2	12	6	1.40	7.48	3.56	4.57	4.70	0.0	0.0	999.0
708	Jake Miller	CLE	0	10	10.0	1	1	0	0	1	10	5	1	7	4	1.43	6.54	3.42	4.56	4.73	0.0	0.0	999.0
709	Chayce McDermott	BAL	0	24	24.0	1	1	0	0	1	22	12	3	24	12	1.42	9.00	4.40	4.48	4.54	0.0	0.0	999.0
710	Miguel Ullola	HOU	0	18	18.0	1	1	0	0	1	16	9	2	19	10	1.42	9.48	4.82	4.33	4.59	0.0	0.0	999.0
711	Ryder Ryan	LAD	0	12	12.0	1	1	0	0	1	13	6	2	9	5	1.47	6.78	3.83	4.68	4.88	0.0	0.0	999.0
712	Tanner Rainey	DET	0	16	16.0	1	1	0	0	1	15	8	2	16	8	1.41	8.91	4.47	4.50	4.63	0.0	0.0	999.0
713	Daison Acosta	SDP	0	12	12.0	1	1	0	0	1	11	6	2	12	6	1.44	8.98	4.80	4.44	4.69	0.0	0.0	999.0
714	Chase Shugart	PHI	0	42	42.0	2	2	0	0	1	42	22	6	34	16	1.38	7.27	3.46	4.65	4.74	0.0	0.0	999.0
715	Sam Bachman	LAA	0	32	32.0	2	2	0	0	1	32	16	4	27	15	1.46	7.67	4.19	4.45	4.49	0.0	0.0	999.0
716	Angel Perdomo	LAA	0	13	13.0	1	1	0	0	1	12	7	2	14	7	1.44	9.47	4.98	4.51	4.74	0.0	0.0	999.0
717	Andrew Walters	CLE	0	38	38.0	2	2	0	0	1	32	17	5	43	19	1.35	10.26	4.52	4.14	4.30	0.0	0.0	999.0
718	Reggie Crawford	SFG	0	8	8.0	0	0	0	0	1	7	4	1	8	4	1.41	9.18	4.41	4.54	4.71	0.0	0.0	999.0
719	Yunior Marte	CIN	0	18	18.0	1	1	0	0	1	19	10	3	15	8	1.48	7.71	4.01	4.96	4.85	0.0	0.0	999.0
720	Brent Suter	LAA	0	60	60.0	2	3	0	0	12	63	30	8	47	19	1.36	6.98	2.83	4.50	4.45	0.0	-0.1	999.0
721	Max Lazar	PHI	0	38	38.0	2	2	0	0	1	39	19	5	30	12	1.34	7.08	2.90	4.53	4.47	0.0	0.0	999.0
722	Kendall Graveman		0	36	36.0	2	2	0	0	0	36	17	4	32	18	1.48	8.04	4.38	4.35	4.48	0.0	0.0	999.0
723	Daniel Espino	CLE	0	23	23.0	1	1	0	0	0	21	11	4	25	12	1.44	9.92	4.69	4.27	4.53	0.0	0.0	999.0
724	Gavin Hollowell	CHC	0	16	16.0	1	1	0	0	1	15	8	2	15	8	1.40	8.63	4.37	4.50	4.51	0.0	0.0	999.0
725	Connor Phillips	CIN	0	56	56.0	3	4	0	0	7	50	29	8	59	28	1.40	9.56	4.47	4.63	4.55	0.0	0.0	999.0
726	Guillo Zuñiga	SEA	0	10	10.0	0	1	0	0	1	9	5	1	9	4	1.39	7.92	4.01	4.51	4.71	0.0	0.0	999.0
727	Kevin Abel	CIN	0	10	10.0	0	1	0	0	1	10	6	2	8	5	1.52	7.29	4.33	5.30	5.21	0.0	0.0	999.0
728	Eli Morgan	KCR	0	28	28.0	1	1	0	0	1	27	14	4	24	10	1.34	7.65	3.21	4.54	4.47	0.0	0.0	999.0
729	Juan Morillo	ARI	0	30	30.0	2	1	0	0	1	29	14	3	27	16	1.51	8.20	4.81	4.24	4.38	0.0	0.0	999.0
730	Génesis Cabrera	PHI	0	18	18.0	1	1	0	0	1	17	9	3	16	8	1.40	8.25	3.96	4.67	4.82	0.0	0.0	999.0
731	Joey Estes	ATH	0	30	30.0	1	2	0	0	1	31	16	5	22	8	1.29	6.74	2.33	4.85	4.86	0.0	-0.1	999.0
732	Cameron Foster	BAL	0	28	28.0	1	2	0	0	1	28	14	4	25	11	1.40	7.90	3.47	4.47	4.54	0.0	0.0	999.0
733	Jack Neely	CHC	0	18	18.0	1	1	0	0	1	16	9	3	18	9	1.39	9.00	4.34	4.47	4.62	0.0	0.0	999.0
734	Garrett Acton	MIA	0	16	16.0	1	1	0	0	1	16	8	2	15	7	1.42	8.56	4.00	4.66	4.64	0.0	0.0	999.0
735	Tejay Antone	CIN	0	16	16.0	1	1	0	0	1	17	9	2	13	7	1.51	7.25	4.16	5.14	4.99	0.0	0.0	999.0
736	Juan Sanchez	SFG	0	14	14.0	1	1	0	0	1	14	7	2	12	7	1.45	7.76	4.24	4.29	4.51	0.0	0.0	999.0
737	Ryan Rolison	CHC	0	15	15.0	1	1	0	0	1	15	7	2	11	6	1.41	6.81	3.44	4.48	4.61	0.0	0.0	999.0
738	Andrew Hoffmann	ARI	0	40	40.0	3	2	0	0	1	40	18	5	35	15	1.37	7.98	3.38	4.12	4.22	0.0	0.0	999.0
739	Albert Suárez	BAL	0	26	26.0	1	1	0	0	1	28	13	4	22	8	1.39	7.52	2.92	4.52	4.48	0.0	0.0	999.0
740	Ty Adcock	SDP	0	33	33.0	2	2	0	0	1	32	16	5	30	13	1.35	8.24	3.48	4.29	4.41	0.0	0.0	999.0
741	Justin Bruihl	STL	0	54	54.0	3	3	0	0	10	52	24	6	47	21	1.35	7.78	3.44	4.07	4.27	0.0	0.0	999.0
742	Domingo Gonzalez	SEA	0	18	18.0	1	1	0	0	1	17	9	2	16	8	1.36	8.12	3.92	4.31	4.51	0.0	0.0	999.0
743	Blas Castaño	SEA	0	12	12.0	1	1	0	0	1	12	6	2	9	4	1.36	6.47	3.01	4.41	4.62	0.0	0.0	999.0
744	Josh Ekness	MIA	0	22	22.0	1	1	0	0	1	21	11	3	19	10	1.43	7.94	4.21	4.59	4.66	0.0	0.0	999.0
745	Alex Hoppe	SEA	0	22	22.0	1	1	0	0	1	21	10	3	20	10	1.43	7.99	4.15	4.23	4.44	0.0	0.0	999.0
746	Reiver Sanmartin	SFG	0	44	44.0	3	3	0	0	1	46	20	4	32	14	1.38	6.46	2.93	4.04	4.13	0.0	0.0	999.0
747	Carson Palmquist	COL	0	24	24.0	1	2	0	0	1	24	14	4	23	11	1.48	8.56	4.27	5.12	5.01	0.0	0.0	999.0
748	Dylan Coleman	NYY	0	10	10.0	1	1	0	0	1	9	6	1	10	7	1.59	8.81	6.31	4.99	5.20	0.0	0.0	999.0
749	Carter Baumler	TEX	0	52	52.0	2	3	0	0	7	50	27	6	45	24	1.43	7.75	4.21	4.63	4.54	0.0	-0.1	999.0
750	Kaleb Ort	LAA	0	22	22.0	1	1	0	0	1	20	12	3	22	11	1.42	8.94	4.49	4.73	4.73	0.0	0.0	999.0
751	Alexis Díaz	TEX	0	58	58.0	3	4	0	2	11	49	31	7	57	31	1.38	8.87	4.86	4.79	4.71	0.0	-0.3	627.6
752	Tommy Kahnle		0	50	50.0	2	3	0	0	0	47	25	6	45	25	1.43	8.04	4.42	4.43	4.50	0.0	-0.1	999.0
753	Scott McGough		0	24	24.0	1	1	0	0	0	24	13	4	21	10	1.43	8.04	3.78	4.81	4.67	0.0	-0.2	999.0
754	Eduarniel Núñez	ATH	0	52	52.0	3	3	0	1	6	47	26	6	51	31	1.51	8.86	5.35	4.53	4.74	0.0	-0.1	999.0
755	Jaden Woods	PIT	0	14	14.0	1	1	0	0	1	14	7	2	12	7	1.49	7.41	4.38	4.71	4.91	0.0	0.0	999.0
756	Scott Blewett	STL	0	24	24.0	1	1	0	0	1	25	12	3	18	9	1.39	6.61	3.21	4.37	4.49	0.0	0.0	999.0
757	Hunter Strickland	LAA	0	14	14.0	1	1	0	0	1	14	8	2	11	6	1.47	7.04	4.09	5.02	5.04	0.0	0.0	999.0
758	Yilber Díaz	ARI	0	23	23.0	1	1	0	0	1	21	11	3	22	12	1.45	8.77	4.69	4.31	4.42	0.0	0.0	999.0
759	Victor Mederos	LAA	0	26	26.0	1	2	0	0	1	27	14	4	20	10	1.43	6.91	3.56	4.83	4.93	0.0	-0.1	999.0
760	Marc Church	TEX	0	32	32.0	2	2	0	0	1	30	17	4	31	17	1.46	8.68	4.68	4.75	4.57	0.0	-0.1	999.0
761	Matt Pushard	STL	0	52	52.0	3	3	0	0	7	51	24	7	45	19	1.35	7.73	3.37	4.22	4.37	0.0	0.0	999.0
762	Cole Wilcox	SEA	0	28	28.0	2	2	0	0	1	28	13	3	22	10	1.36	7.00	3.22	4.26	4.32	0.0	0.0	999.0
763	Seth Johnson	PHI	0	20	20.0	1	1	0	0	1	20	11	3	18	9	1.46	7.96	4.13	4.80	4.79	0.0	0.0	999.0
764	Hunter Bigge	TBR	0	46	46.0	2	2	0	0	4	43	22	7	46	21	1.40	8.99	4.16	4.34	4.50	0.0	0.0	999.0
765	Cam Sanders	PIT	0	30	30.0	1	2	0	0	1	28	16	4	28	18	1.55	8.46	5.44	4.75	4.81	0.0	-0.1	999.0
766	Robinson Ortiz	SEA	0	40	40.0	2	2	0	0	1	36	19	4	38	20	1.40	8.55	4.54	4.21	4.34	0.0	-0.1	999.0
767	Ryan Loutos	SEA	0	26	26.0	1	1	0	0	1	26	13	3	22	11	1.39	7.58	3.68	4.39	4.44	0.0	-0.1	999.0
768	Rolddy Muñoz	ATL	0	24	24.0	1	1	0	0	1	24	12	3	21	12	1.48	7.98	4.41	4.50	4.55	0.0	0.0	999.0
769	Paul Gervase	LAD	0	33	33.0	2	2	0	0	1	29	17	5	35	17	1.40	9.50	4.57	4.66	4.72	0.0	-0.1	999.0
770	Zach Pop	PHI	0	52	52.0	3	3	0	0	7	54	27	7	40	19	1.41	6.98	3.23	4.65	4.55	0.0	-0.1	999.0
771	Brandan Bidois	PIT	0	40	40.0	2	3	0	0	1	38	20	5	37	20	1.45	8.38	4.49	4.49	4.58	0.0	0.0	999.0
772	Orlando Ribalta	WSN	0	30	30.0	1	1	0	0	1	29	16	4	27	16	1.50	8.23	4.69	4.80	4.87	0.0	-0.1	999.0
773	Gavin Collyer	TEX	0	18	18.0	1	1	0	0	1	17	10	2	17	10	1.51	8.70	5.19	5.08	5.03	0.0	-0.1	999.0
774	T.J. McFarland		0	24	24.0	1	1	0	0	0	26	12	3	16	8	1.43	6.03	3.08	4.35	4.43	0.0	0.1	999.0
775	Alek Jacob	SDP	0	39	39.0	2	2	0	0	1	37	20	6	34	17	1.39	7.80	3.82	4.71	4.80	0.0	-0.1	999.0
776	Lucas Sims	CHW	0	10	10.0	0	1	0	0	1	9	6	2	10	7	1.59	8.55	5.95	5.72	5.73	0.0	-0.1	999.0
777	Jayden Murray	HOU	0	30	30.0	1	1	0	0	1	30	15	4	25	12	1.40	7.57	3.70	4.60	4.73	0.0	-0.1	999.0
778	Dan Altavilla	MIN	0	32	32.0	1	2	0	0	1	32	17	4	27	16	1.48	7.52	4.41	4.71	4.82	0.0	-0.1	999.0
779	Bradley Blalock	MIA	0	18	18.0	1	1	0	0	1	20	10	3	12	7	1.47	6.21	3.44	5.00	4.95	0.0	-0.1	999.0
780	Samy Natera Jr.	LAA	0	24	24.0	1	2	0	0	1	22	13	4	24	14	1.51	9.15	5.18	4.91	5.01	0.0	-0.1	999.0
781	Luis Mey	CIN	0	40	40.0	2	3	0	0	1	38	22	5	38	25	1.56	8.49	5.53	4.96	4.99	0.0	-0.1	999.0
782	Austin Love	STL	0	32	32.0	2	2	0	0	1	32	16	4	27	14	1.43	7.61	3.96	4.51	4.63	0.0	0.0	999.0
783	Zach Maxwell	CIN	0	50	50.0	2	3	0	0	4	46	26	7	51	27	1.46	9.26	4.89	4.66	4.66	0.0	0.0	999.0
784	Juan Burgos	ARI	0	27	27.0	2	1	0	0	1	27	14	3	22	12	1.46	7.19	4.02	4.59	4.76	0.0	0.0	999.0
785	Jayvien Sandridge	LAA	0	28	28.0	2	2	0	0	1	25	15	4	30	18	1.53	9.54	5.79	4.67	4.86	0.0	-0.1	999.0
786	William Kempner	MIA	0	24	24.0	1	2	0	0	1	23	13	3	22	13	1.49	8.36	4.86	4.79	4.92	-0.1	-0.1	999.0
787	Bailey Horn	DET	0	42	42.0	2	3	0	0	1	41	21	5	38	20	1.45	8.08	4.34	4.41	4.56	-0.1	0.0	999.0
788	Ryan Harbin	PIT	0	34	34.0	2	2	0	0	1	32	17	4	32	21	1.56	8.57	5.44	4.60	4.77	-0.1	0.0	999.0
789	Alexander Alberto	CHW	0	24	24.0	1	2	0	0	1	24	14	3	19	14	1.58	7.22	5.14	5.25	5.22	-0.1	-0.1	999.0
790	Spencer Bivens	SFG	0	70	70.0	3	4	0	1	14	73	33	8	52	23	1.36	6.73	2.90	4.23	4.25	-0.1	-0.1	999.0
791	Brandyn Garcia	ARI	0	52	52.0	3	3	0	0	7	51	24	5	45	23	1.41	7.79	3.94	4.17	4.39	-0.1	0.0	999.0
792	Luis Guerrero	TBR	0	22	22.0	1	1	0	0	1	21	12	3	19	12	1.51	7.88	5.03	4.98	5.20	-0.1	-0.1	999.0
793	Peyton Pallette	CLE	0	48	48.0	2	2	0	0	4	44	23	7	47	21	1.36	8.74	3.93	4.40	4.54	-0.1	-0.1	999.0
794	Steven Wilson	TBR	0	52	52.0	2	2	0	0	7	48	28	9	50	23	1.36	8.63	3.99	4.83	4.97	-0.1	-0.1	999.0
795	Carlos Vargas	SEA	0	56	56.0	3	3	0	0	10	55	25	6	44	20	1.34	7.07	3.28	4.05	4.20	-0.1	-0.1	999.0
796	Troy Taylor	SEA	0	50	50.0	3	3	0	0	4	47	24	6	46	22	1.38	8.33	4.02	4.35	4.48	-0.1	-0.1	999.0
797	Cade Winquest	NYY	0	42	42.0	2	3	0	0	1	43	23	6	33	16	1.40	7.12	3.51	4.89	4.86	-0.1	-0.2	999.0
798	Kyle Keller	BOS	0	42	42.0	2	2	0	0	1	43	23	6	39	20	1.49	8.27	4.28	4.98	4.84	-0.1	-0.1	999.0
799	George Soriano	STL	0	50	50.0	2	2	0	0	5	47	24	7	47	20	1.35	8.44	3.64	4.39	4.41	-0.1	0.0	999.0
800	Roddery Muñoz	HOU	0	52	52.0	2	3	0	0	7	48	26	8	53	24	1.39	9.13	4.18	4.57	4.75	-0.1	-0.1	999.0
801	Luis Peralta	COL	0	34	34.0	1	3	0	0	1	35	20	5	32	20	1.62	8.54	5.40	5.40	5.20	-0.1	-0.1	999.0
802	Michael Kelly	ATH	0	60	60.0	4	4	0	3	11	58	29	8	52	26	1.41	7.76	3.91	4.37	4.56	-0.1	0.0	999.0
803	Ryan Zeferjahn	LAA	0	63	63.0	4	4	0	1	13	55	31	9	70	33	1.39	9.95	4.70	4.45	4.58	-0.1	0.0	999.0
804	Chad Green		0	44	44.0	2	3	0	0	0	45	23	8	38	15	1.36	7.76	3.06	4.62	4.77	-0.1	-0.1	999.0
805	Colin Poche		0	30	30.0	2	2	0	0	0	28	15	5	27	13	1.39	8.14	3.99	4.59	4.69	-0.1	-0.1	999.0
806	Kade Strowd	ARI	0	60	60.0	3	3	0	3	12	58	28	7	55	27	1.41	8.25	4.01	4.21	4.27	-0.1	0.2	999.0
807	Cade Gibson	MIA	0	60	60.0	3	4	0	0	12	60	28	7	47	24	1.40	7.00	3.55	4.26	4.48	-0.1	0.1	999.0
808	Zach Agnos	COL	0	50	50.0	2	3	0	0	4	53	28	8	40	20	1.46	7.20	3.63	5.13	4.97	-0.1	-0.1	999.0
809	Drew Smith		0	40	40.0	2	3	0	0	0	38	20	6	40	18	1.39	9.00	4.00	4.56	4.64	-0.1	-0.1	999.0
810	Wikelman González	CHW	0	48	48.0	2	3	0	0	4	46	26	7	46	28	1.53	8.71	5.23	4.96	5.13	-0.2	-0.2	999.0
811	Cole Winn	TEX	0	63	63.0	3	4	0	6	11	60	32	8	54	30	1.43	7.70	4.33	4.64	4.67	-0.3	-0.4	999.0
812	Joel Peguero	SFG	0	64	64.0	3	3	0	6	12	65	31	7	50	27	1.43	7.01	3.77	4.40	4.46	-0.4	-0.2	999.0
813	Cole Henry	WSN	0	64	64.0	2	3	0	16	8	59	35	9	60	35	1.46	8.49	4.88	4.94	5.10	-0.5	-0.5	999.0
